1698274831948209016,Roma Residence | Luxury Suite 305,471105419,1.4701247982138043e+18,Manuel,nan,Cuauhtémoc,19.406572,-99.1630906,Entire home/apt,2066.0,1.0,0,nan,nan,42,365,0,nan
1658865212131971177,Moderno departamento en Bosques,27841247,1.4654108845627377e+18,Montserrat,nan,Cuajimalpa de Morelos,19.392998011939635,-99.26513884216548,Entire home/apt,1484.0,3.0,1,2026-04-25,0.57,37,362,1,nan
1616209527719094417,Departamento Nápoles PH,192297551,1.4631022404039124e+18,Arturo,nan,Benito Juárez,19.38473086715412,-99.18027957718724,Entire home/apt,4508.0,1.0,0,nan,nan,2,181,0,nan
41980075,Habitación King cerca del Pepsi Center (2),245106149,1.4693005167711094e+18,Ruben,nan,Benito Juárez,19.38942,-99.17962,Private room,1825.0,1.0,49,2025-12-21,0.63,5,365,5,nan
44232759,Departamento en excelentes condiciones,315742510,1.4695958898612454e+18,Rick,nan,Miguel Hidalgo,19.46449,-99.19338,Entire home/apt,7418.0,7.0,0,nan,nan,1,365,0,nan
1392075367173263784,Cuarto en edificio Agatha,51316405,1.4658012122149025e+18,Yair,nan,Álvaro Obregón,19.34244,-99.18967,Private room,1370.0,2.0,1,2026-04-30,0.61,1,364,1,nan
42891722,Cómodo loft5, zona de Hospitales,UIC,CU,Canofila,,181652382,1.468753130787226e+18,Dulce,nan,Tlalpan,19.2726,-99.17034,Entire home/apt,407.0,3.0,5,2025-11-01,0.07,9,44,3,nan
1616773658593675682,Casa Médicos/Acogedora Zona de Hospitales,Tlalpan,242299251,1.469286520080612e+18,Lourdes,nan,Tlalpan,19.28785,-99.1613,Entire home/apt,1041.0,7.0,1,2026-04-30,0.61,1,280,1,nan
1663230605157102749,habitación ejecutiva,255436995,1.469349977037014e+18,Rosa,nan,Benito Juárez,19.3969444,-99.1759126,Private room,1530.0,1.0,0,nan,nan,2,364,0,nan
1272457332651359632,Habitación privada frente a Parque Delta.,370912450,1.469750471059262e+18,Victor Miranda,nan,Benito Juárez,19.40225589448344,-99.15493893826512,Private room,831.0,1.0,0,nan,nan,1,354,0,nan
42201652,Cabañita,330629111,1.469635403985128e+18,Liliany Monserratt,nan,Tlalpan,19.20156,-99.15957,Entire home/apt,799.0,1.0,8,2023-12-25,0.12,2,90,0,nan
1463341170218209954,Cabaña en Topilejo,330629111,1.469635403985128e+18,Liliany Monserratt,nan,Tlalpan,19.20365698830749,-99.15703877806664,Entire home/apt,1142.0,1.0,4,2026-04-19,0.53,2,358,4,nan
1467763020657842745,posada de Cortes,385383435,1.4677630214829542e+18,Alx,nan,Coyoacán,19.34608,-99.16056,Shared room,1826.0,1.0,0,nan,nan,1,365,0,nan
1396503965739658499,Habitación privada en Coyoacán,116723457,1.4629101194665144e+18,Cecilia,nan,Coyoacán,19.33475,-99.16036,Private room,1712.0,5.0,0,nan,nan,1,362,0,nan
40037376,Cómodo Loft3,Zona de Hospitales,UIC,CU,Canofila,UV,181652382,1.468753130787226e+18,Dulce,nan,Tlalpan,19.27178,-99.17073,Entire home/apt,415.0,3.0,25,2026-01-23,0.32,9,254,5,nan
1682781410823769622,Depa en CDMX, metro 4 caminos amueblado,1682686631185279513,1.6826870075809812e+18,Bere,nan,Miguel Hidalgo,19.45706,-99.21158,Private room,1513.0,2.0,0,nan,nan,2,337,0,nan
1300177567978652866,ideal para sentirte en casa,334668585,1.4696470720473644e+18,Tere,nan,Miguel Hidalgo,19.45654,-99.21164,Entire home/apt,1028.0,1.0,0,nan,nan,2,319,0,nan
1663849069750261223,Estudio en contenedor zona hospitales y estadio az,34272793,1.4655025831511588e+18,Oscar,nan,Tlalpan,19.291962538465505,-99.1643728073902,Entire home/apt,2527.0,3.0,0,nan,nan,2,365,0,nan
1678395269713394924,Lindo departamento"Juan Rulfo",259224980,1.469369461337545e+18,Carlos Javier,nan,Miguel Hidalgo,19.39803,-99.1854,Shared room,812.0,1.0,4,2026-05-31,3.0,20,365,4,nan
1693089880425432498,Loft a una cuadra del CAS,51551775,1.4658066289946624e+18,Laura,nan,Cuauhtémoc,19.4237478,-99.1680463,Entire home/apt,2156.0,1.0,0,nan,nan,7,345,0,nan
1527945947314722899,Habitación del Bosque,129184344,1.46829593006732e+18,Karla,nan,Miguel Hidalgo,19.40873,-99.18636,Private room,868.0,1.0,37,2026-04-06,4.7,3,111,37,nan
1669028519134819858,Precioso departamento+!,123322830,1.4629246736468413e+18,Victoria,nan,Benito Juárez,19.38735953295811,-99.18202536842368,Entire home/apt,3116.0,2.0,0,nan,nan,3,270,0,nan
1577109330130081476,Alojamiento Práctico y Bien Ubicado,529656647,1.470380297238311e+18,Martha,nan,Miguel Hidalgo,19.39895,-99.18653,Private room,1558.0,1.0,4,2026-02-15,0.67,3,365,4,nan
994488845263640665,Departamento,529656647,1.470380297238311e+18,Martha,nan,Miguel Hidalgo,19.398696391628675,-99.18606287846504,Private room,1674.0,1.0,1,2023-10-29,0.03,3,360,0,nan
1665648236390244644,San Pedrito el bello,547848500,1.4704511377199598e+18,Marly,nan,Milpa Alta,19.200100682638062,-99.05791204422712,Private room,548.0,1.0,0,nan,nan,4,365,0,nan
1044933345113798844,Departamento cdmx especial para 3 personas,548399200,1.470453402744478e+18,Victor Carlos,nan,Gustavo A. Madero,19.5062639693445,-99.11981910467148,Entire home/apt,647.0,3.0,14,2026-06-04,0.47,2,266,11,nan
1594428826474238266,Cama en hostal auditorio,722044787,1.5234467082154007e+18,Pitner,nan,Miguel Hidalgo,19.4272816,-99.1944913,Shared room,320.0,1.0,11,2026-05-06,2.14,7,362,11,nan
1662472080522541750,Room at Unique House in Mexico City,352990293,1.6561769886222372e+18,Jose Luis,nan,Álvaro Obregón,19.35722,-99.20163,Private room,1644.0,1.0,0,nan,nan,2,175,0,nan
1300035626519617975,cuarto de descanso,664422493,1.4706673750777876e+18,Luis,nan,Cuajimalpa de Morelos,19.33462832503557,-99.28587567061186,Private room,358.0,1.0,1,2024-12-19,0.06,2,365,0,nan
1592889526755981865,Cómodo departamento en excelente ubicación,114492371,1.5928895274132506e+18,Julio,nan,Azcapotzalco,19.50063,-99.20256,Entire home/apt,1256.0,1.0,13,2026-06-03,3.28,1,358,13,nan
39586563,Recamara con todos los servicios cerca Santa fe,260260568,1.469375155389992e+18,Lourdes,nan,Álvaro Obregón,19.35448,-99.24584,Private room,685.0,1.0,6,2025-03-28,0.08,2,178,0,nan
1700322646785120753,Depa luminoso a 2 cuadras del hospital ABC,508985605,1.7003226475653274e+18,Sonia,nan,Álvaro Obregón,19.39773,-99.20735,Entire home/apt,1369.0,1.0,0,nan,nan,1,365,0,nan
1686292086564967200,Habitación con acceso independiente,1686291867698349475,1.6862920874147507e+18,Arturo,nan,Cuajimalpa de Morelos,19.388483437765643,-99.26418883116422,Private room,777.0,1.0,1,2026-06-11,1.0,2,362,1,nan
1545363298725636466,The King Suite in Historic Villa Condesa,157629327,1.4685366106804877e+18,Diego,nan,Cuauhtémoc,19.41527,-99.17681,Private room,8415.0,1.0,0,nan,nan,5,154,0,nan
807557135072506762,Depa 10 condesa,10459452,1.462841236355023e+18,Julieta,nan,Cuauhtémoc,19.4168295,-99.1784314,Entire home/apt,1426.0,1.0,155,2026-05-12,3.76,8,41,43,nan
1461722647084400578,Linda y acogedora habitación.,100429275,1.4672061539427674e+18,Iliana,nan,Álvaro Obregón,19.33491,-99.27368,Private room,2000.0,1.0,0,nan,nan,2,365,0,nan
26869842,Departamento completo en la Condesa,46312101,1.4656936281576655e+18,Mariana,nan,Cuauhtémoc,19.41565,-99.17838,Entire home/apt,2131.0,4.0,0,nan,nan,1,358,0,nan
1229732740997346051,Habitación en Roma norte LGBT,591520048,1.4706159572282778e+18,Luis Alberto,nan,Cuauhtémoc,19.4182157,-99.1554664,Private room,641.0,1.0,2,2024-09-09,0.09,2,360,0,nan
912448743996784238,Departamento en el corazón de la Roma,9361904,1.4628121831532575e+18,Isabel,nan,Cuauhtémoc,19.41824167749156,-99.15640535396729,Private room,799.0,1.0,2,2024-06-27,0.08,1,177,0,nan
1236996507659871529,Habitación LGBT muy céntrica en ROMA NORTE,591520048,1.4706159572282778e+18,Luis Alberto,nan,Cuauhtémoc,19.41743124568401,-99.15430117525152,Private room,587.0,1.0,2,2024-09-25,0.09,2,356,0,nan
1705462466631849447,Alojamiento Colonia Juarez,51551775,1.4658066289946624e+18,Laura,nan,Cuauhtémoc,19.4237478,-99.1680463,Entire home/apt,2500.0,2.0,0,nan,nan,7,365,0,nan
866146925711237337,Departamento cerca de todo.,110297592,1.4673340466466685e+18,Jose Roberto,nan,Coyoacán,19.34473087158911,-99.15252193808556,Private room,913.0,1.0,21,2026-03-29,0.74,1,268,10,nan
1510296156797614119,Pequeño loft en el corazón de Coyoacán,3969538,1.5102961574904097e+18,Maria,nan,Coyoacán,19.34873,-99.16069,Entire home/apt,1142.0,1.0,0,nan,nan,1,357,0,nan
1691662588380893433,lindo departamento "hacienda de tacubaya",259224980,1.469369461337545e+18,Carlos Javier,nan,Miguel Hidalgo,19.3987057,-99.1842055,Entire home/apt,795.0,1.0,1,2026-06-16,1.0,20,355,1,nan
1696183401632386570,Architectural/Editorial Studio in Reforma w a view,601697,1.4625231511705787e+18,Josechu,nan,Cuauhtémoc,19.43476,-99.15228,Entire home/apt,1683.0,7.0,0,nan,nan,1,361,0,nan
1307319611059894218,cuarto de descanso,664422493,1.4706673750777876e+18,Luis,nan,Cuajimalpa de Morelos,19.3340818,-99.2860612,Private room,288.0,1.0,1,2025-09-02,0.1,2,365,1,nan
12784158,Colonial stylish flat in San Angel,69576678,1.466861069903174e+18,Marisol,nan,Álvaro Obregón,19.34563,-99.19726,Entire home/apt,1724.0,2.0,28,2018-04-09,0.23,1,364,0,nan
1266796192278730549,Alojamiento céntrico,109276182,1.4673230514225784e+18,Valeria,nan,Coyoacán,19.33816607875273,-99.18589917937648,Private room,628.0,1.0,1,2024-10-22,0.05,1,14,0,nan
42916001,Casa a solo 3 min de CC Santa Fe,323293152,1.463452005822022e+18,Javier,nan,Cuajimalpa de Morelos,19.36439,-99.28323,Private room,1202.0,3.0,0,nan,nan,1,363,0,nan
1612630631690710817,Azul,550252646,1.612630632346751e+18,Aline,nan,Coyoacán,19.3389013,-99.1878532,Private room,868.0,1.0,0,nan,nan,1,364,0,nan
50283304,Suite privada a una cuadra de hospitales.,10730083,1.462575564911375e+18,Israel,nan,Tlalpan,19.28581,-99.15897,Entire home/apt,685.0,3.0,12,2024-04-22,0.2,1,290,0,nan
507289029262650672,Enjoyable 2 bedroom apartament,67744437,1.4627752084195218e+18,Maria Adela,nan,Miguel Hidalgo,19.43654,-99.19623,Entire home/apt,2078.0,3.0,0,nan,nan,9,19,0,nan
1633519695651048338,Loft con perfecta ubicación. Zona Rosa y Roma Roof,687634099,1.4707159395437865e+18,NESST By GDC SA De CV,nan,Cuauhtémoc,19.42179884328551,-99.1647571251035,Entire home/apt,1550.0,1.0,8,2026-06-06,2.5,41,309,8,nan
741557,Business Suite ORANGE near Reforma,3850198,1.4626409743043827e+18,Hermann,nan,Cuauhtémoc,19.43059,-99.17073,Entire home/apt,1515.0,2.0,7,2022-12-05,0.04,6,114,0,nan
873144006273336633,Raíz Condesa · Studio · Home Office & Baño Grande,445287430,1.4700068942734444e+18,Raíz Living,nan,Cuauhtémoc,19.41755853657032,-99.17676116750964,Entire home/apt,7589.0,1.0,63,2026-04-30,1.69,15,365,8,nan
992713569493948091,Espacio Vintage Narvarte,56940938,1.4627358734142254e+18,Frida,nan,Benito Juárez,19.400899097604075,-99.15931563824417,Entire home/apt,1684.0,2.0,48,2026-01-05,1.46,3,345,9,nan
44104769,Habitación completa 5 personas Nopal 1 |Hostal,79895724,1.4669750757705856e+18,Maria Esperanza,nan,Cuauhtémoc,19.431076049804688,-99.16026306152344,Private room,3595.0,1.0,11,2026-05-11,0.2,23,75,5,nan
1629997229904835164,Habitación matrimonial en Polanco con cocineta,369403303,1.469746321357399e+18,Grixs,nan,Miguel Hidalgo,19.43558,-99.19435,Private room,1746.0,1.0,0,nan,nan,25,365,0,nan
1382974926110285928,Cabina DormitorioMapa Polanco 16,510343030,1.4702946517686753e+18,Paloma,nan,Miguel Hidalgo,19.433848,-99.1816242,Private room,569.0,1.0,49,2026-05-28,3.32,39,364,48,nan
644780139133945307,Luxury flat in the most exclusive area,535062567,1.470401063582363e+18,Fer,nan,Miguel Hidalgo,19.44279,-99.20242,Entire home/apt,3300.0,1.0,39,2026-04-12,0.84,6,360,9,nan
986316551899333501,Arquimedes Soft I Comfortable 1BR in Polanco,227002676,1.4692082073847347e+18,Oasis,nan,Miguel Hidalgo,19.43578,-99.19085,Entire home/apt,1833.0,3.0,21,2026-05-17,0.68,46,164,12,nan
1521205994178822984,Prettiest Place in Polanco,10180149,1.4628336705985408e+18,Renee,nan,Miguel Hidalgo,19.4341246,-99.1889908,Entire home/apt,nan,3.0,0,nan,nan,1,364,0,nan
46213803,Depto amueblado p/3 personas 2500 king y sofá mat,374301015,1.4697612228994578e+18,Jose Antonio,nan,Cuauhtémoc,19.4289,-99.16071,Entire home/apt,11412.0,1.0,1,2020-11-15,0.01,1,269,0,nan
1499500191720337875,Flat in the heart of Mexico City,143224389,1.4684123880391944e+18,Fernando Arturo,nan,Cuauhtémoc,19.4282557,-99.148577,Entire home/apt,1290.0,30.0,0,nan,nan,1,89,0,nan
1018964096342771245,Depto. en el corazón de la Roma-Condesa,16610227,1.46259856300936e+18,Daniela,nan,Cuauhtémoc,19.409602604860986,-99.1655919341334,Entire home/apt,2524.0,1.0,13,2026-03-04,0.41,14,355,4,nan
1408654497328864993,Penthouse | Terrace Views & A/C | Steps to Reforma,569838375,1.4705328493825367e+18,Jeremy,nan,Cuauhtémoc,19.4304432,-99.169646,Entire home/apt,2766.0,1.0,53,2026-06-14,3.91,74,312,46,nan
1674754418737791029,Vibrante departamento cerca de Reforma,93316534,1.4671268736525752e+18,Landot Living,nan,Cuauhtémoc,19.4325426,-99.1700654,Entire home/apt,3838.0,2.0,1,2026-05-29,1.0,9,269,1,nan
1085208727668996633,11. Habitación c/Baño Reforma Zona Rosa Roma Nort,106278810,1.4672888695922007e+18,Adrian,nan,Cuauhtémoc,19.42399,-99.1627,Private room,1029.0,1.0,181,2026-05-31,6.35,33,335,69,nan
1706592026421551483,Habitación en el corazón de Polanco,688569327,1.6700407430684984e+18,Tania,nan,Miguel Hidalgo,19.4377025,-99.2013192,Private room,1141.0,1.0,0,nan,nan,1,365,0,nan
42182434,Loft Container Best Location Roma Norte 1st floor,51440298,1.4658041922994578e+18,Mau,nan,Cuauhtémoc,19.42052,-99.1578,Entire home/apt,870.0,2.0,102,2026-05-27,1.92,7,256,14,nan
12953181,Casita Condesa con habitación en magnífica terraza,71173957,1.462794350613421e+18,Diana,nan,Cuauhtémoc,19.41792,-99.17241,Private room,913.0,1.0,118,2026-06-13,0.99,1,315,18,nan
29993117,Departamento Completo a 3 min del Sumaya,220958128,1.4691670724507185e+18,Casa Cono,nan,Miguel Hidalgo,19.44543,-99.20443,Entire home/apt,2603.0,5.0,7,2022-02-27,0.08,6,90,0,nan
1268296437147824418,Condesa 4 Guests | Pool | 3Br,58873114,1.4667071158111951e+18,Alejandro,nan,Cuauhtémoc,19.410839818768423,-99.18136515709342,Entire home/apt,3840.0,1.0,15,2026-06-01,0.9,8,289,12,nan
1593728277095466028,Amazing Loft •Prime location• private terrace,23382111,1.465272540411874e+18,Gerardo,nan,Cuauhtémoc,19.420230859406537,-99.16686940938234,Entire home/apt,1685.0,2.0,12,2026-06-07,2.69,64,308,12,nan
1660302946896225355,Great spot in mexico city,213834349,1.4691183659965783e+18,Melissa,nan,Cuauhtémoc,19.419590004065924,-99.16922067460708,Entire home/apt,2863.0,1.0,0,nan,nan,2,354,0,nan
28684394,Stylish Roma Norte Loft with Private Terrace,187717660,1.4689721611800215e+18,Jamil,nan,Cuauhtémoc,19.41698265075684,-99.15679931640624,Entire home/apt,3262.0,1.0,302,2026-05-29,3.22,11,89,14,nan
571931490131242883,A/C, Amazing Location, 12th floor view, Fast Int.,56434880,1.4659236635655782e+18,Neal,nan,Cuauhtémoc,19.410599,-99.169243,Entire home/apt,4957.0,2.0,107,2026-06-07,2.11,1,188,24,nan
1009793014337762432,Colourful designer apartment La Condesa,543365449,1.47043382595912e+18,Anna,nan,Cuauhtémoc,19.41455946966739,-99.17072627385149,Entire home/apt,6580.0,1.0,59,2026-05-23,1.89,1,348,32,nan
1688001893960449943,Habitación Privada en Concept House Condesa,260042077,1.6878474219423265e+18,Nelly,nan,Cuauhtémoc,19.40499,-99.17084,Private room,1085.0,1.0,3,2026-06-02,3.0,5,342,3,nan
1034864910855290351,Departamento Roma Norte,548573644,1.470454085282027e+18,Cynthia,nan,Cuauhtémoc,19.423329,-99.1606285,Private room,1187.0,3.0,0,nan,nan,2,357,0,nan
15144168,Cozy apartment in La Condesa for 5,90311565,1.4628486094602066e+18,Alec,nan,Cuauhtémoc,19.40939,-99.17972,Entire home/apt,2169.0,2.0,307,2026-05-15,2.68,1,221,30,nan
24893426,Charming Loft in Heart of La Roma, Modern Comfort,187717660,1.4689721611800215e+18,Jamil,nan,Cuauhtémoc,19.41698,-99.1568,Entire home/apt,2858.0,1.0,263,2026-02-09,2.84,11,59,7,nan
1690254352497728444,Myla - Paloma Home - Modern 1BR in Roma North,679607910,1.4639348124756385e+18,Myla,nan,Cuauhtémoc,19.4214571,-99.1704113,Entire home/apt,2893.0,2.0,0,nan,nan,21,353,0,nan
619528095030011048,Chiapas themed room in Casita Roma,27983115,1.4626430004235576e+18,Audrey,nan,Cuauhtémoc,19.41973,-99.16262,Private room,1769.0,2.0,139,2026-05-30,2.8,2,289,35,nan
39743478,Private apartment south of downtown,212455707,1.463188445964221e+18,Carlos Daniel,nan,Xochimilco,19.26506,-99.13303,Entire home/apt,605.0,4.0,39,2026-05-07,0.49,2,31,7,nan
26877939,Estancia cerca AICM/Est.GNP/Autódromo/P. Deportes,202169787,1.4631451331797778e+18,Alex Diaz,nan,Iztapalapa,19.388080510592083,-99.03913892805576,Entire home/apt,515.0,1.0,144,2026-05-30,1.66,1,361,72,nan
16756086,Habitación cómoda y tranquila.,42420697,1.4656307709052685e+18,Anneliese,nan,Miguel Hidalgo,19.39355,-99.24514,Private room,nan,1.0,13,2024-08-26,0.12,2,0,0,nan
33836051,the jungle apartment in Mexico city,14997290,1.4629517618962724e+18,Renata,nan,Miguel Hidalgo,19.40284,-99.17204,Entire home/apt,nan,2.0,1,2019-04-21,0.01,1,0,0,nan
36443095,Rooftop room by Reforma Av.,131087591,1.4629420036076923e+18,Julian Andres,nan,Cuauhtémoc,19.42758,-99.17467,Entire home/apt,820.0,2.0,90,2026-03-07,1.06,6,178,5,nan
41341367,Casa Lucy en Coyoacán con entrada independiente,227144603,1.4692091854199834e+18,Xochitl,nan,Coyoacán,19.34044,-99.15479,Private room,nan,3.0,17,2025-03-07,0.49,2,0,0,nan
54246043,Hermoso departamento en el corazón de la Roma,353320180,1.463513550801453e+18,Clau,nan,Cuauhtémoc,19.41545,-99.15995,Entire home/apt,nan,1.0,120,2025-08-12,2.25,1,0,1,nan
43467963,Beautiful and Cozy 2 floor loft • 2,129481878,1.4682984946771282e+18,Pablo,nan,Miguel Hidalgo,19.3959,-99.24086,Entire home/apt,nan,2.0,3,2024-11-18,0.06,12,0,0,nan
565315662044160736,Lovely 2-bedroom apartment with pool, gym…,68598421,1.4627879846401615e+18,Javier,nan,Miguel Hidalgo,19.43243,-99.21459,Entire home/apt,nan,30.0,0,nan,nan,2,0,0,nan
597206184761316312,Amsterdam cozy apartment,68679674,1.4668493010095112e+18,Diego,nan,Cuauhtémoc,19.41254,-99.16771,Entire home/apt,nan,7.0,3,2022-11-27,0.06,1,0,0,nan
685336127406092982,cómoda habitación 3 camas,88365870,1.46706119868966e+18,Anya,nan,Cuauhtémoc,19.42172,-99.17053,Private room,573.0,1.0,26,2026-06-14,0.57,22,3,17,nan
816919048119336820,Ph4 Departamento en Roma Norte,24366146,1.4652871724926492e+18,Jaime,nan,Cuauhtémoc,19.41418,-99.16266,Entire home/apt,nan,62.0,0,nan,nan,17,364,0,nan
795232465992218555,Great location, pool, rooftop, gym, 24/7 security,453481142,1.4700405526248776e+18,⁨Gabriel (Gafel Rentals)⁩,nan,Cuauhtémoc,19.4099772,-99.1676058,Entire home/apt,3565.0,1.0,109,2026-05-27,2.61,16,298,26,nan
1019100644537569835,Sun filled & Spacious apartment,22768524,1.463187884811129e+18,Andy,nan,Cuauhtémoc,19.41375,-99.16106,Entire home/apt,nan,5.0,0,nan,nan,1,0,0,nan
1044480772448915338,Beautiful loft in Condesa,291184681,1.46951173779879e+18,Ana,nan,Miguel Hidalgo,19.41793,-99.17847,Entire home/apt,nan,2.0,4,2024-02-12,0.13,1,0,0,nan
1221967607946043094,Estudio en Tlatelolco,595828916,1.4706262976457539e+18,Gaby,nan,Cuauhtémoc,19.453992771602675,-99.14037131534424,Entire home/apt,802.0,23.0,6,2025-02-23,0.26,1,89,0,nan
1574039297214556237,Cómodo cerca, Six Flags, Perisur, Estadío Azteca,713319505,1.5740392979670157e+18,Fernando,nan,Tlalpan,19.302271227972,-99.1966224834323,Entire home/apt,nan,180.0,0,nan,nan,2,0,0,nan
1416651913621012982,Studio Central & Modern – Family Friendly P1,517725875,1.4703293048950292e+18,Esther,nan,Cuauhtémoc,19.4214023,-99.1628915,Entire home/apt,nan,2.0,31,2026-05-26,2.21,31,0,24,nan
945046578304282257,Stunning garden house 2 bdr Apt w/ p. terrace,50305161,1.4627159574618993e+18,Host Me Tender,nan,Cuauhtémoc,19.4044753,-99.1708065,Entire home/apt,4002.0,1.0,75,2026-06-04,2.18,96,338,17,nan
1268296679880245216,Modern Spacious & Remodeled Home + 2 Patios + AC,30363016,1.4654467244637356e+18,Linh,nan,Cuauhtémoc,19.40511,-99.1704,Entire home/apt,18416.0,1.0,56,2026-05-31,3.02,3,216,34,nan
1591588328425163200,Small Private Room - Independent Entrance,55971985,1.4659169649895447e+18,Mariela,nan,Cuauhtémoc,19.414382,-99.1595412,Entire home/apt,762.0,5.0,0,nan,nan,2,256,0,nan
1701888746141074075,Elegante Departamento de Lujo con Cocina Gourmet,21135554,1.7018887469278067e+18,Adriana,nan,Benito Juárez,19.38584,-99.16545,Entire home/apt,3994.0,3.0,0,nan,nan,1,363,0,nan
1595155709748092235,Habitación cómoda,491813009,1.463829792778064e+18,Fabiola,nan,Benito Juárez,19.3625338,-99.1542537,Private room,nan,8.0,0,nan,nan,2,365,0,nan
1566001592881424775,Habitación con balcón condesa, el corazón de CDMX,730405675,1.559669142430022e+18,Antonio,nan,Cuauhtémoc,19.41151,-99.1805,Private room,913.0,1.0,7,2026-05-24,1.09,4,365,7,nan
1700480472127879280,Habitación en departamento con gran ubicación,32387741,1.4654755861330542e+18,Patty,nan,Benito Juárez,19.3944877,-99.1813202,Private room,906.0,1.0,0,nan,nan,1,365,0,nan
29959761,Amplia Habitación Cerca de la Condesa-Chapultepec,67251214,1.4627739330746294e+18,Karla,nan,Miguel Hidalgo,19.41523,-99.184,Private room,nan,14.0,18,2026-02-18,0.2,2,264,2,nan
1399397339585823204,Apartamento de una recamara de lujo frente a WTC,666232518,1.4706717032687987e+18,Eduardo,nan,Benito Juárez,19.3928714,-99.1725409,Entire home/apt,8285.0,1.0,0,nan,nan,5,161,0,nan
1366172627688986112,Habitación con baño propio,126962632,1.4629325964906726e+18,Rodolfo,nan,Benito Juárez,19.39244652460687,-99.18552363724324,Private room,298.0,30.0,0,nan,nan,8,319,0,nan
771131521634656402,Polanco Suite Ejecutiva con Cafetera,96433818,1.4628624977694812e+18,Manuel,nan,Miguel Hidalgo,19.43109,-99.18011,Entire home/apt,1457.0,1.0,156,2026-05-23,3.64,13,365,27,nan
1427893434217585567,Departamento D-4 UNAM metro Copilco Coyoacan.,382321734,1.469782902128794e+18,Daniel Antonio,nan,Coyoacán,19.33585898762527,-99.17333085089922,Entire home/apt,745.0,1.0,12,2025-12-01,0.94,7,226,9,nan
1428687536286342752,Chic & Cozy room w/ balcony in Roma Condesa ı 5,46581496,1.4656976769054671e+18,Pedro Enrique,nan,Cuauhtémoc,19.4186426,-99.1741288,Private room,2709.0,2.0,23,2026-04-08,1.92,6,361,23,nan
1699427478087532972,Refugio con AC frente al Zócalo,1698933178693204573,1.6989411273587195e+18,Casa México,nan,Cuauhtémoc,19.4331730196898,-99.1351391806776,Private room,6335.0,1.0,0,nan,nan,12,354,0,nan
1661593528502975784,Cozy Loft on Amsterdam St,651354222,1.4706385672715456e+18,Mexicanato,nan,Cuauhtémoc,19.41368,-99.17104,Entire home/apt,2269.0,1.0,0,nan,nan,4,348,0,nan
1608141254631862850,I2 Habitación individual,346898763,1.463497344384113e+18,Diego,nan,Cuauhtémoc,19.43298431397923,-99.1647182777524,Shared room,465.0,1.0,17,2026-06-07,4.18,26,266,17,nan
1628651358537100015,Habitación frente al Belisario Dominguez - Tezonco,736443254,1.5862154048636685e+18,Guillermo Arce,nan,Iztapalapa,19.30623827400376,-99.06788999519732,Private room,464.0,3.0,0,nan,nan,3,364,0,nan
1641557837918869381,Mini Depa Amsterdam I,99084863,1.4671914765803223e+18,Lulú Montoya,nan,Cuauhtémoc,19.4095918,-99.1718121,Entire home/apt,1141.0,1.0,4,2026-06-04,1.79,9,348,4,nan
37388414,Hospedaje cercano Estadio GNP/Autódromo/AICM,141537783,1.4683985979337935e+18,Arturo,nan,Iztacalco,19.39428,-99.08857,Private room,856.0,1.0,41,2026-05-30,0.51,2,212,34,nan
1253270143661223519,Hola bonita habitación Estadio,652625460,1.4639010125095862e+18,Rulis,nan,Iztacalco,19.396174433458256,-99.0818866342306,Private room,530.0,1.0,39,2026-06-12,1.87,5,351,20,nan
1245832219106370661,mini estancia, 5 cuadras del GNP, Autodromo, aerop,166804229,1.4686162261964247e+18,Nohemi,nan,Iztacalco,19.3954004,-99.0804147,Entire home/apt,1364.0,1.0,29,2026-05-08,1.37,5,357,19,nan
912296673930711231,Habitación cerca del Foro Sol,488131426,1.470196871047298e+18,Leticia,nan,Iztacalco,19.393452776945963,-99.08578388392924,Private room,1283.0,2.0,35,2026-04-27,1.02,3,356,20,nan
833396401816659002,Habitación completa,496618546,1.4638392901947415e+18,Hostal Doña Aurora,nan,Iztapalapa,19.378399406245286,-99.0818316489458,Private room,628.0,1.0,20,2026-02-23,0.62,11,363,6,nan
957507241512206916,Habitación cerca de foro sol,161642589,1.468573257736134e+18,Diego,nan,Iztacalco,19.39673,-99.09413,Private room,2055.0,1.0,22,2026-05-10,0.64,1,362,14,nan
33816608,Rincón acogedor cerca de estadio GNP,173504271,1.4630592135772703e+18,Damaris,nan,Iztacalco,19.39862,-99.09517,Private room,1027.0,1.0,163,2026-05-28,1.89,4,156,39,nan
831033798598149774,Habitación completa,496618546,1.4638392901947415e+18,Hostal Doña Aurora,nan,Iztapalapa,19.378399406245286,-99.0818316489458,Private room,628.0,1.0,18,2026-05-11,0.45,11,365,4,nan
1695014073404575149,Roma Norte 3br 2 baths terrace),482538796,1.47017295030156e+18,Casanevo,nan,Cuauhtémoc,19.414422,-99.1638714,Entire home/apt,4924.0,1.0,1,2026-06-07,1.0,10,344,1,nan
1167750803276840125,Departamento G-7 Coyoacan metro Copilco UNAM,382321734,1.469782902128794e+18,Daniel Antonio,nan,Coyoacán,19.33575,-99.17346,Entire home/apt,815.0,1.0,19,2026-05-30,0.99,7,73,11,nan
1541417868667995009,espacio Narvarte,229289453,1.4692219462829394e+18,Rafael,nan,Benito Juárez,19.394323426463004,-99.16056923568247,Entire home/apt,730.0,1.0,14,2026-05-26,1.91,3,240,14,nan
1606752039126162109,Lovely flat @hipódromo condesa,170425752,1.6067520398476175e+18,Yahel,nan,Cuauhtémoc,19.409081699073987,-99.17454996124935,Entire home/apt,9641.0,5.0,0,nan,nan,1,212,0,nan
800176027594232574,In the heart of Roma Norte!,144911827,1.4684252763789307e+18,Stephanie,nan,Cuauhtémoc,19.41353,-99.16121,Entire home/apt,1460.0,30.0,0,nan,nan,1,364,0,nan
53542596,Habitación individual en Condesa,154989207,1.4685159163198543e+18,Diego,nan,Cuauhtémoc,19.41077,-99.17709,Private room,868.0,25.0,0,nan,nan,1,365,0,nan
1683691962558919745,Juárez ground-floor stay off Roma Norte & Reforma,3340176,1.462529392985817e+18,Eduardo,nan,Cuauhtémoc,19.42675,-99.1566,Entire home/apt,1712.0,1.0,0,nan,nan,2,365,0,nan
1293776830064366652,Iluminado estudio 3,66510852,1.4668218511477955e+18,Marisol,nan,Cuauhtémoc,19.4086346,-99.171567,Entire home/apt,1843.0,1.0,31,2026-05-18,1.63,9,348,20,nan
30315284,Habitación Ciudad Universitaria,44882747,1.4656663020924285e+18,Ilean,nan,Coyoacán,19.33822,-99.18372,Private room,571.0,20.0,0,nan,nan,3,365,0,nan
1687820536515550562,Parcial,514738557,1.687817377748132e+18,Mayra,nan,Miguel Hidalgo,19.40326874282725,-99.1733175131031,Entire home/apt,8559.0,1.0,0,nan,nan,1,357,0,nan
1192264454624466250,Habitación privada, Condesa 303.4,584482041,1.4705981644752517e+18,Fernanda,nan,Cuauhtémoc,19.411121172176244,-99.17688813060522,Private room,1240.0,1.0,49,2026-05-29,2.09,8,365,26,nan
1457481036907730513,Luxury Loft Historic Center - Next to Bellas Artes,245618000,1.469303049838667e+18,Second Home,nan,Cuauhtémoc,19.4345604,-99.1450317,Entire home/apt,1913.0,1.0,197,2026-06-01,18.24,101,107,197,nan
1001384084498547216,Loft único y moderno en la Condesa,272628416,1.4694389689072215e+18,Paul,nan,Cuauhtémoc,19.411688417855306,-99.17781321158624,Entire home/apt,1010.0,2.0,127,2026-05-30,3.93,28,242,42,nan
1686401628910953851,Habitación privada cerca del Hospital Siglo XXI,1653829768132627758,1.6538312577420186e+18,Josefa,nan,Cuauhtémoc,19.403542507603746,-99.15870659906751,Private room,408.0,1.0,0,nan,nan,31,365,0,nan
1246098033960273940,Amplia habitación baño privado,63677292,1.4627538538850982e+18,Brenda,nan,Cuauhtémoc,19.405149284837957,-99.15805835276842,Private room,885.0,2.0,13,2026-05-09,0.62,10,354,6,nan
1607567169136860875,¡LOFT en Reforma moderno e iluminado!,411690754,1.6075671699241572e+18,Sonnja,nan,Cuauhtémoc,19.4326,-99.15414,Entire home/apt,4565.0,1.0,0,nan,nan,1,360,0,nan
1694424498981957133,Lovely apartment in the heart of Mexico City,133339753,1.4879276884215977e+18,Cintia,nan,Cuauhtémoc,19.43457,-99.16839,Entire home/apt,2050.0,3.0,0,nan,nan,1,365,0,nan
565158779426545391,2BR Roma Condesa Near Parks,10764020,1.4625757179326413e+18,Mr. W,nan,Cuauhtémoc,19.419288635253903,-99.17556762695312,Entire home/apt,2169.0,1.0,100,2026-06-10,1.9,157,310,41,nan
1451846033718472361,Habitacion centrica y economica,263742098,1.4693949376530606e+18,Arturo/Elva,nan,Cuauhtémoc,19.42619100567219,-99.13751935368958,Private room,300.0,1.0,51,2026-05-05,4.33,14,349,51,nan
1307626006720790738,Low Cost in Polanco,447270714,1.4637240941745956e+18,Gm Latam,nan,Cuauhtémoc,19.42879,-99.17371,Entire home/apt,1290.0,1.0,17,2026-05-18,1.03,82,356,8,nan
1641553205383810955,Cozy Studio in a great location in La Condesa,485304566,1.4701846948220396e+18,Bernardo,nan,Cuauhtémoc,19.4086284,-99.1715782,Entire home/apt,2250.0,1.0,4,2026-05-10,1.62,5,352,4,nan
1678887407365993535,Estudio Loft en Condesa. Vista Arbolada Mucha Luz,249646430,1.6788874080599398e+18,Raquel,nan,Cuauhtémoc,19.4103755,-99.1751896,Entire home/apt,nan,3.0,0,nan,nan,1,46,0,nan
1688527652527258371,Amplia habitación en hermoso apartamento | Condesa,98063646,1.467180560224277e+18,Andy,nan,Miguel Hidalgo,19.401817,-99.1709539,Private room,819.0,1.0,0,nan,nan,1,365,0,nan
1405829892055200262,Suite privada tele y escritorio.,487170498,1.4701926298999073e+18,Gorezza,nan,Cuauhtémoc,19.43415,-99.1466,Private room,770.0,2.0,0,nan,nan,6,340,0,nan
1548727287869833085,Polanco 4BR Neuchatel | Pool, Jacuzzi, Gym, Antara,127917683,1.462934747075186e+18,Luis Guerrero,nan,Miguel Hidalgo,19.4433547,-99.2012755,Entire home/apt,5190.0,1.0,22,2026-06-12,3.47,59,262,22,nan
1691015353755957335,Beautiful Vintage Condo in the Heart of Condesa,75999380,1.4669328776404006e+18,Juan,nan,Cuauhtémoc,19.4110233,-99.17763,Entire home/apt,2543.0,14.0,0,nan,nan,1,270,0,nan
1613896914317690273,Espacio único a pasos del castillo de Chapultepec,133469638,1.4629474638666632e+18,Ruben,nan,Miguel Hidalgo,19.43016874761402,-99.1739501994736,Entire home/apt,1781.0,2.0,2,2026-02-23,0.5,2,46,2,nan
51734580,A Regina 101. The Beautiful place Historic Center,189582097,1.4689831847023163e+18,Regina,nan,Cuauhtémoc,19.4275,-99.13789,Entire home/apt,1513.0,2.0,175,2026-05-11,2.99,14,326,18,nan
22385203,Historic House Apt w/ A/C | Amazing Location,8961760,1.4625674422169853e+18,Cristy,nan,Cuauhtémoc,19.4123,-99.17315,Entire home/apt,1536.0,1.0,184,2026-03-14,1.78,3,15,9,nan
1519828222108221828,Cuarto económico centro CDMX,263742098,1.4693949376530606e+18,Arturo/Elva,nan,Cuauhtémoc,19.42573,-99.13339,Private room,250.0,1.0,34,2026-05-12,3.95,14,351,34,nan
1707561281393283682,Habitación comoda en Centro Histórico.,670612891,1.4706811137167964e+18,Francisco,nan,Cuauhtémoc,19.419714026602943,-99.13459793413776,Private room,nan,1.0,0,nan,nan,2,365,0,nan
1280656909052658770,EL DOMO jardín en Coyoacán,402645901,1.4698458793819208e+18,Martha Alicia,nan,Coyoacán,19.33759361662664,-99.15686756568157,Entire home/apt,2283.0,2.0,22,2026-03-29,1.2,3,354,12,nan
1681443906159331411,Renta cuarto por mundial cerca Coyoacan yE. Azteca,77004694,1.462818978837526e+18,Cecilia,nan,Coyoacán,19.33972,-99.15372,Private room,555.0,1.0,0,nan,nan,1,365,0,nan
1562514491860350367,Hostal Kahlo- La columna rota.,731035753,1.5625144926003082e+18,Jorge Alberto,nan,Coyoacán,19.3544831,-99.1642539,Private room,1300.0,1.0,4,2026-04-19,0.65,10,198,4,nan
1329216197106208806,JC business 1 Roma,244230249,1.4632827689122245e+18,Joes Cacao,nan,Cuauhtémoc,19.4045478,-99.1626819,Shared room,556.0,1.0,4,2025-09-10,0.25,9,227,1,nan
1647925487376518914,Elegant Urban Studio Retreat,753047165,1.6479254880780467e+18,Santi,nan,Cuauhtémoc,19.42804,-99.16757,Entire home/apt,3018.0,1.0,5,2026-05-31,2.54,1,339,5,nan
1196621348482462687,Blue & Beige Classic Polanco: 2BR with Pool & Gym,5126969,1.4625390607403942e+18,Jose Alfonso,nan,Miguel Hidalgo,19.443571747403784,-99.20457288622856,Entire home/apt,2801.0,1.0,47,2026-06-01,2.15,54,134,37,nan
1569190715461542503,Room Embajada Soumaya,276308401,1.4633650861298424e+18,Daniela Y Roberto,nan,Miguel Hidalgo,19.4401185,-99.2074383,Private room,885.0,1.0,59,2026-06-12,9.27,15,354,59,nan
1309837677432239682,Room Embajada Soumaya,276308401,1.4633650861298424e+18,Daniela Y Roberto,nan,Miguel Hidalgo,19.440093207039325,-99.20739538465575,Private room,845.0,1.0,99,2026-06-10,5.49,15,360,65,nan
1674275948833301985,Modern Condo Steps from Amsterdam | 6 guests,1674272231410732875,1.6742759495776888e+18,Lorena,nan,Cuauhtémoc,19.4147902,-99.1658813,Entire home/apt,4337.0,1.0,3,2026-05-14,2.5,1,363,3,nan
1690028582645582278,Casa Américas Suite 6,585662267,1.470601409373749e+18,Cecilia,nan,Cuauhtémoc,19.421645006418213,-99.16591415927996,Private room,2500.0,1.0,1,2026-06-12,1.0,58,347,1,nan
1229185325309437682,Del valle IV, alojamiento,530680791,1.470384063156249e+18,Nayeli,nan,Benito Juárez,19.37505050084846,-99.15437877301636,Private room,799.0,1.0,19,2026-04-12,0.89,7,328,8,nan
1654235657640086858,2 rooms in pretty, spacious Coyoacán house,33356539,1.4654882279438185e+18,Stephen,nan,Coyoacán,19.34741,-99.16344,Private room,2853.0,2.0,0,nan,nan,1,351,0,nan
18095334,Bright room in spacious apt Condesa,50779451,1.4627175694274954e+18,Aliona,nan,Cuauhtémoc,19.41157,-99.1779,Private room,1170.0,1.0,15,2024-06-30,0.14,3,4,0,nan
1563488120668268309,Casa Aquelarre,731244128,1.5634881212327524e+18,Aquelarre,nan,Cuauhtémoc,19.437951295095832,-99.13681433271265,Entire home/apt,1564.0,2.0,8,2026-04-21,1.26,1,358,8,nan
1703838813652775704,Casa Américas Suite 20,585662267,1.470601409373749e+18,Cecilia,nan,Cuauhtémoc,19.42158,-99.16568,Private room,2320.0,1.0,0,nan,nan,58,350,0,nan
965372495680046318,E. Buen wifi, ubicación perfecta|Private Room,23021265,1.462623563543943e+18,Jesy,nan,Cuauhtémoc,19.4091902,-99.1670111,Private room,2819.0,1.0,38,2025-12-03,1.31,34,331,3,nan
1700896253500511512,Departamento en Planta Baja,142644556,1.468407936673516e+18,Georgina,nan,Benito Juárez,19.397116562078256,-99.15099702274172,Entire home/apt,1267.0,2.0,0,nan,nan,7,260,0,nan
868097290115908253,¡Increíble y moderno loft! 8,61257507,1.4667540076086948e+18,El Parian Wedding & Spa By Ana Serrano,nan,Benito Juárez,19.37652,-99.15922,Entire home/apt,1598.0,2.0,27,2026-06-14,0.72,10,356,11,nan
1371171382950922164,Apartamento confortable frente a hospital 20 nov,117703068,1.462912288844473e+18,Adolfo Ruiz,nan,Benito Juárez,19.37129,-99.17255,Entire home/apt,1541.0,2.0,20,2026-05-14,2.2,11,85,20,nan
4073755,Ekadashi Polanco/4BR/3BA/Embajada EUA & CityB/8PAX,20264437,1.463103020114697e+18,Kika,nan,Miguel Hidalgo,19.437281,-99.212929,Entire home/apt,4750.0,2.0,270,2026-06-05,1.89,1,200,42,nan
1414830952337910424,Stunning Roma House with Beautiful Patio A/C 16PAX,101739009,1.467220913227959e+18,Nat And Dave,nan,Cuauhtémoc,19.419285958740925,-99.161428685296,Entire home/apt,6094.0,2.0,44,2026-05-31,3.38,1,285,42,nan
1376886190697658524,Prettyprettypretty apt Coyoacán,6522855,1.462545998824031e+18,Salvador,nan,Coyoacán,19.3493778,-99.1662766,Entire home/apt,3005.0,1.0,40,2026-01-25,2.7,8,35,31,nan
1340016326956620305,Recámara amueblada,672749604,1.470685398406459e+18,Irving,nan,Benito Juárez,19.3931,-99.15335,Private room,637.0,2.0,20,2026-05-31,1.21,1,331,14,nan
1407483273333047750,Cerca de Centro de convenciones,12130503,1.4625812732916552e+18,Napoles,nan,Benito Juárez,19.3932869,-99.17803,Private room,1369.0,1.0,0,nan,nan,12,287,0,nan
1492399886496506142,Rinconcito independiente y económico cerca de WTC,290843938,1.469510707897656e+18,Eva,nan,Benito Juárez,19.39325,-99.17996,Private room,548.0,1.0,103,2026-06-11,10.4,4,342,103,nan
1658242985905813053,Cómodo depa con vista y balcón,750789326,1.6582429866706097e+18,Daniel,nan,Benito Juárez,19.3773631,-99.1594732,Entire home/apt,1301.0,1.0,1,2026-04-26,0.57,1,364,1,nan
1703672131435582336,Your perfect match to visit Mexico City,1140427,1.4625380539648276e+18,Erick,nan,Cuauhtémoc,19.4199701,-99.1719848,Entire home/apt,1327.0,2.0,0,nan,nan,11,360,0,nan
1682146887702952452,Habitación en el icónico Centro UrbanoMiguelAleman,741148195,1.6019221564969695e+18,Victor Eduardo,nan,Benito Juárez,19.36957,-99.17181,Private room,1028.0,1.0,0,nan,nan,4,363,0,nan
1349413111400325151,Precioso departamento en Anzures,470800231,1.470123384967586e+18,Hector Fernando,nan,Miguel Hidalgo,19.43298,-99.17372,Entire home/apt,1763.0,1.0,4,2026-04-16,0.25,15,365,3,nan
44595805,Suite-Depto. Residencia Arquímedes 33-511,354583163,1.4697086076319432e+18,Ana Rosa,nan,Miguel Hidalgo,19.43056,-99.19087,Entire home/apt,2853.0,2.0,57,2026-06-05,0.96,9,339,5,nan
708124276122887105,Condominio Cerca del Ángel, Excelente WIFI, 3,477157961,1.4701503629792097e+18,Luis Javier,nan,Cuauhtémoc,19.42816,-99.16346,Entire home/apt,1669.0,2.0,125,2026-05-24,2.78,3,329,31,nan
1640749425250528543,Polanco Elegance | 17th floor | Gym, Pool, Lounge,48399736,1.6407494259859594e+18,Jorge,nan,Miguel Hidalgo,19.4433509,-99.2012195,Entire home/apt,4696.0,2.0,9,2026-06-07,3.8,1,343,9,nan
982005971698518096,Tú hogar lejos de casa,122940964,1.4682450800588452e+18,Haidix,nan,Cuauhtémoc,19.4058851,-99.1615689,Private room,514.0,1.0,1,2023-10-14,0.03,1,250,0,nan
1120470952168077492,Cosy Apartment “Maraika”,442392148,1.4699960924095396e+18,Denali,nan,Benito Juárez,19.39227,-99.15662,Entire home/apt,1358.0,2.0,17,2025-05-07,0.65,1,224,0,nan
1699464198281343654,Lindo Departamento 2 habitaciones Reforma Ángel,365317802,1.4697353570503496e+18,Jessica,nan,Cuauhtémoc,19.42929,-99.17012,Entire home/apt,2750.0,1.0,0,nan,nan,6,106,0,nan
1639597985828830500,hospeje en departamento muy tranquilo sin ruido.,537801966,1.4638709738273165e+18,Brenda,nan,Benito Juárez,19.37899970837911,-99.17014069855212,Private room,610.0,1.0,5,2026-04-12,1.6,3,351,5,nan
44656620,Habitación privada en hermoso departamento,245678799,1.4693033323468214e+18,Thalia,nan,Benito Juárez,19.38036,-99.18095,Private room,891.0,2.0,0,nan,nan,1,173,0,nan
1612904730582734819,Lindo cuarto en Casa muy amplia.,342510087,1.4696740214010388e+18,Joao Paulo,nan,Benito Juárez,19.37866,-99.18587,Private room,2169.0,1.0,0,nan,nan,8,365,0,nan
1607569427239372435,Habitación en Torre en Letrán Valle,549510970,1.6075694278747428e+18,Andrea,nan,Benito Juárez,19.377564488177335,-99.15889635068469,Private room,1558.0,1.0,1,2026-03-06,0.29,1,179,1,nan
1422775763501061141,03 casa Roma,695939267,1.4707335497752297e+18,Camila,nan,Cuauhtémoc,19.40527,-99.15793,Private room,620.0,1.0,3,2025-06-30,0.24,2,350,2,nan
1460203259106281983,Departamento Condesa 8,10459452,1.462841236355023e+18,Julieta,nan,Cuauhtémoc,19.4168295,-99.1784314,Entire home/apt,1198.0,1.0,75,2026-05-24,6.68,8,302,75,nan
1500206672998088636,Comoda Casa en la Ciudad de México,205778109,1.4690733649647048e+18,Espe,nan,Iztapalapa,19.3501939,-99.0624216,Entire home/apt,1313.0,2.0,15,2026-05-10,1.64,2,206,15,nan
1193114220546916209,Cómodo Departamento a Estrenar,249788980,1.4693241439134656e+18,Juan,nan,Benito Juárez,19.3751507,-99.1722123,Entire home/apt,1518.0,2.0,58,2026-05-31,2.5,6,363,19,nan
918781199587108798,Beautiful Apartment. Condesa next to the Park.,439765669,1.4699858195688573e+18,Bertha,nan,Cuauhtémoc,19.41577,-99.17215,Entire home/apt,2968.0,1.0,107,2026-05-30,3.1,2,288,46,nan
45533108,LOFT 5 CONDESA,10459452,1.462841236355023e+18,Julieta,nan,Cuauhtémoc,19.416824,-99.178436,Entire home/apt,1142.0,1.0,120,2026-05-25,1.72,8,295,27,nan
1684228958472102449,Lovely room in Condesa for the 2026 World Cup,342510087,1.4696740214010388e+18,Joao Paulo,nan,Miguel Hidalgo,19.4065478,-99.1810451,Private room,2123.0,1.0,0,nan,nan,8,365,0,nan
1392103579676633203,Habitación individual,383510435,1.4697863659541312e+18,Jonathan,nan,Benito Juárez,19.39827,-99.15776,Private room,799.0,1.0,44,2026-05-20,3.07,5,324,42,nan
1674650311860703962,Moon Suite Condesa. Descansó máximo en CDMX,465847865,1.470099881826676e+18,Evander,nan,Cuauhtémoc,19.40403811620356,-99.17003878684132,Private room,102878.0,1.0,4,2026-05-21,2.61,9,365,4,nan
49630657,"Para que no extrañes tú casa",400308409,1.4698382274761846e+18,Arturo,nan,Gustavo A. Madero,19.49,-99.13491,Entire home/apt,440.0,1.0,197,2026-06-07,3.21,1,156,51,nan
1632006170170605295,Private Room in Condesa Penthouse with 360 views.,131112295,1.632006170923786e+18,Alicia,nan,Cuauhtémoc,19.408562807645986,-99.17919666991456,Private room,6848.0,1.0,0,nan,nan,1,112,0,nan
1511223943858552674,Amsterdam / Condesa / 2BR/1BA /Top floor,355750680,1.4697104056881247e+18,Mexican Homes,nan,Cuauhtémoc,19.4094001,-99.1692474,Entire home/apt,2733.0,1.0,21,2026-05-30,2.67,17,361,21,nan
1705343125830182699,TaniaRoom en Casa Pitagoras918,151960705,1.7010907995070141e+18,Don,nan,Benito Juárez,19.38598202790119,-99.15989380559736,Private room,634.0,1.0,0,nan,nan,4,344,0,nan
1490024283567181994,Hospedaje GNP & Autódromo,93234673,1.490012602865645e+18,Diego,nan,Iztapalapa,19.39069,-99.08432,Entire home/apt,1306.0,1.0,59,2026-06-01,5.94,1,327,59,nan
13653458,LOFT PH. ZONA POLANCO/LOMAS  "PH02-C",47665322,1.465719732117557e+18,Yemile,nan,Miguel Hidalgo,19.433685,-99.212067,Entire home/apt,1233.0,1.0,443,2026-05-30,3.68,9,357,34,nan
1565625396202474075,Depa moderno con amenidades top cerca de Carso,512119796,1.5656253969584003e+18,Julian,nan,Miguel Hidalgo,19.4450626,-99.2033181,Entire home/apt,2670.0,2.0,6,2026-04-27,0.98,1,46,6,nan
1373577312428468636,Departamento Coyoacán,683427789,1.4707071059917806e+18,Pilar,nan,Coyoacán,19.34112,-99.16262,Entire home/apt,1142.0,1.0,1,2025-03-17,0.07,1,364,0,nan
1282326471141943495,Superior | OYO Hotel Terraza 158,122175936,1.4682392855098788e+18,Laura - BELVILLA,nan,Miguel Hidalgo,19.42927,-99.18009,Private room,2352.0,1.0,9,2026-02-23,0.49,12,321,1,nan
1376505786962187763,Cabina Dormitorio MaPa Polanco 4,510343030,1.4702946517686753e+18,Paloma,nan,Miguel Hidalgo,19.433848,-99.1816242,Private room,513.0,1.0,26,2026-05-30,1.71,39,361,25,nan
1050683495577724664,3. Habitación Doble céntrica: Cerca de Reforma,98913644,1.4671887512652708e+18,Ana Belen,nan,Cuauhtémoc,19.43603918045099,-99.16196063160896,Private room,628.0,2.0,36,2026-06-13,1.2,1,252,11,nan
892733326323429388,Private room: Work & Relax in Prime Location,515047897,1.4703168807685583e+18,Julia,nan,Miguel Hidalgo,19.42886022048251,-99.17875247154012,Private room,810.0,7.0,1,2024-02-01,0.03,4,174,0,nan
1662038088679478104,Casa Girasoles,756496326,1.6620380893524424e+18,Arturo,nan,Gustavo A. Madero,19.51935,-99.13053,Entire home/apt,750.0,1.0,6,2026-05-24,3.75,1,172,6,nan
1121173064262748638,Park Life - Departamento ejecutivo en Masaryk,568951498,1.4705300768654815e+18,Juan Manuel,nan,Miguel Hidalgo,19.4317,-99.19004,Entire home/apt,3570.0,1.0,5,2025-10-29,0.19,4,340,1,nan
1490793965932598017,Loft con estilo en Condesa. Iluminado. Autoentrada,23021265,1.462623563543943e+18,Jesy,nan,Cuauhtémoc,19.4070524,-99.1730444,Entire home/apt,1274.0,1.0,6,2026-06-01,0.65,34,340,6,nan
1051715348642918854,3-Bedroom Apartment, Condesa,35255741,1.4626680906639173e+18,Juan,nan,Cuauhtémoc,19.4082992,-99.1787312,Entire home/apt,3048.0,1.0,139,2026-05-26,4.61,26,354,54,nan
1491388069367943717,Departamento cerca Foro Sol,356929042,1.469713602117324e+18,Diana,nan,Iztacalco,19.38564,-99.09944,Entire home/apt,2055.0,1.0,9,2026-05-10,1.15,2,344,9,nan
48866393,Room in Condesa. Private bathroom. Subway 1 block,116314877,1.4681929023366433e+18,Rebeca,nan,Miguel Hidalgo,19.40654,-99.18056,Private room,729.0,2.0,85,2026-05-23,1.35,1,278,16,nan
638216419361679463,3 Condesa To Live 1 bedroom,42700394,1.465634368381106e+18,Hugo Brauer,nan,Cuauhtémoc,19.40863,-99.18145,Entire home/apt,1599.0,1.0,171,2026-06-09,3.6,37,196,53,nan
1037891230122401143,Boutique Mansion Room · Hammocks & Terrace Polanco,186366236,1.4630881858769956e+18,Matt,nan,Miguel Hidalgo,19.43465,-99.17914,Private room,1200.0,1.0,152,2026-06-10,4.96,6,345,57,nan
1050952563158963810,Encantador cuarto, baño, terraza,149733114,1.46846349797954e+18,Ana,nan,Cuauhtémoc,19.4191803,-99.175186,Private room,1655.0,1.0,9,2025-11-08,0.32,1,268,5,nan
1275512117583277519,Habitación completa,496618546,1.4638392901947415e+18,Hostal Doña Aurora,nan,Iztapalapa,19.378399406245286,-99.0818316489458,Private room,651.0,1.0,3,2026-05-11,0.16,11,365,2,nan
1469854718969750828,Departamento 4 pers, Norte CDMX,275589472,1.4694536515561467e+18,Alfredo,nan,Gustavo A. Madero,19.497523758350784,-99.08445370422972,Entire home/apt,672.0,2.0,12,2026-04-27,1.16,2,353,12,nan
1700843354407592891,Increíble departamento en la Condesa,398876354,1.7008433552313334e+18,Javier,nan,Cuauhtémoc,19.4101525,-99.1695347,Entire home/apt,3025.0,1.0,0,nan,nan,1,365,0,nan
562601146220686524,Top View Reforma Studio | Balcony | Gym,10764020,1.4625757179326413e+18,Mr. W,nan,Cuauhtémoc,19.422447204589844,-99.1700668334961,Entire home/apt,2492.0,1.0,50,2026-05-02,0.95,157,325,6,nan
1274840442533714522,The Grand Residence Polanco Retreat | Isabella,127205373,1.4682792703379167e+18,Viadora MX,nan,Miguel Hidalgo,19.434246528978605,-99.19039737116394,Entire home/apt,10175.0,1.0,30,2026-05-26,1.61,17,117,17,nan
1618360543220456702,Habitación cerca del metro Tezonco - No 312,736443254,1.5862154048636685e+18,Guillermo Arce,nan,Iztapalapa,19.30769,-99.06783,Private room,354.0,3.0,0,nan,nan,3,356,0,nan
36772701,Loft privado en residencial,179877983,1.4687367985539914e+18,Georgina,nan,Gustavo A. Madero,19.50913,-99.14697,Private room,525.0,2.0,9,2026-01-16,0.11,2,350,4,nan
1701619985013911733,Hidden Gem Cuauhtémoc,287853035,1.4695008697549798e+18,Fatima,nan,Cuauhtémoc,19.428680153321856,-99.17003106325863,Entire home/apt,1678.0,2.0,0,nan,nan,2,344,0,nan
11507601,The top  address for groups on Reforma Avenue,35406862,1.4626686073303327e+18,Thor,nan,Cuauhtémoc,19.42543,-99.17176,Hotel room,11022.0,1.0,2,2018-05-27,0.02,17,365,0,nan
1674952809148841784,Habitación cómoda y céntrica,1674880336142478572,1.674881549897511e+18,Hotel Del Angel,nan,Cuauhtémoc,19.4283667,-99.1687935,Private room,2800.0,1.0,4,2026-05-30,3.08,25,195,4,nan
43070174,Habitación céntrica acogedora, sin restricciones.,333686110,1.469644060029794e+18,Gastelum.Lara,nan,Cuauhtémoc,19.4367,-99.16869,Private room,999.0,2.0,2,2021-05-24,0.03,1,89,0,nan
745074773656235490,Charming 1BR Apt. Carso Polanco w/Pool & Gym,5126969,1.4625390607403942e+18,Jose Alfonso,nan,Miguel Hidalgo,19.4435717,-99.204573,Entire home/apt,9187.0,1.0,53,2026-02-21,1.22,54,88,8,nan
1528337449736633175,R1 individual,513191084,1.470308215361536e+18,Diego,nan,Cuauhtémoc,19.4318098,-99.1676561,Private room,534.0,1.0,43,2026-06-08,5.33,10,350,43,nan
1382966686363086188,Cabina DormitorioMapa Polanco 13,510343030,1.4702946517686753e+18,Paloma,nan,Miguel Hidalgo,19.433848,-99.1816242,Private room,512.0,1.0,80,2026-05-31,5.38,39,362,73,nan
7143964,Landmark apartment in Mexico City,37411250,1.465559892402652e+18,Claudia,nan,Cuauhtémoc,19.42762,-99.15173,Entire home/apt,3424.0,1.0,4,2017-11-20,0.03,2,197,0,nan
1628317990361665064,Se renta recámara para mujer,64929296,1.6283179912229916e+18,Daniela,nan,Benito Juárez,19.401711174576228,-99.15781307947812,Private room,10271.0,1.0,0,nan,nan,1,365,0,nan
1664774545215409421,Pequeño alojamiento, muy bien ubicado.,41110070,1.6647745460764065e+18,Gabriela,nan,Miguel Hidalgo,19.43142,-99.18996,Entire home/apt,1370.0,2.0,2,2026-06-05,2.0,1,54,2,nan
568996087707315976,Amazing Studio Apartment | Balcony | Gym,10764020,1.4625757179326413e+18,Mr. W,nan,Cuauhtémoc,19.422447204589844,-99.1700668334961,Entire home/apt,2162.0,1.0,47,2026-05-31,1.06,157,347,24,nan
9715507,Cosy Bedroom near Reforma,33507575,1.4654901986622141e+18,Anne,nan,Cuauhtémoc,19.43382,-99.16694,Private room,602.0,1.0,0,nan,nan,1,365,0,nan
1708012553008578363,Casa Schultz | A pasos de Reforma | San Rafael,184048333,1.468951236364174e+18,Mary Chuy,nan,Cuauhtémoc,19.4360107,-99.1609741,Entire home/apt,1395.0,1.0,0,nan,nan,1,364,0,nan
33050196,Industrial CHIC new apt 2 BR/ New Polanco,4296667,1.462652977911283e+18,Hosteando,nan,Miguel Hidalgo,19.44585,-99.20408,Entire home/apt,3100.0,1.0,137,2026-06-03,1.56,15,340,34,nan
1550327499736492836,Acueducto, ticoman, Politecnico,722557554,1.5257347393201736e+18,Humberto,nan,Gustavo A. Madero,19.50469,-99.12617,Private room,416.0,1.0,8,2026-05-26,1.17,6,319,8,nan
980703176065718878,Room with a view in Condesa,447270714,1.4637240941745956e+18,Gm Latam,nan,Cuauhtémoc,19.41115,-99.1751,Private room,589.0,2.0,44,2026-05-07,1.35,82,325,10,nan
1384458056605193533,Depto Lago Zurich zona Plaza Carso.,686209512,1.4707129031880494e+18,Juan,nan,Miguel Hidalgo,19.445,-99.2025,Entire home/apt,2796.0,2.0,4,2025-11-03,0.28,1,166,2,nan
713221634981371256,Impresionante Penthouse super ubicado con terraza,478992949,1.4701578602142902e+18,Margarita,nan,Benito Juárez,19.37616,-99.17017,Entire home/apt,2824.0,1.0,144,2026-05-31,3.16,1,121,41,nan
51884538,Increíble y moderno loft en col del Valle. 2,61257507,1.4667540076086948e+18,El Parian Wedding & Spa By Ana Serrano,nan,Benito Juárez,19.37861,-99.15804,Entire home/apt,2112.0,2.0,82,2026-06-07,1.4,10,359,6,nan
1481638617995459908,Quiet apartment in la Condesa,495047012,1.470228254256143e+18,GM Rentals,nan,Cuauhtémoc,19.4069897,-99.1726709,Entire home/apt,1713.0,1.0,3,2026-04-18,0.33,33,365,3,nan
1224044000163075726,Caliza Roma | Cozy Residence w/Walking Balcony,526046789,1.4703659552973115e+18,Tasman,nan,Cuauhtémoc,19.4225291,-99.1624592,Entire home/apt,4444.0,1.0,29,2026-05-20,1.44,9,311,17,nan
1184051752569881475,Acogedora Habitación,202714576,1.4690578073918556e+18,Liz,nan,Gustavo A. Madero,19.4946089,-99.0932499,Private room,559.0,1.0,0,nan,nan,3,365,0,nan
920552941055573297,NEW Mexico City Condo, UAM,265236995,1.4694031199806712e+18,Bryan,nan,Iztapalapa,19.35059,-99.07481,Entire home/apt,1654.0,2.0,42,2026-05-12,1.28,1,269,20,nan
1184107079176155524,Habitación Acogedora,202714576,1.4690578073918556e+18,Liz,nan,Gustavo A. Madero,19.4946089,-99.0932499,Private room,585.0,1.0,0,nan,nan,3,363,0,nan
1704059310972013759,Habitación con cama Matrimonial - Room (CAM),516402262,1.5842669574292557e+18,Camila,nan,Benito Juárez,19.402248376775987,-99.13944125662351,Private room,658.0,1.0,1,2026-06-14,1.0,2,358,1,nan
1117903684742094628,Exquisite Luxury Retreat Polanco,94889950,1.4628589200132997e+18,Chris,nan,Miguel Hidalgo,19.4335591,-99.18682,Entire home/apt,2584.0,2.0,67,2026-05-30,2.96,41,161,34,nan
1152305473211269251,Park Narvarte,513941214,1.4703116865063808e+18,Juan Manuel,nan,Benito Juárez,19.4005188,-99.1502841,Entire home/apt,2282.0,1.0,44,2026-05-24,1.73,1,327,11,nan
1684383089685264530,Moderno Depa con King Bed,32414666,1.6843830905383862e+18,Raul,nan,Benito Juárez,19.3775,-99.17924,Entire home/apt,2283.0,1.0,0,nan,nan,1,191,0,nan
1614576834772513405,Alojamiento luminoso cerca del Centro de Coyoacán,723177895,1.5283360021628196e+18,Lino Hurtado,nan,Coyoacán,19.35524,-99.16585,Private room,2009.0,1.0,0,nan,nan,8,351,0,nan
1695162937902203236,Cozy Apartment in Colonia del Valle, CDMX,245804053,1.695162938517121e+18,Nicolas,nan,Benito Juárez,19.3805905,-99.168662,Entire home/apt,6300.0,1.0,0,nan,nan,1,327,0,nan
1647410863224910625,Habitación luminosa en Del Valle, Cdmx,189243906,1.6474108639925622e+18,Francesca,nan,Benito Juárez,19.38041,-99.16462,Private room,439.0,1.0,0,nan,nan,1,358,0,nan
1655969092998359525,Departamento amueblado Gustavo A. Madero,755147166,1.6559690937725658e+18,Carlos,nan,Gustavo A. Madero,19.49012,-99.09449,Entire home/apt,1883.0,1.0,3,2026-05-17,1.53,1,365,3,nan
851756267719229419,Beautiful loft in the heart of condesa,78927516,1.4669656668925542e+18,Gael,nan,Cuauhtémoc,19.4102126,-99.1733475,Entire home/apt,1350.0,2.0,64,2026-05-12,2.9,1,351,36,nan
1434180850567893699,Quédate céntric@ y segur@,37633244,1.465563367205211e+18,Maca,nan,Benito Juárez,19.38220233746747,-99.18698958879776,Private room,nan,1.0,0,nan,nan,1,365,0,nan
1649310101687995574,Cómodo departamento a 2 minutos del ángel,278609948,1.6493101023870584e+18,Luis,nan,Cuauhtémoc,19.42899887263928,-99.17049273848534,Private room,1712.0,1.0,0,nan,nan,1,365,0,nan
1156492375506866989,Guadalquivir 1br,351979426,1.4697026167251535e+18,Lorena,nan,Cuauhtémoc,19.42804587447541,-99.16928339625832,Entire home/apt,nan,1.0,0,nan,nan,1,269,0,nan
837776069737400131,Luminoso y Fresco departamento,145710332,1.468431693945245e+18,Ivonne,nan,Cuauhtémoc,19.428247513818285,-99.16972589722351,Entire home/apt,nan,1.0,0,nan,nan,1,164,0,nan
1426243622912472916,Corazon de CDMX. Amplio, Comodo. Parques & Cafes,54559038,1.465889408236104e+18,Carlos,nan,Benito Juárez,19.38286587645011,-99.16836977005003,Entire home/apt,1675.0,2.0,32,2026-05-31,2.47,4,268,29,nan
1112723398840327339,Instancia tranquila y acogedora. Solo fin de seman,399250008,1.469834804944108e+18,Paola,nan,Cuauhtémoc,19.429180990426374,-99.17121257632972,Private room,695.0,1.0,0,nan,nan,1,269,0,nan
46399363,Grand Apt Next to Parque México| B/Center+24/7 SEC,375454819,1.4697645109133176e+18,ULIV Parque México,nan,Cuauhtémoc,19.412867,-99.171227,Entire home/apt,4242.0,1.0,335,2026-06-11,4.94,14,356,36,nan
1205916318420881497,Casa descanso viernes-domingo,501730238,1.4702560757561446e+18,José Luis,nan,Cuajimalpa de Morelos,19.3218218608383,-99.32089895009996,Entire home/apt,9130.0,1.0,0,nan,nan,1,365,0,nan
1580431761925437082,Habitación para dos personas en Sn Pedro Zacatenco,207517185,1.4690826045250048e+18,Daniel,nan,Gustavo A. Madero,19.50564391150675,-99.12030056118964,Private room,571.0,1.0,0,nan,nan,2,364,0,nan
1686035379368485928,Cozy Room,264537133,1.5028712363748588e+18,Aaron,nan,Gustavo A. Madero,19.5166574,-99.1300522,Private room,571.0,1.0,1,2026-06-15,1.0,3,365,1,nan
1308861318688855644,0102 Bella Habitación matrimonial por Reforma 222,66387078,1.4627716669720095e+18,Iker,nan,Cuauhtémoc,19.43163304253949,-99.16290348455637,Private room,639.0,1.0,54,2026-05-29,2.97,39,351,23,nan
1613310063825000828,Roma Norte Town House,1519027,1.4625586816729836e+18,Arjun,nan,Cuauhtémoc,19.42383,-99.15908,Entire home/apt,5136.0,1.0,0,nan,nan,1,11,0,nan
1593055649468399969,IPN Zacatenco, Acueducto,722557554,1.5257347393201736e+18,Humberto,nan,Gustavo A. Madero,19.50482,-99.12452,Private room,456.0,1.0,4,2026-06-14,3.08,6,365,4,nan
24982412,Iluminado y silencioso,2337914,1.462592400088996e+18,Enrique,nan,Cuauhtémoc,19.4311,-99.16464,Entire home/apt,2806.0,2.0,1,2019-11-26,0.01,7,164,0,nan
794831222094362517,Hermosas habitaciones amuebladas,103289721,1.467240196831047e+18,Pilar,nan,Cuauhtémoc,19.42674259669265,-99.16669136109292,Private room,970.0,2.0,1,2023-02-19,0.02,2,361,0,nan
1364602783109190686,Departamento en Centro Histórico,254619467,1.4693481462893696e+18,Mario Alberto,nan,Cuauhtémoc,19.43478,-99.14621,Entire home/apt,2320.0,1.0,0,nan,nan,1,361,0,nan
1704696367545115571,Loft con balcón cerca al Angel de la Independ.,711610229,1.7046963683045386e+18,Damián,nan,Cuauhtémoc,19.43166805733516,-99.16359976886318,Entire home/apt,1857.0,1.0,0,nan,nan,1,87,0,nan
879766781839537594,Vista espectacular Condesa,405502971,1.4698556504034632e+18,Jorge,nan,Cuauhtémoc,19.4099772,-99.1676058,Entire home/apt,5259.0,1.0,94,2026-06-02,2.51,1,285,40,nan
1593069181550317352,IPN, cinvestav, Ticoman,722557554,1.5257347393201736e+18,Humberto,nan,Gustavo A. Madero,19.50303,-99.12661,Private room,570.0,1.0,1,2026-05-08,0.75,6,364,1,nan
1244966377414528574,Beautifully Set Apt | Patio+2 Terr w/Amazing View,484015207,1.470179198554408e+18,Poe Uliv,nan,Miguel Hidalgo,19.4356307,-99.1998106,Entire home/apt,5916.0,1.0,0,nan,nan,8,348,0,nan
1492899227764485253,Condesa 5 estrellas,538066781,1.4704132197893507e+18,Olivia,nan,Cuauhtémoc,19.4079776,-99.1693662,Entire home/apt,3378.0,1.0,20,2026-05-31,2.06,1,308,20,nan
1695856648015297992,Habitación a pasos del Ángel de la Independencia,54001715,1.635168667624359e+18,Catalina,nan,Cuauhtémoc,19.43021,-99.1674,Private room,776.0,1.0,0,nan,nan,1,175,0,nan
1691522638592472854,Casa Américas Suite 3,585662267,1.470601409373749e+18,Cecilia,nan,Cuauhtémoc,19.42143,-99.16601,Private room,nan,1.0,1,2026-06-13,1.0,58,0,1,nan
1322438579106987769,Habitación en zona residencial.,401633906,1.4698424558286756e+18,Jesús Yizuael,nan,Iztapalapa,19.32861,-99.0925,Private room,1085.0,1.0,0,nan,nan,1,365,0,nan
1015957215237593577,Departamento en Roma Norte,16192208,1.4629807243680356e+18,Francisco Amós,nan,Cuauhtémoc,19.419982650911724,-99.16251209545597,Entire home/apt,3547.0,2.0,17,2026-06-10,0.57,4,86,11,nan
45447773,Suites Havre-Departamento Jr Exterior,2281290,1.4625232866061222e+18,Suites Havre,nan,Cuauhtémoc,19.4264,-99.16106,Entire home/apt,962.0,1.0,228,2026-03-13,3.26,22,165,10,nan
45225995,DEPA 7,10459452,1.462841236355023e+18,Julieta,nan,Cuauhtémoc,19.416824,-99.178436,Entire home/apt,2340.0,1.0,203,2026-06-05,2.94,8,340,36,nan
1562511173417079705,NEW | Modern Penthouse Balcony City View | Condesa,729928499,1.5575077071464215e+18,EMA Condesa,nan,Cuauhtémoc,19.4072438,-99.1743099,Entire home/apt,6403.0,1.0,0,nan,nan,19,56,0,nan
1571937300476211240,Loft excelente ubicación en la Roma,520669985,1.4703428503145175e+18,Maria Victoria,nan,Cuauhtémoc,19.4213113,-99.1716495,Entire home/apt,1374.0,2.0,4,2026-05-06,0.65,10,362,4,nan
795828822992878738,Alojamiento entero Terraza  8 personas Condesa,160012561,1.4685568470056108e+18,Marcela,nan,Cuauhtémoc,19.41357,-99.17519,Entire home/apt,3881.0,2.0,4,2026-02-25,0.2,7,335,2,nan
40368013,DEPARTAMENTO*****NUEVO AMUEBLADO CERCA PLAZA CARSO,151826441,1.4684905434619272e+18,Azucena,nan,Miguel Hidalgo,19.44149,-99.20296,Entire home/apt,2283.0,1.0,2,2020-03-03,0.03,1,256,0,nan
1658681697851691794,Apt lujoso de 3 habitaciones frente a Miyana,14864989,1.4629487274396147e+18,Ariel,nan,Miguel Hidalgo,19.44218,-99.20106,Entire home/apt,5136.0,1.0,0,nan,nan,1,364,0,nan
1705512154395763896,Mi casa es su casa amigos,369964731,1.6982900437573394e+18,Marco,nan,Miguel Hidalgo,19.43854,-99.21269,Entire home/apt,1353.0,1.0,0,nan,nan,1,365,0,nan
1701749243776912779,Elegant Artsy Independent Studio,114003160,1.701749244570285e+18,Jimena,nan,Cuauhtémoc,19.41117,-99.16972,Entire home/apt,1575.0,1.0,0,nan,nan,1,358,0,nan
1603315455246299579,Polanco 3BR Neuchatel | Pool, Jacuzzi, Gym Antara,127917683,1.462934747075186e+18,Luis Guerrero,nan,Miguel Hidalgo,19.4433547,-99.2012755,Entire home/apt,3875.0,1.0,4,2026-05-05,0.94,59,326,4,nan
1577107207818403799,Stay in Polanco | Pool + Gym, Plaza Carso, Soumaya,127917683,1.462934747075186e+18,Luis Guerrero,nan,Miguel Hidalgo,19.4437386298903,-99.20495387368013,Entire home/apt,3418.0,1.0,6,2026-06-09,1.86,59,353,6,nan
51105581,Cozy room close to Coyoacán,413531768,1.469883452584953e+18,Myriam Gabriela,nan,Benito Juárez,19.36839,-99.16912,Private room,457.0,1.0,0,nan,nan,1,309,0,nan
620142704824849593,Dpa 1 Condesa,10459452,1.462841236355023e+18,Julieta,nan,Cuauhtémoc,19.41591,-99.17866,Entire home/apt,1769.0,1.0,182,2026-05-19,3.64,8,339,27,nan
1413843025498090083,Cozy  Loft amoblado en Roma sur,397921788,1.4688152282377592e+18,Linda,nan,Cuauhtémoc,19.4029,-99.1626,Entire home/apt,nan,1.0,0,nan,nan,1,87,0,nan
1452573416629499940,02 casa Roma,695939267,1.4707335497752297e+18,Camila,nan,Cuauhtémoc,19.4042414,-99.1588153,Private room,798.0,1.0,0,nan,nan,2,365,0,nan
1686481414269851782,Habitación KING cerca del Hospital Siglo XXI,1653829768132627758,1.6538312577420186e+18,Josefa,nan,Cuauhtémoc,19.404602227242112,-99.158522031839,Private room,459.0,1.0,3,2026-06-09,3.0,31,365,3,nan
1168178426930006994,Depa Narvarte pet friendly,49887854,1.4657621046434678e+18,Liliana Grisel,nan,Benito Juárez,19.379230270493476,-99.15230333805084,Entire home/apt,4280.0,1.0,0,nan,nan,1,269,0,nan
46066042,Cozy & New 2 BR Apartment,354169469,1.4697079583607885e+18,María,nan,Benito Juárez,19.39296,-99.15349,Entire home/apt,2283.0,2.0,120,2026-06-13,1.76,6,141,33,nan
1637127328822980720,FIFA world cup 2026 hospedaje,158112522,1.6371273296059853e+18,Pilar,nan,Benito Juárez,19.3607447,-99.1508311,Entire home/apt,4565.0,1.0,0,nan,nan,1,173,0,nan
604438168190213291,Hermoso departamento en Colonia Del Valle CDMX,232798463,1.4692406745704538e+18,Aarón,nan,Benito Juárez,19.38732,-99.16136,Entire home/apt,2169.0,1.0,32,2026-01-02,0.64,1,228,2,nan
41824584,Departamento con 2 recámaras privadas y amenidades,178683288,1.4687272974014195e+18,Itzel,nan,Benito Juárez,19.3604,-99.16242,Entire home/apt,1564.0,1.0,0,nan,nan,1,79,0,nan
1244105891049702459,203 Habitación Privada,181711802,1.4687536489956772e+18,Anselmo,nan,Álvaro Obregón,19.35951673102729,-99.17513180174387,Private room,592.0,2.0,18,2026-05-19,0.84,10,351,4,nan
1689871802067664929,Hermosa Habitacion. ¡Vive el Mundial 2026!,214190328,1.6790115449033902e+18,Marina,nan,Benito Juárez,19.37129,-99.15303,Private room,593.0,1.0,0,nan,nan,1,364,0,nan
1500994532293399013,Luminoso depa en Reforma. Silencioso. Espacioso,23021265,1.462623563543943e+18,Jesy,nan,Cuauhtémoc,19.42222648311942,-99.17198373840638,Entire home/apt,1355.0,1.0,22,2026-05-26,2.32,34,324,22,nan
1495824786469644789,C9b Room 5. Attached House,455566463,1.4700498319687741e+18,Lupito Partners,nan,Cuauhtémoc,19.4166878,-99.1741803,Entire home/apt,7144.0,1.0,1,2025-09-14,0.11,11,62,1,nan
1548783155045216029,Habitación Económica| Hospital Militar| VM4,669724341,1.4706794267029176e+18,Mre,nan,Miguel Hidalgo,19.4370197,-99.208247,Private room,648.0,1.0,1,2025-11-27,0.15,24,360,1,nan
907319093457046666,Hotel B Urban Master Suite,296082854,1.4695258224725358e+18,Erendira,nan,Cuauhtémoc,19.4362543,-99.1477961,Private room,28658.0,1.0,1,2024-10-27,0.05,4,363,0,nan
1561772676777757500,NEW | Patio Residence w/City View & AC in Condesa,729928499,1.5575077071464215e+18,EMA Condesa,nan,Cuauhtémoc,19.4072438,-99.1743099,Entire home/apt,5691.0,1.0,0,nan,nan,19,56,0,nan
1548801767539033375,Habitación | Hipódromo| Hospital Militar| VM6,669724341,1.4706794267029176e+18,Mre,nan,Miguel Hidalgo,19.4370197,-99.208247,Private room,648.0,1.0,2,2025-12-14,0.32,24,361,2,nan
709320850121169920,Luxury Departamento en Be Grand Alto Polanco,92198776,1.4671136336479447e+18,Tania,nan,Miguel Hidalgo,19.44114,-99.18247,Entire home/apt,1912.0,2.0,13,2026-04-11,0.28,1,38,2,nan
1272625876179083606,Ciprés 1, acogedora habitación.,242602792,1.463278537727522e+18,Berenice,nan,Gustavo A. Madero,19.5452578,-99.1446383,Private room,514.0,1.0,6,2026-04-24,0.36,3,365,4,nan
15269652,BONITO Departamento Amueblado, Zona sur de CDMX,97145253,1.4671702963464038e+18,Rafael,nan,Benito Juárez,19.37478,-99.17759,Entire home/apt,1313.0,3.0,40,2023-06-24,0.43,1,85,0,nan
907310945795366813,Hotel B Urban  Junior Suite,296082854,1.4695258224725358e+18,Erendira,nan,Cuauhtémoc,19.4362543,-99.1477961,Private room,26053.0,1.0,0,nan,nan,4,365,0,nan
854593705967590248,Modern apartment in Nonoalco,92259191,1.4671143370645955e+18,Manuel,nan,Benito Juárez,19.3818018,-99.185078,Entire home/apt,1746.0,1.0,77,2026-06-08,2.06,1,69,24,nan
1031411970338544115,Newly refurbished two-bedroom accommodation C4,517725875,1.4703293048950292e+18,Esther,nan,Cuauhtémoc,19.416196464035195,-99.17436280588124,Private room,1800.0,1.0,112,2026-06-07,3.77,31,356,56,nan
1497239427683722328,Cozy Designer apartment CDMX,358250534,1.469717485799219e+18,Inperio Rooms,nan,Miguel Hidalgo,19.4038382,-99.1727216,Entire home/apt,1924.0,1.0,22,2026-04-20,2.28,66,348,22,nan
729773987939235961,Beautiful Brand New Apartment,10764020,1.4625757179326413e+18,Mr. W,nan,Miguel Hidalgo,19.4042017,-99.175305,Entire home/apt,2531.0,1.0,29,2026-04-19,0.65,157,297,14,nan
1180355424844842216,La mejor ubicación Roma Norte,542347723,1.4704297832469105e+18,Lina,nan,Cuauhtémoc,19.415255559043377,-99.156900786127,Entire home/apt,2283.0,1.0,66,2026-05-27,2.73,5,297,31,nan
48563023,Amplio Depto. 2Recamaras y Estacionamiento,27220921,1.4626402591671788e+18,Rogelio,nan,Miguel Hidalgo,19.44417,-99.20338,Entire home/apt,2291.0,2.0,153,2026-05-30,2.41,1,321,30,nan
1557347262126101103,Cuarto en azotea baño exterior,385404041,1.557340746338641e+18,Alis,nan,Cuauhtémoc,19.437216688086856,-99.16297105938564,Private room,285.0,3.0,4,2026-05-10,0.61,2,360,4,nan
1040058112012758774,Neptuno,536696832,1.4704077468144783e+18,Carlos,nan,Cuauhtémoc,19.4280347,-99.1564715,Private room,719.0,3.0,15,2025-12-21,0.49,4,236,4,nan
1647565293891941530,Cuarto moderno en la Condesa,447270714,1.4637240941745956e+18,Gm Latam,nan,Cuauhtémoc,19.407099681405096,-99.17443249003205,Private room,784.0,1.0,5,2026-05-31,2.46,82,356,5,nan
1097181281913910335,Habitación casa - CDMX Ciudades famosas,133361255,1.468332337938794e+18,Mar,nan,Gustavo A. Madero,19.5221451,-99.1472891,Private room,787.0,1.0,13,2025-09-26,0.46,1,268,5,nan
1679403401844147574,Habitación privada en Del Valle para el Mundial,87947110,1.6794034025773924e+18,Alejandra,nan,Benito Juárez,19.3677996,-99.1736149,Private room,2397.0,1.0,0,nan,nan,1,20,0,nan
931833351025398393,Loft precioso y bien ubicado en cdmx,108728752,1.467317065172028e+18,Mariana,nan,Gustavo A. Madero,19.51743784841346,-99.1376669041558,Private room,799.0,1.0,12,2026-02-03,0.35,8,360,6,nan
43833729,Hotel Amigo Suites,  CDMX, 1 Cama matrimonial,264515826,1.4693992997806656e+18,Mayra,nan,Cuauhtémoc,19.43629,-99.13168,Private room,432.0,1.0,24,2026-06-06,0.65,23,363,9,nan
43769852,Hotel Amigo Suites,  CDMX, 2 Camas individuales,264515826,1.4693992997806656e+18,Mayra,nan,Cuauhtémoc,19.43607,-99.13378,Private room,720.0,1.0,24,2026-03-17,0.46,23,365,5,nan
46349693,Comfy Loft CDMX stunning view high WIFI 14th floor,14995753,1.4625924146039278e+18,Omar,nan,Cuauhtémoc,19.43386,-99.14534,Entire home/apt,1535.0,2.0,200,2026-06-05,3.19,2,331,33,nan
1664775604799795062,Av. Juárez # 4, depto. 206 Centro Histórico,101077277,1.4672129313097567e+18,Centro Histórico De La Ciudad De,nan,Cuauhtémoc,19.4341988,-99.1410681,Entire home/apt,2853.0,1.0,0,nan,nan,7,106,0,nan
1680673145647063438,Ampliación Granada. Un balcón cerca del cielo.,213452642,1.4631907823943096e+18,Sofía,nan,Miguel Hidalgo,19.44621,-99.20284,Entire home/apt,2739.0,1.0,2,2026-06-02,1.82,1,170,2,nan
938648391270411179,Incredible PH in Centro Area,32225013,1.4654733505881633e+18,Francisco,nan,Cuauhtémoc,19.4308132,-99.1508551,Entire home/apt,3292.0,2.0,83,2026-06-01,2.36,1,93,16,nan
1463483723443612887,En lo alto de una mansión, cerca de Masaryk,113463511,1.462903132813988e+18,Juan Antonio,nan,Miguel Hidalgo,19.4305956,-99.1781014,Entire home/apt,928.0,3.0,1,2026-05-30,1.0,10,359,1,nan
560186585295570175,Suite Master 304 con Balcón,425200125,1.4699282241807754e+18,Sevillavenue,nan,Cuauhtémoc,19.4212,-99.17207,Entire home/apt,1449.0,1.0,111,2026-05-24,2.11,12,352,34,nan
1333450611409275254,Departamento en Roma Norte,27841247,1.4654108845627377e+18,Montserrat,nan,Cuauhtémoc,19.4214146,-99.1638841,Entire home/apt,2297.0,1.0,21,2026-05-03,1.26,37,359,16,nan
1442965869663446178,Acogedora suite en condesa,487725046,1.4701949935340273e+18,Veronica,nan,Cuauhtémoc,19.4056049,-99.1703585,Private room,2200.0,1.0,0,nan,nan,29,106,0,nan
1698765997457923971,Casa Américas Suite 23,585662267,1.470601409373749e+18,Cecilia,nan,Cuauhtémoc,19.421591765603942,-99.16537803015572,Private room,nan,1.0,0,nan,nan,58,0,0,nan
1461210436383872193,Departamento selecto Polanco,656351623,1.4706492520435668e+18,Diana Maria,nan,Miguel Hidalgo,19.444276553033934,-99.20258744099044,Entire home/apt,4565.0,1.0,89,2026-06-01,7.88,1,338,89,nan
1694376273787761633,Casa Américas Suite 10,585662267,1.470601409373749e+18,Cecilia,nan,Cuauhtémoc,19.42153,-99.1656,Private room,nan,1.0,0,nan,nan,58,0,0,nan
1089827635112021876,Stylish City Studio|Terrace+Gym+Game Room+B/Center,561085075,1.47050614617958e+18,Cibeles,nan,Cuauhtémoc,19.4212957,-99.1659204,Entire home/apt,2222.0,1.0,72,2026-04-25,2.53,12,364,26,nan
20651703,Gorgeous apt near Polanco & Reforma,7838265,1.4625626451522698e+18,Ernesto,nan,Miguel Hidalgo,19.428715,-99.176346,Entire home/apt,1337.0,2.0,130,2026-06-06,1.22,9,225,42,nan
557544867081352219,Habitación verde vintage en Chaintaya studio,103353276,1.4672409748078118e+18,Renata,nan,Benito Juárez,19.39443,-99.15911,Private room,388.0,1.0,114,2026-04-28,2.18,4,134,8,nan
667250797257414286,Stylish Polanco Village @ the Park with Doorman,148022381,1.4684504153342036e+18,Caroline,nan,Miguel Hidalgo,19.4301354,-99.1972171,Entire home/apt,8531.0,2.0,19,2026-02-21,0.4,2,328,5,nan
1463164422750873572,Lindo loft a calles de Masaryk.,113463511,1.462903132813988e+18,Juan Antonio,nan,Miguel Hidalgo,19.4305956,-99.1781014,Entire home/apt,959.0,3.0,9,2026-05-30,1.9,10,358,9,nan
788345796393551649,Luxury Safe Condo in Polanco with A/C,302431514,1.4695500943910239e+18,Arely,nan,Miguel Hidalgo,19.4283931,-99.1946587,Entire home/apt,20342.0,3.0,92,2026-05-26,2.26,107,90,25,nan
713635235553700985,Un rincón de la venta Cuajimalpa,153803452,1.4685062594509112e+18,Cindy,nan,Cuajimalpa de Morelos,19.33476,-99.31146,Entire home/apt,913.0,1.0,113,2026-06-05,2.48,1,331,29,nan
13701449,Habitación Tur con hermosa vista,79556629,1.4669718974161116e+18,Irene,nan,Coyoacán,19.35775,-99.15761,Private room,1298.0,1.0,64,2026-05-24,0.53,12,364,1,nan
1470473726809876973,Charming historic apt Condesa,292721922,1.4695153094987576e+18,Jorgeantonio,nan,Cuauhtémoc,19.4083404,-99.176527,Entire home/apt,9986.0,2.0,1,2025-10-14,0.12,1,82,1,nan
2645138,Departamento cerca de Coyoacán,3630808,1.4626356192254267e+18,Paola,nan,Benito Juárez,19.36453,-99.16357,Entire home/apt,2853.0,2.0,0,nan,nan,1,360,0,nan
842065015893437051,Bonito Departamento  Super Ubicado Nuevo,504339122,1.4702672908177262e+18,Elvia,nan,Cuauhtémoc,19.4345615,-99.1484204,Entire home/apt,nan,2.0,0,nan,nan,1,74,0,nan
1556691714128507701,Habitación moderna en Centro Histórico,358250534,1.469717485799219e+18,Inperio Rooms,nan,Cuauhtémoc,19.438369,-99.1503027,Private room,568.0,1.0,27,2026-06-01,3.93,66,355,27,nan
53012169,ROOF 44. TOTAL EXPERIENCE,404525377,1.469852272765278e+18,Jorge Adrián,nan,Benito Juárez,19.39905,-99.16227,Entire home/apt,31953.0,1.0,0,nan,nan,3,357,0,nan
30089549,Amplio departamento,165461168,1.468606375197466e+18,Karen,nan,Benito Juárez,19.382,-99.16111,Private room,565.0,2.0,1,2025-11-14,0.14,1,268,1,nan
729178547283528501,NEW apartment near Alameda and Reforma,34385254,1.4655044425842568e+18,Hector,nan,Cuauhtémoc,19.43395,-99.1473,Entire home/apt,970.0,1.0,4,2023-11-18,0.09,3,180,0,nan
1619720582594069153,Casa Mundial. Casa completa para 7 personas.,416402818,1.463648926697938e+18,Jorge,nan,Benito Juárez,19.382937629998,-99.1512437962,Entire home/apt,15520.0,1.0,0,nan,nan,1,365,0,nan
1120558581948503739,Pent House Bohemian Condesa 3 BR / 6 PaxVilla w/AC,552059884,1.4704678850677404e+18,Vania,nan,Cuauhtémoc,19.4079282,-99.1712732,Entire home/apt,8203.0,2.0,111,2026-06-11,4.14,3,153,31,nan
1591365354279571029,Luxurious apt in Roma Norte,231980202,1.4692367155808507e+18,Gonzalo,nan,Cuauhtémoc,19.419976631150067,-99.15529366582632,Entire home/apt,2967.0,1.0,11,2026-05-31,2.31,1,326,11,nan
29982094,Amplia Habitación totalmente independiente,225403146,1.4691977120892042e+18,Celina,nan,Cuajimalpa de Morelos,19.36738,-99.30111,Private room,787.0,1.0,103,2026-06-03,1.12,1,268,12,nan
985789824383675595,Departamento Condesa,55997072,1.4659173349455534e+18,Mauricio,nan,Cuauhtémoc,19.4095417,-99.1675304,Entire home/apt,1825.0,2.0,42,2026-05-11,1.3,2,182,24,nan
1118873813726925956,Del Valle III Letran Alojamiento,530680791,1.470384063156249e+18,Nayeli,nan,Benito Juárez,19.3747964,-99.1544241,Private room,799.0,1.0,14,2025-06-29,0.55,7,323,1,nan
1522555654609123677,Art Déco en edificio catalogado por Bellas Artes,33078207,1.465484357538791e+18,Casas NI,nan,Cuauhtémoc,19.40828,-99.17232,Entire home/apt,1369.0,2.0,12,2026-06-07,3.36,8,223,12,nan
1700875025549741860,Indie Mexican House with awesome young vibe,71750988,1.462795824365944e+18,Enrique,nan,Benito Juárez,19.3833689,-99.156793,Shared room,223.0,1.0,0,nan,nan,1,365,0,nan
1603061682515715368,Bonito departamento en Narvarte Ciudad de México.,24171271,1.6030616831978929e+18,Gabriel,nan,Benito Juárez,19.3856617,-99.1571786,Entire home/apt,1788.0,1.0,5,2026-05-28,1.22,1,323,5,nan
1677606608704701624,Renta de hanitación amplia con buena ubicación,545282838,1.6336432130972995e+18,Jorge,nan,Benito Juárez,19.38852,-99.15566,Private room,850.0,1.0,0,nan,nan,2,361,0,nan
1346377635228464806,Depto junto a Bellas Artes,676228731,1.4706925423735053e+18,Erick Gael Isboseth,nan,Cuauhtémoc,19.434970136266536,-99.14551383665712,Entire home/apt,1461.0,1.0,0,nan,nan,1,354,0,nan
1539207179602469285,Alojamiento comodo y tranquilo estilo colonial,723177895,1.5283360021628196e+18,Lino Hurtado,nan,Coyoacán,19.35628,-99.16579,Private room,2009.0,1.0,1,2026-05-15,0.88,8,351,1,nan
1304858845313204907,Habitación triple,563472635,1.4705133570268677e+18,Fernando,nan,Benito Juárez,19.38854821856985,-99.16090749549312,Private room,856.0,1.0,1,2024-12-14,0.05,5,365,0,nan
1667897472991124113,Rincón de Irving,426556662,1.4699336020129892e+18,Gisele E Irving,nan,Cuauhtémoc,19.4436986,-99.1573157,Entire home/apt,948.0,1.0,6,2026-05-31,3.83,1,353,6,nan
867690375672806869,Habitación privada,219100485,1.4691542922131791e+18,Gabriela,nan,Cuauhtémoc,19.4465505433091,-99.15663342922926,Private room,nan,1.0,0,nan,nan,1,365,0,nan
12366118,Private Room in Mexico City,44471392,1.4656606620022623e+18,Adrián,nan,Cuauhtémoc,19.44447,-99.15426,Private room,802.0,1.0,0,nan,nan,1,89,0,nan
1304864123363048029,Habitación compartida mujeres,563472635,1.4705133570268677e+18,Fernando,nan,Benito Juárez,19.38899,-99.16133,Shared room,394.0,1.0,0,nan,nan,5,365,0,nan
1557527968932985588,NEW | King Hotel Room in Condesa w/Private Patio,729928499,1.5575077071464215e+18,EMA Condesa,nan,Cuauhtémoc,19.4072438,-99.1743099,Private room,5284.0,1.0,0,nan,nan,19,56,0,nan
1395635550787060718,Casa Rivera en Santa María la Ribera,687804086,1.4707162952128975e+18,Julian,nan,Cuauhtémoc,19.44497764480809,-99.16135089175172,Private room,949.0,2.0,0,nan,nan,2,364,0,nan
1562576662126133365,NEW | Family 2 King Apartment w/Patio in Condesa,729928499,1.5575077071464215e+18,EMA Condesa,nan,Cuauhtémoc,19.4072438,-99.1743099,Entire home/apt,7932.0,1.0,0,nan,nan,19,56,0,nan
1549601856088377633,Nuevo ICON Roma · Vista increíble y estilo,535806669,1.4704042073350973e+18,Diana,nan,Cuauhtémoc,19.42232,-99.16441,Entire home/apt,2153.0,1.0,27,2026-05-31,3.82,8,170,27,nan
1694923884578850542,Casa Américas Suite 2,585662267,1.470601409373749e+18,Cecilia,nan,Cuauhtémoc,19.421768762663053,-99.1654452018118,Private room,nan,1.0,0,nan,nan,58,0,0,nan
903205425084972847,cuarto 10 glorieta insurgentes,29961344,1.4654414064611197e+18,Javier,nan,Cuauhtémoc,19.42156,-99.16382,Private room,400.0,1.0,0,nan,nan,16,135,0,nan
1696482916284555727,Casa Américas Suite 15,585662267,1.470601409373749e+18,Cecilia,nan,Cuauhtémoc,19.42161895395906,-99.16558116981668,Private room,nan,1.0,0,nan,nan,58,0,0,nan
950767298559214970,Beautiful room,54308779,1.4658846478616425e+18,Horacio,nan,Cuauhtémoc,19.4218648,-99.1658192,Private room,842.0,1.0,0,nan,nan,1,269,0,nan
26280733,CHIQUIS ROOMS,21052724,1.463145423087269e+18,Andrea,nan,Benito Juárez,19.3684,-99.1602,Private room,421.0,7.0,0,nan,nan,1,365,0,nan
39671194,Cozy Room • /Near Roma/Reforma/Condesa/Chapultepec,1829314,1.4625206403991055e+18,Miguel Ángel,nan,Cuauhtémoc,19.42167,-99.17158,Private room,1711.0,2.0,50,2026-03-03,0.62,1,180,7,nan
1629487836370737979,Departamento tipo loft en corazón de Condesa,447270714,1.4637240941745956e+18,Gm Latam,nan,Cuauhtémoc,19.40728,-99.175,Entire home/apt,1066.0,1.0,1,2026-03-01,0.28,82,356,1,nan
1628557984597501876,Pent-house Corazon Narvarte,15588805,1.462594657422931e+18,Liliana,nan,Benito Juárez,19.3808052,-99.1524037,Entire home/apt,2000.0,1.0,0,nan,nan,1,365,0,nan
28259066,La casa de María. Habitación ámbar para huéspedes.,47784609,1.4657217321494226e+18,Maria Esthela,nan,Benito Juárez,19.38522,-99.16781,Private room,514.0,2.0,101,2026-06-06,1.09,3,358,20,nan
1256686244816766209,Habitación 4,101241711,1.467214723321021e+18,Blue Moon,nan,Benito Juárez,19.3926721,-99.1545556,Private room,1261.0,1.0,15,2026-05-16,0.78,8,364,7,nan
1680145296221008963,Acogedora y Linda habitación cerca de Estadio GNP,118347545,1.4682089899198958e+18,Ori Galindo,nan,Benito Juárez,19.39182,-99.15904,Private room,2029.0,1.0,0,nan,nan,1,365,0,nan
1571943418029736480,Loft Roma/Condesa,520669985,1.4703428503145175e+18,Maria Victoria,nan,Cuauhtémoc,19.4213113,-99.1716495,Entire home/apt,1487.0,3.0,6,2026-05-17,0.98,10,355,6,nan
1564653881448980131,NEW | Deluxe 3 BR Apartment in Condesa w/City View,729928499,1.5575077071464215e+18,EMA Condesa,nan,Cuauhtémoc,19.4072438,-99.1743099,Entire home/apt,10707.0,1.0,0,nan,nan,19,56,0,nan
1564734950519832106,NEW | Vibrant Penthouse w/Balcony City View & AC,729928499,1.5575077071464215e+18,EMA Condesa,nan,Cuauhtémoc,19.4072438,-99.1743099,Entire home/apt,10680.0,1.0,0,nan,nan,19,56,0,nan
1410990231534872061,Coliving Roma Norte Loft Canario,578880060,1.4705822771148997e+18,Edgar,nan,Cuauhtémoc,19.421057,-99.1706089,Entire home/apt,1655.0,1.0,3,2025-11-02,0.25,11,28,3,nan
910295594726977988,Smart LOFT Alberca y Gym,44507541,1.4626972302252093e+18,Javier,nan,Benito Juárez,19.38069093481546,-99.187239945488,Entire home/apt,5906.0,2.0,10,2025-11-30,0.28,4,356,2,nan
1193236665831878632,Casa Condesa,485482116,1.4638142237896814e+18,Raul,nan,Cuauhtémoc,19.408375432789995,-99.174619987607,Entire home/apt,12781.0,1.0,0,nan,nan,8,365,0,nan
1704145745597714258,Blue 23 - espectacular apartamento - CDMX La Roma,1698162308554551751,1.6981636133809928e+18,Ariel,nan,Cuauhtémoc,19.42006976971941,-99.15629838011564,Entire home/apt,1699.0,1.0,0,nan,nan,18,358,0,nan
1564750646401261805,NEW | Unique 3BR Penthouse in Condesa w/Terrace,729928499,1.5575077071464215e+18,EMA Condesa,nan,Cuauhtémoc,19.4072438,-99.1743099,Entire home/apt,20366.0,1.0,0,nan,nan,19,56,0,nan
1701722251189541751,Roma Norte Hotspot | Cafés, Dining & Nightlife,104953556,1.4628826920219569e+18,Dave And Nat,nan,Cuauhtémoc,19.4192524,-99.1561737,Entire home/apt,160307.0,1.0,0,nan,nan,80,365,0,nan
1687808976249350023,Alameda Central Cozy Stay,299351097,1.487962084846426e+18,U-Co,nan,Cuauhtémoc,19.43517,-99.14619,Entire home/apt,1430.0,1.0,0,nan,nan,32,363,0,nan
1430418551889744943,Habitación bonito departamento,530291247,1.4703825425656164e+18,Camila,nan,Benito Juárez,19.3978872,-99.1517772,Private room,685.0,1.0,0,nan,nan,1,362,0,nan
1434849327835652298,HUGE designer apt in Condesa,14813128,1.4629475129368458e+18,Laura,nan,Cuauhtémoc,19.40813,-99.17157,Entire home/apt,2853.0,3.0,1,2025-12-31,0.18,1,346,1,nan
1381282701849953767,Design Apartment @ Amsterdam,454474541,1.4700446477946117e+18,Guillermo,nan,Cuauhtémoc,19.40964295813364,-99.16948343439331,Entire home/apt,3595.0,3.0,0,nan,nan,1,364,0,nan
1058589590825135630,Casa Mary Suite hermoso espacio tranquilo y seguro,216852468,1.4631986640150052e+18,Eduard,nan,Tlalpan,19.2909,-99.13909,Private room,594.0,6.0,0,nan,nan,1,268,0,nan
1208939115015948983,Habitaciones con buena ubicación,559141139,1.470499870559702e+18,Hugo,nan,Coyoacán,19.328283580569583,-99.14179302752632,Private room,794.0,1.0,7,2026-01-10,0.33,5,200,6,nan
944179007536893235,C.-Habitación con baño privado,66449563,1.466821141432656e+18,Jose Manuel,nan,Coyoacán,19.34643946596501,-99.14680145835844,Private room,628.0,2.0,18,2025-11-08,0.53,6,40,3,nan
1622253099304217437,Departamento Familiar 30 minutos del AICM T1,677515408,1.6149133871805576e+18,Jose Luis,nan,Venustiano Carranza,19.42861123738716,-99.06408435210498,Entire home/apt,3316.0,2.0,6,2026-05-31,1.54,1,357,6,nan
1370587188338532248,Alojamiento para 4 en depto.,593017761,1.4706195341537928e+18,Mario,nan,Iztacalco,19.39803490671575,-99.09496240317822,Private room,1712.0,1.0,63,2026-05-29,4.12,1,91,56,nan
1409726178663113072,Acogedora recámara,371993203,1.4697539845594665e+18,Jalbert,nan,Miguel Hidalgo,19.44494862085589,-99.18442372024012,Private room,902.0,1.0,14,2026-06-03,1.03,1,362,12,nan
1178329522489872554,Lindo depto. en excelente zona,142644556,1.468407936673516e+18,Georgina,nan,Benito Juárez,19.39692,-99.1507,Entire home/apt,2015.0,2.0,3,2025-04-28,0.2,7,340,0,nan
17170497,CASA EN COYOACAN,10100051,1.462572643068859e+18,Martine,nan,Coyoacán,19.34162,-99.17078,Private room,514.0,5.0,30,2024-11-03,0.27,3,14,0,nan
1256682804972018510,Habitación 3,101241711,1.467214723321021e+18,Blue Moon,nan,Benito Juárez,19.3926721,-99.1545556,Private room,1284.0,1.0,8,2026-05-17,0.42,8,365,3,nan
1623491848509370331,Habitación en City tower green,45484762,1.4656753498451878e+18,Ivan,nan,Benito Juárez,19.3649695,-99.1615725,Private room,nan,1.0,0,nan,nan,1,345,0,nan
1521197175086612627,Tu hogar temporal azcapotzalco,126363191,1.4629313159478925e+18,Desiree,nan,Azcapotzalco,19.49508,-99.1913,Private room,639.0,1.0,0,nan,nan,1,365,0,nan
1705408773334155846,Habitación Teotihuacán,528084506,1.470374229022121e+18,Fernando,nan,Cuauhtémoc,19.40879418473711,-99.1756060960126,Private room,680.0,1.0,0,nan,nan,2,293,0,nan
1252888289459483469,Estadio GNP, Palacio Deportes,653704839,1.4639025013148746e+18,Daniel,nan,Iztacalco,19.397977631262485,-99.09656700211576,Entire home/apt,1313.0,1.0,181,2026-06-07,8.66,2,192,105,nan
1130634001041070882,Casa céntrica en CDMX,560716009,1.4705049857102822e+18,Daniel,nan,Benito Juárez,19.36479378854916,-99.14531049452135,Entire home/apt,3424.0,1.0,1,2024-04-26,0.04,2,269,0,nan
1142419885340985455,Habitaciones en renta. Seguridad,231815562,1.4632394925419564e+18,Alberto,nan,Benito Juárez,19.37262662830745,-99.13688076560668,Private room,nan,1.0,0,nan,nan,1,269,0,nan
1390786428456700377,Apartamento al sur de la ciudad,687821336,1.4707163965335347e+18,Israel,nan,Benito Juárez,19.3646059,-99.1494787,Private room,665.0,1.0,3,2025-06-29,0.21,1,364,1,nan
899469314896630395,Loft - Alameda Central,516570551,1.470323889413336e+18,Mauricio,nan,Cuauhtémoc,19.433532924309784,-99.14437937310235,Entire home/apt,3994.0,3.0,53,2026-06-14,1.55,1,136,18,nan
1692840564114234726,best location to enjoy the world cup in México cit,2675382,1.6928405649414525e+18,Diego,nan,Coyoacán,19.34142,-99.15285,Entire home/apt,2111.0,3.0,0,nan,nan,1,361,0,nan
1706593773716705423,departamento en el corazón de la del Valle,109665626,1.467327210502175e+18,Liliana/Leonor,nan,Benito Juárez,19.37317,-99.17632,Entire home/apt,1095.0,3.0,0,nan,nan,1,362,0,nan
1256625934367415079,Habitación 2,101241711,1.467214723321021e+18,Blue Moon,nan,Benito Juárez,19.3926721,-99.1545556,Private room,1273.0,1.0,5,2024-12-11,0.26,8,365,0,nan
1672110709435378290,Casita en Coyoacán con jardín,151793794,1.4684902743420326e+18,Any Riwer,nan,Coyoacán,19.33784540110291,-99.13290022240304,Entire home/apt,3424.0,1.0,0,nan,nan,1,358,0,nan
20456127,Departamento retro en Mixcoac,30870894,1.4626530832145546e+18,Daniel,nan,Benito Juárez,19.37747,-99.18664,Private room,449.0,3.0,1,2017-08-31,0.01,1,87,0,nan
1604781762626497267,Habitación en renta espaciosa, céntrica.,146778345,1.604781763256444e+18,Andres,nan,Benito Juárez,19.38805211957071,-99.1678788347383,Private room,673.0,3.0,0,nan,nan,1,364,0,nan
1290729763216193067,Habitación con baño compartido,38106908,1.4655702601999342e+18,Rodrigo,nan,Benito Juárez,19.3742052,-99.158886,Private room,559.0,1.0,0,nan,nan,1,365,0,nan
1513971720690402689,Practical apartment in La Condesa,447270714,1.4637240941745956e+18,Gm Latam,nan,Cuauhtémoc,19.40789,-99.17337,Entire home/apt,1564.0,1.0,2,2026-03-20,0.41,82,356,2,nan
692939643202742455,Casa súper bien ubicada,230271413,1.4692276547230963e+18,Yazmin,nan,Benito Juárez,19.39661055221125,-99.16013140981512,Private room,754.0,1.0,4,2023-02-26,0.1,2,365,0,nan
1470581014836803254,Centrico/Amplio/Cercano a Reforma/Bellas Artes,415672105,1.469890693662482e+18,Pablo,nan,Cuauhtémoc,19.43355,-99.14679,Entire home/apt,3652.0,3.0,0,nan,nan,3,357,0,nan
831867735164030627,Casa en Rancho Avándaro,502147781,1.4702578453664205e+18,Eliana,nan,Benito Juárez,19.38065,-99.17462,Entire home/apt,7988.0,7.0,0,nan,nan,1,360,0,nan
1108046743305002218,Nuevo con balcón cerca a la roma,116827404,1.4681970387555302e+18,Erik,nan,Benito Juárez,19.396361466217,-99.15157279363076,Entire home/apt,1330.0,2.0,1,2024-03-29,0.04,1,179,0,nan
1704431523138674715,habitación sencilla para alojamientos cortos.,445579538,1.6263911903476055e+18,Diego,nan,Benito Juárez,19.39,-99.17373,Private room,694.0,1.0,0,nan,nan,1,362,0,nan
1687803100804590659,Cozy Room Near Alameda Central – Centro Location,299351097,1.487962084846426e+18,U-Co,nan,Cuauhtémoc,19.435240806878337,-99.14609540942143,Entire home/apt,1430.0,1.0,1,2026-05-31,1.0,32,359,1,nan
1703882154314367016,Charming room in CDMX exclusive neightborhood.,215942869,1.703882155035019e+18,Estan Gonz,nan,Benito Juárez,19.385181014135863,-99.15470220897022,Private room,1369.0,1.0,0,nan,nan,1,365,0,nan
1400648401523700431,Condesa Rooftop Villa ·9BR· Stylish Designer Stay,452306427,1.4700359009587354e+18,Go To Limbo Sa De Cv,nan,Cuauhtémoc,19.4075759,-99.1717922,Entire home/apt,24813.0,1.0,5,2026-04-21,0.38,49,333,4,nan
901667477994164026,-Casa Condesa- Mexican style private bedroom,225780667,1.4632210378959112e+18,Fernanda,nan,Cuauhtémoc,19.40701631615552,-99.16929418200073,Private room,1217.0,3.0,12,2025-10-20,0.34,4,15,2,nan
5672909,Departamento céntrico al sur-centro de la ciudad,29413454,1.4654330952061222e+18,Enrique,nan,Benito Juárez,19.36229,-99.15547,Entire home/apt,734.0,1.0,0,nan,nan,1,365,0,nan
48321733,Ven y distraete con armonía,339425479,1.463479966915318e+18,Cynthia,nan,Benito Juárez,19.36838,-99.15,Private room,457.0,2.0,0,nan,nan,1,269,0,nan
1700928548389608715,Vista al parque WiFi 200 mbps,96905034,1.4671673370730688e+18,Alejandro,nan,Benito Juárez,19.3975658,-99.1623358,Entire home/apt,2200.0,1.0,0,nan,nan,5,363,0,nan
1673650034405109352,Boutique Room in Stylish Condesa Apartment,67770753,1.6590795460776422e+18,Diego,nan,Cuauhtémoc,19.4131921,-99.1712648,Private room,2226.0,1.0,0,nan,nan,1,365,0,nan
1513076216993805678,Habitación privada-baño propio la mejor ubicación,167485482,1.4630351831755313e+18,Talia,nan,Cuauhtémoc,19.4301999,-99.1680264,Private room,635.0,1.0,0,nan,nan,1,330,0,nan
1656625290908260799,Vive lo mejor de la CDMX, a unos pasos de Reforma,119677588,1.6566252917749294e+18,Ulises,nan,Cuauhtémoc,19.4312,-99.1667,Entire home/apt,3995.0,1.0,0,nan,nan,1,365,0,nan
1680682947855368715,Double Room with Private Bathroom,1680682785801540826,1.6806829486222254e+18,Halinka,nan,Cuauhtémoc,19.419463232545983,-99.1577424390607,Private room,7747.0,1.0,1,2026-05-20,1.0,2,350,1,nan
53782280,Habitacion Quintuple 1.5 Baños Compartidos,180725654,1.4687444893578348e+18,Residence Jardines Cdmx,nan,Coyoacán,19.34656,-99.12561,Private room,1495.0,1.0,0,nan,nan,9,365,0,nan
1115513594792681860,Loft contemporáneo y relajante,306863020,1.469567876744025e+18,Ingrid,nan,Coyoacán,19.3456151,-99.1473686,Private room,743.0,1.0,4,2024-05-05,0.15,1,224,0,nan
1699456039557496476,Suite con todos los servicios superbién ubicada,352332758,1.6994560404181852e+18,Alejandro,nan,Benito Juárez,19.3851284,-99.1584954,Entire home/apt,1142.0,1.0,0,nan,nan,1,365,0,nan
1539326809058961262,Cozy room near Parque España,8308648,1.4627651649041495e+18,Kristina,nan,Cuauhtémoc,19.41501,-99.17213,Private room,2625.0,1.0,2,2025-12-20,0.26,2,365,2,nan
1685834005889728628,Excelente habitación muycéntrica para dos personas,359591678,1.4697205863430298e+18,Jose Antonio,nan,Benito Juárez,19.3719869,-99.1679126,Private room,2226.0,1.0,0,nan,nan,2,361,0,nan
1395227324014789654,Casa Foro 2,124123749,1.4682535835645023e+18,Miriam,nan,Iztacalco,19.403665758257628,-99.08094636101929,Entire home/apt,1904.0,1.0,37,2026-05-29,2.58,3,335,33,nan
1278392230510501537,Meztli Casa Boutique & Spa,242577547,1.4692876217983432e+18,Aurora,nan,Coyoacán,19.35384,-99.16492,Entire home/apt,8673.0,1.0,0,nan,nan,1,226,0,nan
4983049,Nice apartment in colonia Roma,3983265,1.4625329144896635e+18,Maria,nan,Cuauhtémoc,19.42216,-99.16518,Entire home/apt,1395.0,4.0,115,2026-05-31,0.83,1,324,9,nan
1157371933544242117,Recámara amueblada,385993883,1.4697938158623178e+18,Diana,nan,Benito Juárez,19.36432,-99.16235,Private room,913.0,1.0,3,2024-12-24,0.16,2,269,0,nan
1417684592246237005,Cuarto de Azotea,694667621,1.470730886941372e+18,Guadalupe,nan,Gustavo A. Madero,19.491342417559768,-99.14282239973544,Private room,3766.0,1.0,0,nan,nan,1,365,0,nan
852985971149741822,Suite Simple y Tranquila,506620356,1.470277382130694e+18,Alberto,nan,Gustavo A. Madero,19.500334453807312,-99.12622369818388,Private room,1142.0,1.0,0,nan,nan,1,364,0,nan
645174734251290070,Cómodo departamento,146670718,1.4684395144530831e+18,Abraham,nan,Gustavo A. Madero,19.52273,-99.16474,Entire home/apt,856.0,2.0,105,2026-06-01,2.16,4,364,18,nan
35944194,la buena estancia habitacion torres $800 x persona,149624832,1.4684626495477532e+18,Fernando,nan,Gustavo A. Madero,19.491351908033884,-99.13871880369356,Private room,1790.0,1.0,0,nan,nan,10,365,0,nan
934693889843121102,Habitación en departamento nuevo,132938117,1.4683288485480064e+18,Joel,nan,Benito Juárez,19.364408268415108,-99.1518557935078,Private room,1028.0,1.0,0,nan,nan,1,269,0,nan
1395684589970988156,Cuarto 2,687804086,1.4707162952128975e+18,Julian,nan,Cuauhtémoc,19.446040333698875,-99.16323041089473,Private room,1004.0,1.0,1,2025-06-29,0.08,2,365,1,nan
1609567420955674976,Acogedora recámara en Privada céntrica.,499404221,1.6095674221226184e+18,Hugo Tulio,nan,Benito Juárez,19.367394951210084,-99.16157439351082,Private room,501.0,1.0,0,nan,nan,1,179,0,nan
869025861573553639,Habitacion de lujo con vista,509952975,1.4702928173752287e+18,Moises,nan,Benito Juárez,19.36518200169877,-99.16167895247466,Private room,nan,1.0,0,nan,nan,1,365,0,nan
1538099110982665948,Loft planta baja frente AICM, 4 personas 7 min GNP,168010575,1.468625222611653e+18,⁨Pamela A.⁩,nan,Venustiano Carranza,19.4294094,-99.0921157,Entire home/apt,888.0,1.0,18,2026-05-10,2.29,4,351,18,nan
1637322876779931455,​Letrán Valle: Oasis céntrico, tranquilo y moderno,108645651,1.637322877553612e+18,Abiezer,nan,Benito Juárez,19.375055954891383,-99.16050419211388,Entire home/apt,2454.0,1.0,0,nan,nan,1,365,0,nan
954416651899517496,Space to Enjoy,383644625,1.4697867645131067e+18,Hernán Jesús,nan,Benito Juárez,19.375983934913748,-99.15414568036796,Private room,456.0,2.0,0,nan,nan,1,269,0,nan
586471531565522031,Lovely cozy room in Santa María la Ribera,352564250,1.4697041882757699e+18,Cecilia,nan,Cuauhtémoc,19.45522,-99.15563,Private room,514.0,1.0,2,2022-04-08,0.04,1,365,0,nan
1221910003445967197,Habitación y Baño privado CDMX,594251711,1.4706225139864338e+18,Guadalupe,nan,Coyoacán,19.34030554200572,-99.14826126137694,Private room,3650.0,1.0,8,2025-07-10,0.38,11,364,1,nan
7025885,Recamara amplia con 2 camas y baño privado, ROMA,36829719,1.4655486803480328e+18,Rosalinda,nan,Cuauhtémoc,19.41716,-99.15898,Private room,970.0,1.0,79,2026-05-11,0.67,1,72,20,nan
28254120,La casa de María. Habitación zafiro para huéspedes,47784609,1.4657217321494226e+18,Maria Esthela,nan,Benito Juárez,19.38556,-99.16903,Private room,457.0,2.0,205,2026-06-05,2.17,3,346,31,nan
1430690855347404885,Breaky House es un espacio de coliving,178878066,1.468728753141447e+18,Adahir,nan,Miguel Hidalgo,19.44522081074018,-99.1663671657443,Private room,548.0,1.0,0,nan,nan,1,365,0,nan
28636604,Instituto Nac de Cardiología Ignacio Chávez,80568143,1.466981621828173e+18,Elizabeth Lucero,nan,Tlalpan,19.27872,-99.17111,Private room,nan,2.0,1,2020-05-15,0.01,9,0,0,nan
21141953,Mexico City World Cup 2026 Room,68572018,1.4668472170903634e+18,Elia,nan,Tlalpan,19.29154,-99.12996,Private room,1184.0,3.0,2,2022-08-20,0.02,5,197,0,nan
1541447845683687157,Cuarto amplio, interno en Col Narvarte,383510435,1.4697863659541312e+18,Jonathan,nan,Benito Juárez,19.39814,-99.15753,Private room,1028.0,1.0,16,2026-05-28,2.26,5,331,16,nan
1035752246946572231,Habitación con baño privado,206081963,1.4631532842928238e+18,Nash,nan,Venustiano Carranza,19.42056,-99.10332,Private room,1142.0,1.0,32,2026-06-13,1.03,1,269,16,nan
1689304735153836020,Penthouse a minutos del Estadio Ciudad de México,394452866,1.6893047360212628e+18,Diego Geovanni,nan,Coyoacán,19.33573,-99.14598,Entire home/apt,17118.0,1.0,0,nan,nan,1,364,0,nan
34752655,Departamento en zona bonita y tranquila.,241574115,1.469283559694401e+18,Eric,nan,Coyoacán,19.34578,-99.13443,Entire home/apt,919.0,4.0,97,2026-04-28,1.14,1,111,19,nan
1693122608273020216,Departamento Zona Sur, cerca de Estadio Banorte,554090390,1.470474784354628e+18,Ma Mariana,nan,Coyoacán,19.3332,-99.14409,Entire home/apt,2853.0,1.0,0,nan,nan,1,362,0,nan
1664871247239061433,Recámara para descansar antes/después del partido.,552347012,1.6414179395756833e+18,Adriana,nan,Benito Juárez,19.39551,-99.1577,Private room,1093.0,1.0,0,nan,nan,1,358,0,nan
1419732376943485133,En este mundial atrévete a hospedarte con nosotros,134497311,1.4683416620838303e+18,Izzela Ake,nan,Cuauhtémoc,19.4378387,-99.13639030000002,Entire home/apt,1800.0,1.0,12,2026-02-22,0.92,1,364,11,nan
1181397541074603475,habitación frente 20 noviembre,584072867,1.470596897784974e+18,Gustavo,nan,Benito Juárez,19.37020034250955,-99.17177973414988,Private room,480.0,1.0,0,nan,nan,2,269,0,nan
1674990738258221096,Sala de juntas por día Azcapotzalco,552454873,1.5739217778075633e+18,Pandamaltrecho,nan,Azcapotzalco,19.4971,-99.19396,Private room,685.0,1.0,0,nan,nan,3,365,0,nan
947249375700979288,Habitación de descanso,483311690,1.4701761886579707e+18,Hector Daniel,nan,Iztacalco,19.410072286248138,-99.05800191988948,Private room,nan,1.0,0,nan,nan,1,364,0,nan
1696716034986026755,Agradable departamento a 10 minutos T2 CDMX,552826115,1.6967160358120266e+18,Alba Jessenia,nan,Iztacalco,19.4158962,-99.0620759,Entire home/apt,658.0,1.0,0,nan,nan,1,364,0,nan
1051628152679129116,Habitación a 5 calles del WTC Amarilla,33947007,1.4654960954108713e+18,Rubi,nan,Benito Juárez,19.3907563,-99.1661612,Private room,933.0,2.0,81,2026-05-31,2.71,5,270,24,nan
827480054686284501,Hermoso departamento en Condesa, Ciudad de México.,448848557,1.4700214181135468e+18,Mau,nan,Cuauhtémoc,19.409557021759547,-99.17648562090744,Entire home/apt,2136.0,2.0,67,2026-05-31,1.66,2,260,19,nan
1554049916829720335,Depto Buenavista Comodidad y Privacidad,127782541,1.4682841305424858e+18,Cuauhtemoc,nan,Cuauhtémoc,19.4471796,-99.1562278,Entire home/apt,2168.0,1.0,9,2026-05-12,1.44,1,262,9,nan
1679241541865778523,Habitación a un costado de B. Vasconcelos,159752392,1.4685545038702213e+18,Kix,nan,Cuauhtémoc,19.44666,-99.1507,Private room,1370.0,1.0,0,nan,nan,1,365,0,nan
1259008585691554729,Estancia cómoda y agradable.,115587229,1.4681872723824722e+18,Victor Manuel,nan,Cuauhtémoc,19.4417501,-99.1554553,Entire home/apt,3698.0,1.0,12,2026-05-15,0.6,12,365,5,nan
1347373424484529225,Departamento MiCa: Habitación 2,676467376,1.4706930036552763e+18,Miguel,nan,Benito Juárez,19.37231,-99.17028,Private room,457.0,2.0,0,nan,nan,2,363,0,nan
1684104059218539081,Casa Tao,140125691,1.4683872821589798e+18,Jules,nan,Coyoacán,19.35114,-99.16438,Private room,3995.0,1.0,0,nan,nan,1,365,0,nan
1693753227524691923,habitacion mundialista muy cerca del aeropuerto,482196715,1.4701714570544463e+18,Jorge,nan,Venustiano Carranza,19.4489473,-99.0975549,Private room,7076.0,1.0,0,nan,nan,1,364,0,nan
45518187,Depto una recamara 2 matrimoniales Col. Juarez,2281290,1.4625232866061222e+18,Suites Havre,nan,Cuauhtémoc,19.42643,-99.15972,Private room,1804.0,1.0,8,2025-11-09,0.11,22,168,3,nan
1681524220211559613,Grand House in Reforma | Rooftop | Word Cup 2026,321356544,1.4696089700186568e+18,Victor,nan,Cuauhtémoc,19.4302504,-99.1628908,Entire home/apt,39942.0,1.0,0,nan,nan,2,365,0,nan
1699754579427316903,excelente dormitorio compartido comodo y seguro,492423116,1.4638311243483484e+18,Kenan,nan,Gustavo A. Madero,19.45358,-99.09466,Shared room,1028.0,2.0,0,nan,nan,3,364,0,nan
1516768105364402522,R9Habitación matrimonial,513191084,1.470308215361536e+18,Diego,nan,Cuauhtémoc,19.4318098,-99.1676561,Private room,611.0,1.0,3,2025-10-06,0.34,10,363,3,nan
1649667345161605554,Rinconcito de Naranjo,319092138,1.4696042643181512e+18,Susana,nan,Cuauhtémoc,19.44380761905388,-99.1590170595872,Entire home/apt,965.0,2.0,0,nan,nan,1,77,0,nan
1702530512391135806,Departamento clásico grande y muy céntrico.,101413032,1.702530513217718e+18,Manuel,nan,Cuauhtémoc,19.4407223,-99.1595614,Entire home/apt,2465.0,1.0,0,nan,nan,1,351,0,nan
1635838844181867555,Habi privada & cómoda, gran ubicación Polanco,293555568,1.529328431726814e+18,Gabriel,nan,Miguel Hidalgo,19.42484,-99.17761,Entire home/apt,6999.0,3.0,0,nan,nan,3,270,0,nan
1700818225525244399,Apartment in Colonia Juárez for 3. Near dining.,66095043,1.4668170790777057e+18,Ismael,nan,Cuauhtémoc,19.4248449,-99.1613721,Entire home/apt,1712.0,2.0,0,nan,nan,1,188,0,nan
1706005569718176956,habitación en casa Colonial Mexicana,712773135,1.7060055705110925e+18,Gaspar,nan,Benito Juárez,19.38346,-99.17498,Private room,2282.0,1.0,0,nan,nan,1,365,0,nan
1676120960812665719,Casa Ribera Suites,381307542,1.4697800550707753e+18,Jou,nan,Cuauhtémoc,19.4455193,-99.1598072,Private room,920.0,3.0,1,2026-05-07,0.71,1,365,1,nan
1460553544755968706,ResortStyle in the heart of CDMX
2 bedrms - 2 bath,705994107,1.4707526669037558e+18,Leonardo,nan,Cuauhtémoc,19.43479,-99.15616,Entire home/apt,4228.0,2.0,53,2026-06-08,4.94,1,273,53,nan
1482312413725766153,Habitación Amplia en cómodo Dpto,671337605,1.470682439679866e+18,Smart Residences Latam,nan,Benito Juárez,19.36332,-99.18445,Private room,519.0,7.0,0,nan,nan,5,339,0,nan
38125623,Loft Exlcusivo en Coyoacan, Amenidades de lujo,287901452,1.469500990747976e+18,Cesar,nan,Coyoacán,19.35791,-99.16722,Entire home/apt,4707.0,4.0,0,nan,nan,1,44,0,nan
1262523237737306202,Habitación-1 cerca de Mitikah,225308569,1.4691970307765747e+18,Cristina,nan,Benito Juárez,19.36258,-99.17159,Private room,871.0,7.0,0,nan,nan,6,364,0,nan
44074486,Cama en Dormitorio Mixto 6 personas"Nopal 3"Hostal,79895724,1.4669750757705856e+18,Maria Esperanza,nan,Cuauhtémoc,19.43086,-99.16115,Shared room,445.0,1.0,22,2026-05-31,0.83,23,76,8,nan
1302447270917785673,Suite a un paso de Reforma,117198146,1.4681998909350584e+18,Juan Carlos,nan,Cuauhtémoc,19.4283359,-99.1605518,Entire home/apt,1370.0,1.0,1,2025-03-30,0.07,4,160,0,nan
33314147,⭐️ Cozy room in PH ROMA w/patio & balcony ☀️,46735462,1.462704395201619e+18,Miguel,nan,Cuauhtémoc,19.40339469909668,-99.16240692138672,Private room,684.0,1.0,177,2026-06-01,2.02,5,269,35,nan
1163779252109399723,bonito y muy bien ubicado depa,248942889,1.469319923330153e+18,Carlos,nan,Benito Juárez,19.3806261,-99.1713472,Entire home/apt,3042.0,1.0,61,2026-06-06,2.69,1,329,35,nan
1606690119861259799,Habitación Eden perfecta para 2 personas,727950045,1.549048539999756e+18,Danny,nan,Gustavo A. Madero,19.50057,-99.12763,Private room,602.0,1.0,7,2026-06-07,1.69,4,355,7,nan
1697431628338374833,Departamento cerca a Ciudad de los Deportes.,438334646,1.6974316292005565e+18,Alberto,nan,Benito Juárez,19.3812833,-99.1872028,Entire home/apt,2695.0,2.0,0,nan,nan,1,88,0,nan
1486410957474837722,Penthouse Amazing Views &Terrace,7174720,1.4627253133513526e+18,Rita,nan,Miguel Hidalgo,19.4302309,-99.1977292,Entire home/apt,19287.0,2.0,8,2026-04-17,1.02,11,358,8,nan
979317554403920673,D.-Habitación con baño privado,66449563,1.466821141432656e+18,Jose Manuel,nan,Coyoacán,19.34639030297337,-99.14665186140871,Private room,571.0,2.0,10,2025-09-20,0.34,6,22,1,nan
922922437088780502,Espacio tranquilo y seguro.,115587229,1.4681872723824722e+18,Victor Manuel,nan,Benito Juárez,19.3881827,-99.1654804,Private room,3082.0,2.0,2,2023-11-04,0.06,12,365,0,nan
1085831925041698714,Habitación en casa de huéspedes,559141139,1.470499870559702e+18,Hugo,nan,Coyoacán,19.329078206262,-99.14060588926075,Private room,2055.0,1.0,16,2026-05-10,0.63,5,198,11,nan
51218202,Casa Kansas PH - 3B / 3B,10802698,1.462849964017465e+18,Héctor,nan,Benito Juárez,19.3881,-99.1741,Entire home/apt,10108.0,2.0,80,2026-02-25,1.35,4,86,15,nan
1693651071256756975,Linda habitación impecable con baño compartido.,258247410,1.469364441280202e+18,Any,nan,Coyoacán,19.321490290406174,-99.14547826501234,Private room,3560.0,1.0,0,nan,nan,2,364,0,nan
1690883093447803474,15 minutos del Estadio Azteca,1688653134703251690,1.6908809643923487e+18,Paula Dolores,nan,Xochimilco,19.274347778116837,-99.12986855290794,Entire home/apt,1451.0,5.0,0,nan,nan,1,358,0,nan
1535947079297303105,Habitación en Nuevo Polanco,85737360,1.4670330070911396e+18,Daniel,nan,Miguel Hidalgo,19.444728936038903,-99.1763272358647,Private room,593.0,2.0,0,nan,nan,3,361,0,nan
7047856,Ap-2/Ideal for students in exchange,17262191,1.4630060193140595e+18,Alejandro,nan,Gustavo A. Madero,19.51677,-99.1583,Private room,685.0,5.0,1,2016-09-04,0.01,2,365,0,nan
1627214890269222965,Departamento amplio, Coyoacán,550760996,1.4704627681541844e+18,Ixtlixochitl,nan,Coyoacán,19.3343384,-99.1501165,Entire home/apt,891.0,1.0,3,2026-03-15,0.85,1,167,3,nan
1653198665795760158,Casa Rita,62594292,1.6531986665701734e+18,Emilio,nan,Coyoacán,19.323009,-99.1321599,Entire home/apt,8616.0,1.0,3,2026-04-26,1.32,1,359,3,nan
1256929391973958966,cuarto privado con experiencia mundialista,492423116,1.4638311243483484e+18,Kenan,nan,Venustiano Carranza,19.45165,-99.09468,Private room,3424.0,2.0,2,2024-11-17,0.1,3,365,0,nan
1651058673386191632,Habitación con servicios,379570584,1.4697752573253622e+18,Mario,nan,Coyoacán,19.32956700346736,-99.1318853572011,Private room,811.0,1.0,1,2026-05-03,0.65,1,364,1,nan
1203577391928885422,Departamento en CDMX,76030739,1.4669331530078792e+18,Laura,nan,Venustiano Carranza,19.426062910082205,-99.09825325842684,Entire home/apt,1655.0,1.0,42,2026-05-17,1.86,1,234,13,nan
1699676940402334442,Espacioso estudio en el corazón de CDMX. Del Valle,1698162308554551751,1.6981636133809928e+18,Ariel,nan,Benito Juárez,19.3698,-99.17274,Private room,1575.0,1.0,0,nan,nan,18,365,0,nan
1254950914982362951,Clásico muy amplio e iluminado,653952402,1.4706440040453565e+18,Gal,nan,Benito Juárez,19.3753068,-99.1599613,Entire home/apt,1216.0,2.0,9,2026-04-30,0.46,1,354,7,nan
1614725569023961987,Casa Termita - Departamento de 3 pisos con terraza,39158329,1.4626806478686597e+18,Teresa,nan,Benito Juárez,19.39053,-99.16676,Entire home/apt,4793.0,1.0,0,nan,nan,1,365,0,nan
669395556569746743,Azotea Amarilla,54845856,1.465898215028191e+18,Leo,nan,Cuauhtémoc,19.4416,-99.16456,Private room,559.0,3.0,13,2025-09-17,0.27,9,354,1,nan
1164735590462937170,Departamento con buena ubicación,555730587,1.4704815876206333e+18,Jaime Iván,nan,Cuauhtémoc,19.420030705325257,-99.14972855930036,Entire home/apt,1130.0,2.0,14,2026-02-16,0.66,1,259,6,nan
1397438819689586970,dulces sueños estrellas,453715496,1.4700414339133747e+18,Maria De Lourdes,nan,Venustiano Carranza,19.430788463149497,-99.09909501671792,Private room,1313.0,1.0,16,2026-05-28,1.12,2,364,15,nan
1663055852468064213,Habitación génesis,736968149,1.5878489185647916e+18,Artemisa Alojamiento,nan,Venustiano Carranza,19.426462744751348,-99.09806538373232,Private room,1144.0,1.0,2,2026-05-28,0.95,6,360,2,nan
1695955179845157483,Excelente casa en Coyoacan,548249606,1.4704527577271168e+18,Richard,nan,Coyoacán,19.34707,-99.13017,Entire home/apt,8902.0,1.0,0,nan,nan,1,365,0,nan
1574151593305361756,Recámara con excelente relación costo benefició,42703682,1.4626914089484905e+18,Jesus,nan,Venustiano Carranza,19.425036165126787,-99.05570368174791,Private room,600.0,1.0,1,2025-12-13,0.16,6,358,1,nan
1447251414681881019,Habitacion Cuadruple, 1.5 Baños Compartidos,180725654,1.4687444893578348e+18,Residence Jardines Cdmx,nan,Coyoacán,19.34634948800064,-99.12629545026245,Private room,1295.0,1.0,5,2026-05-10,0.42,9,365,5,nan
1183076092026669280,Cozy Standard Two Beds Stay in Ciudad de Mexico,584578702,1.4705983832036142e+18,Daniela Levya,nan,Cuauhtémoc,19.420001756179897,-99.14531632473782,Private room,2334.0,1.0,1,2024-07-30,0.04,5,339,0,nan
716041992058103720,Spacious room with closet.,31038748,1.4654568189076972e+18,Josselin,nan,Benito Juárez,19.36434,-99.15962,Private room,446.0,14.0,4,2026-06-07,0.09,3,333,2,nan
1265909952314034808,Cuarto en Lomas de Chapultepec,44591145,1.465661999567124e+18,Maria,nan,Miguel Hidalgo,19.42067898840698,-99.20731384774346,Private room,310.0,31.0,0,nan,nan,1,306,0,nan
809417085654177703,cuarto anexo dentro de edificio,468592349,1.4701127779631506e+18,Victor Daniel,nan,Miguel Hidalgo,19.42523276856517,-99.19618324373772,Entire home/apt,3265.0,31.0,0,nan,nan,2,358,0,nan
1197757301704528078,Tu acogedor refugio en la ciudad,80945276,1.466985315977077e+18,Matthew,nan,Benito Juárez,19.361569345269054,-99.14224829974162,Entire home/apt,1260.0,3.0,0,nan,nan,1,268,0,nan
1688137649266566891,Encanto en Coyoacán: Depa con Balcón y Vista,382212721,1.6881376501006108e+18,Ian Mengoni,nan,Benito Juárez,19.36638,-99.16278,Private room,3652.0,10.0,0,nan,nan,1,365,0,nan
625221585069610512,Hermoso Loft c/patio 15 min centro Coyoacán,56264441,1.4627340138281475e+18,Silvia,nan,Coyoacán,19.35218070865569,-99.14925523325893,Entire home/apt,448.0,4.0,0,nan,nan,2,351,0,nan
26734656,Habitaciones a 5 min del metro,160937155,1.4685655283448535e+18,Fernanda,nan,Benito Juárez,19.3767569,-99.1571161,Private room,399.0,15.0,0,nan,nan,1,364,0,nan
1174161074290491767,Departamento completo 4,519896069,1.4703392628683743e+18,Angie,nan,Iztapalapa,19.321219338749167,-99.05176338765384,Entire home/apt,503.0,1.0,64,2026-04-25,2.68,3,326,25,nan
913408526223989643,Departamento completo 5,519896069,1.4703392628683743e+18,Angie,nan,Iztapalapa,19.321565638528355,-99.0525382384658,Entire home/apt,460.0,1.0,79,2026-05-23,2.19,3,339,38,nan
781742960618968723,Condesa la mejor zona, 2 ambientes depto. Completo,1491836,1.4625472971305774e+18,Federico,nan,Miguel Hidalgo,19.4035642,-99.171921,Entire home/apt,3559.0,1.0,165,2026-06-06,3.92,2,364,49,nan
1511015169842426536,Big Apartment to Share in Roma’s Most Lively Spot,30246890,1.4626508889419226e+18,Señor M,nan,Cuauhtémoc,19.4178231,-99.1594557,Entire home/apt,3681.0,2.0,0,nan,nan,10,259,0,nan
1197165578144339869,Acogedor cuarto en el corazón de la Roma Norte,68238620,1.487904950924202e+18,Tatiana,nan,Cuauhtémoc,19.416148234810134,-99.15777328357106,Private room,1354.0,3.0,29,2026-02-25,1.29,2,44,4,nan
1395853416796760193,Hogar céntrico en Roma Norte con estacionamiento,689133242,1.4707192372133972e+18,Gela,nan,Cuauhtémoc,19.4185363,-99.1567503,Entire home/apt,2944.0,2.0,20,2026-05-25,1.4,1,7,16,nan
47108661,Espectacular Departamento con Vista Panorámica,301761588,1.4695474041665994e+18,Fabiola,nan,Benito Juárez,19.36363,-99.16208,Entire home/apt,4021.0,8.0,0,nan,nan,2,365,0,nan
924185201717955178,La casa de María. Habitación Jacaranda,47784609,1.4657217321494226e+18,Maria Esthela,nan,Benito Juárez,19.38719220285685,-99.16720255758509,Private room,514.0,2.0,29,2026-05-20,0.85,3,355,13,nan
1396002725261134494,Casa cristal,516541119,1.470323766477808e+18,Francisco,nan,Iztacalco,19.420301365004185,-99.06314907590196,Entire home/apt,6779.0,1.0,0,nan,nan,15,320,0,nan
1685727660834503347,Sweet Susy,564657896,1.685727661554464e+18,Karen,nan,Iztapalapa,19.37033,-99.12712,Private room,518.0,2.0,0,nan,nan,1,364,0,nan
1626988363334326662,Lindo depa a 25 minutos del Estadio Azteca,20229514,1.626974394057075e+18,Leiram,nan,Benito Juárez,19.37709,-99.13834,Entire home/apt,1560.0,1.0,0,nan,nan,1,230,0,nan
755852053208083237,Ubicación cerca Embajadas, y centros de negocios,486924940,1.4701914644982305e+18,Federico,nan,Miguel Hidalgo,19.41851,-99.21955,Private room,2169.0,1.0,0,nan,nan,1,359,0,nan
1527706461540983223,Hermosa habitación amueblada,514345990,1.4703134703823974e+18,José Luis,nan,Iztapalapa,19.32184961810754,-99.09086562732196,Private room,571.0,3.0,0,nan,nan,3,364,0,nan
1616836622798032501,Cómoda habitación con baño privado,392817275,1.6168366235746908e+18,Jazmin,nan,Iztacalco,19.40366172993791,-99.07675489783288,Private room,788.0,1.0,9,2026-05-28,2.21,1,86,9,nan
45994315,Habitación en departamento iluminado con servicios,199582238,1.4690403571897267e+18,Erika,nan,Iztapalapa,19.37433,-99.13305,Private room,1142.0,2.0,2,2023-10-30,0.05,2,89,0,nan
1703333164431122471,Departamento y Alojamiento, Karol en Cantera,377876539,1.4697714560198226e+18,Lucero,nan,Coyoacán,19.3312953,-99.1537448,Entire home/apt,1180.0,2.0,0,nan,nan,1,348,0,nan
1514791070409086592,D11 Aeropuerto CDMX T1-T2, estadio GNP, Tapo,487830692,1.4701954122319757e+18,Marco Antonio,nan,Venustiano Carranza,19.4307042,-99.1005345,Entire home/apt,764.0,1.0,68,2026-06-15,7.73,2,213,68,nan
1634167348584085933,Lindo departamento en Ciudad de México,338798417,1.6356930584955466e+18,Poncho,nan,Benito Juárez,19.3947344,-99.1412698,Entire home/apt,1278.0,3.0,6,2026-06-05,2.43,1,345,6,nan
1339469732348655092,Departamento F2,333677533,1.4696440203175708e+18,David,nan,Venustiano Carranza,19.420355627200447,-99.09830161188086,Entire home/apt,343.0,1.0,3,2025-05-22,0.19,8,166,0,nan
1181140509429994955,Recamara, tranquila-agradable, .,490856795,1.4702100560251878e+18,Victor,nan,Tlalpan,19.300112381590477,-99.2189947111145,Private room,659.0,1.0,11,2026-04-18,0.46,5,269,3,nan
1607314960631614920,cuarto para 1 o 2 personas cerca del estadio aztec,742615886,1.6073149613466332e+18,Isaias Efren,nan,Coyoacán,19.3231006,-99.1459535,Private room,456.0,1.0,0,nan,nan,2,364,0,nan
1083518894772654582,Departamento agradable.,292744995,1.4695153772424868e+18,Fhernando,nan,Iztacalco,19.41944826079709,-99.06706038862468,Private room,183.0,1.0,1,2024-03-03,0.04,1,253,0,nan
1398894787212711600,Habitación cerca de t2 de el aeropuerto CDMX,689891163,1.4707208585788257e+18,Oscar Miguel,nan,Venustiano Carranza,19.425794227533583,-99.06914197800316,Entire home/apt,730.0,1.0,0,nan,nan,1,364,0,nan
1438124391976174058,desconéctate de la rutina,652870178,1.4639013356300626e+18,Javier,nan,Coyoacán,19.32738114774393,-99.14940554648638,Private room,456.0,1.0,0,nan,nan,1,364,0,nan
1190064191743569627,Habitación, Hospital Pemex, Ángeles, Plaza Arts.,490856795,1.4702100560251878e+18,Victor,nan,Tlalpan,19.3005546182118,-99.21903335837104,Private room,500.0,2.0,0,nan,nan,5,350,0,nan
1526883804811702602,Mundial,574437710,1.4638863066892995e+18,Maya,nan,Coyoacán,19.32825,-99.14774,Private room,912.0,1.0,0,nan,nan,2,364,0,nan
1613834624334835379,Penthouse Moderno con Vistas Panorámicas,744343903,1.6138346249338286e+18,Gustavo Emiliano,nan,La Magdalena Contreras,19.3036199,-99.2455401,Entire home/apt,2030.0,1.0,0,nan,nan,1,355,0,nan
1633517446931691442,Habitación cómoda a 20 min del centro de Coyoacán,300206462,1.6335174476390817e+18,Jenny,nan,Coyoacán,19.3280483,-99.1477446,Private room,685.0,1.0,0,nan,nan,1,364,0,nan
718334530950256360,Casa San Jerónimo en Familia,215518940,1.4631955222172332e+18,Jose Francisco,nan,La Magdalena Contreras,19.31457227995828,-99.2373447865248,Entire home/apt,2425.0,2.0,0,nan,nan,1,365,0,nan
1442886765569769969,Aquí es.,701121126,1.4707438774671908e+18,Lyn,nan,Tlalpan,19.30266,-99.22267,Entire home/apt,859.0,1.0,0,nan,nan,1,89,0,nan
1542837010380846978,Departamento a 5 KM del Estadio Banorte- Azteca.,726504473,1.5428370111414492e+18,Karen,nan,Tlalpan,19.30698,-99.21531,Entire home/apt,13694.0,2.0,0,nan,nan,1,365,0,nan
1309022468809576179,Habitación amplia con baño completo y cama king,550521524,1.470461796914872e+18,José Jaime,nan,La Magdalena Contreras,19.31205,-99.22398,Private room,nan,1.0,0,nan,nan,3,88,0,nan
859605118613644591,Amplias y cómodas habitaciones,507980926,1.4702834728146053e+18,Francisco Javier,nan,Coyoacán,19.33409619504869,-99.12769876420498,Private room,457.0,1.0,2,2023-04-09,0.05,1,364,0,nan
11551168,Departamento Coyoacán,58191051,1.4666975059819062e+18,Yvonne,nan,Coyoacán,19.32184,-99.14977,Entire home/apt,59399.0,2.0,29,2023-07-29,0.23,1,153,0,nan
1444652025612551995,Bonito y acogedor departamento,701556782,1.4707446256917972e+18,Enrique,nan,Gustavo A. Madero,19.46408,-99.08892,Entire home/apt,1370.0,1.0,51,2026-06-07,4.23,1,356,51,nan
49701879,Habitación en casa compartida.,169376863,1.468638029166224e+18,Rodrigo,nan,Gustavo A. Madero,19.484048869186434,-99.07252466278888,Private room,571.0,1.0,0,nan,nan,1,158,0,nan
1012473508603010949,Habitación hospedaje rápido,365783183,1.4697366193782646e+18,Sinuhe,nan,Gustavo A. Madero,19.47547,-99.07128,Private room,509.0,1.0,1,2023-10-29,0.03,1,255,0,nan
852980928120092765,Hermoso apartamento,201217048,1.4631431588675256e+18,Humberto,nan,Coyoacán,19.32992590202915,-99.1531967739297,Entire home/apt,nan,1.0,5,2024-05-26,0.13,1,0,0,nan
24155493,Gorgeous apartment with courtyard in Roma Norte,54548897,1.4658892805452027e+18,Victoria,nan,Cuauhtémoc,19.40986,-99.16627,Entire home/apt,3006.0,1.0,324,2026-05-24,3.3,2,291,40,nan
1442996902261195009,Departamento amplio en condesa,487725046,1.4701949935340273e+18,Veronica,nan,Cuauhtémoc,19.4056049,-99.1703585,Private room,1900.0,1.0,0,nan,nan,29,107,0,nan
34647395,Departamento roma,141911207,1.468402389087252e+18,Fabian,nan,Cuauhtémoc,19.41794,-99.15612,Entire home/apt,1222.0,1.0,70,2026-05-29,0.86,1,244,8,nan
1333500541147143602,Departamento amplio y equipado,363707531,1.4697309474186803e+18,Mateo,nan,Benito Juárez,19.38520873333948,-99.14310069955916,Entire home/apt,1241.0,30.0,0,nan,nan,1,365,0,nan
1638848580385344151,Habitación grande cerca de Coyoacán.,206987898,1.4631553369040614e+18,Gonzalo,nan,Benito Juárez,19.36071,-99.17298,Private room,3492.0,3.0,0,nan,nan,4,365,0,nan
1440707116018186098,Apartment in the heart of Coyoacan for Mundial 26,11270308,1.462861038247616e+18,Aura,nan,Coyoacán,19.357465,-99.159541,Entire home/apt,2807.0,5.0,0,nan,nan,1,247,0,nan
815210300534270464,Hermoso loft en la Narvarte,451155818,1.470031262822984e+18,Alfonso,nan,Benito Juárez,19.39213,-99.14983,Entire home/apt,1369.0,1.0,11,2026-05-31,0.27,2,13,8,nan
1575534244709104323,Harmony77depa,272897686,1.5755342453569083e+18,Viviana,nan,Cuauhtémoc,19.4038104,-99.1383756,Entire home/apt,913.0,3.0,2,2026-02-22,0.49,1,197,2,nan
1061609611506568225,Habitación amplia con baño.,39661135,1.4655921973401423e+18,Miguel,nan,Benito Juárez,19.38087,-99.13854,Private room,1484.0,1.0,4,2026-02-23,0.2,1,363,2,nan
51804597,Private bedroom in family home with services,192350120,1.4690001232856343e+18,Luis Ramón,nan,Cuauhtémoc,19.45832,-99.13793,Private room,476.0,3.0,13,2025-01-08,0.23,3,89,0,nan
27756607,Comfortable room_ ones bed and private bathroom,104246904,1.4672530986094625e+18,Adriana,nan,Coyoacán,19.34039,-99.13355,Private room,468.0,2.0,15,2023-03-06,0.16,1,320,0,nan
1566887414756878936,Room in Mexico City,235349481,1.469252999530929e+18,Daniel,nan,Benito Juárez,19.36946,-99.13779,Private room,640.0,1.0,0,nan,nan,1,364,0,nan
914091413725920783,Departamento de lujo en Santa Fe,32799848,1.4654807234325327e+18,Claudia,nan,Álvaro Obregón,19.37803,-99.25648,Entire home/apt,1568.0,2.0,72,2026-03-02,1.99,2,14,21,nan
619396430943539912,102 Habitacion Privada,181711802,1.4687536489956772e+18,Anselmo,nan,Álvaro Obregón,19.3592,-99.17466,Private room,620.0,1.0,65,2026-05-11,1.3,10,353,8,nan
1154491198983236116,Apartamento en CDMX 2 Recamara,577040397,1.470576765073943e+18,DCT O&M S.A. De C.V. By Moises Cherem,nan,Benito Juárez,19.400131653080635,-99.1460464206388,Entire home/apt,1200.0,1.0,0,nan,nan,16,10,0,nan
1701895438911439243,Rooftop Roma norte, CDMX.,1698162308554551751,1.6981636133809928e+18,Ariel,nan,Cuauhtémoc,19.422056327642707,-99.16189203355404,Entire home/apt,nan,1.0,0,nan,nan,18,0,0,nan
51348139,301 compacto frente Liverpool Polanco,65155381,1.4627684238869878e+18,Leozone Hospitality,nan,Miguel Hidalgo,19.43273,-99.18077,Private room,741.0,1.0,215,2026-05-16,3.62,37,356,65,nan
1688463420936452727,Cozy Room Near Alameda Central,299351097,1.487962084846426e+18,U-Co,nan,Cuauhtémoc,19.43343134089091,-99.14575937556668,Private room,1235.0,1.0,1,2026-05-23,1.0,32,360,1,nan
1559682779410500967,Condesa, habitación  para 4 personas,730405675,1.559669142430022e+18,Antonio,nan,Cuauhtémoc,19.40982,-99.1785,Private room,1199.0,1.0,6,2026-05-27,0.94,4,359,6,nan
1688441927929329847,Cozy Room Near Alameda Central,299351097,1.487962084846426e+18,U-Co,nan,Cuauhtémoc,19.4340603,-99.1469196,Private room,1235.0,1.0,3,2026-05-31,3.0,32,362,3,nan
1443665521628963703,Habitación céntrica zona La Raza,349457466,1.469695241958516e+18,Luis,nan,Cuauhtémoc,19.45971,-99.14857,Private room,438.0,7.0,0,nan,nan,1,89,0,nan
1617577634431911082,Suite de Lujo en San Jerónimo, Periférico.,745307646,1.6175776350371387e+18,Veronica,nan,Álvaro Obregón,19.3359098,-99.2065023,Entire home/apt,2968.0,1.0,28,2026-06-01,6.77,1,355,28,nan
1065340612508335332,Recámara en condominio.,370013333,1.4697480614271693e+18,Ma Delia,nan,Álvaro Obregón,19.348966392221133,-99.22671250998974,Private room,423.0,1.0,93,2026-05-30,3.21,1,348,30,nan
780371960362574384,Casa Luciana Condesa,179833599,1.4687364779439695e+18,Jorge,nan,Cuauhtémoc,19.41175,-99.1777,Private room,6200.0,1.0,0,nan,nan,2,365,0,nan
1705352445485037773,Suite VIP con baño privado,71495487,1.466884123445153e+18,Jonatan,nan,Tlalpan,19.27607,-99.14342,Private room,1571.0,1.0,0,nan,nan,3,333,0,nan
1665804933760336223,Hospédate 5 min Estadio Banorte(Azteca) Mundial 26,392732829,1.4635971142016187e+18,Magda,nan,Tlalpan,19.28689,-99.13228,Private room,1570.0,2.0,0,nan,nan,1,269,0,nan
1371797763621261983,Large Room Close to Copilco,680152794,1.4707008793935306e+18,Alfonso,nan,Coyoacán,19.333030495408572,-99.16261947583436,Private room,457.0,1.0,0,nan,nan,1,364,0,nan
1617886867936402594,Acogedora recámara con baño propio,238734076,1.4692702091678083e+18,Karen,nan,Coyoacán,19.3233236,-99.1562166,Private room,2625.0,2.0,0,nan,nan,2,364,0,nan
1509002900541354499,Loft 205 Narvarte,119507082,1.462916299979591e+18,Noox,nan,Benito Juárez,19.3876737,-99.1498313,Private room,1749.0,3.0,2,2026-01-05,0.34,4,365,2,nan
1274748698779644449,Hermoso departamento,450314319,1.4700276539981852e+18,Jorge,nan,Cuauhtémoc,19.42075402123944,-99.14205894157404,Entire home/apt,1283.0,3.0,13,2026-05-23,0.66,1,71,11,nan
1441621338069483832,Habitación en Eje Central con baño propio,592543878,1.463894200989271e+18,José,nan,Cuauhtémoc,19.445118633380545,-99.13889697360312,Private room,799.0,2.0,5,2026-02-22,0.64,3,89,5,nan
43474377,Modern & fully Equipped Apartment great views • 8,129481878,1.4682984946771282e+18,Pablo,nan,Miguel Hidalgo,19.39532,-99.2387,Entire home/apt,1769.0,2.0,1,2020-09-17,0.01,12,108,0,nan
34606239,Habitación privada y segura No1,260066601,1.469374114936709e+18,Isabel,nan,Cuajimalpa de Morelos,19.38945,-99.26256,Private room,697.0,1.0,67,2026-06-14,0.79,2,266,14,nan
1461030996730384569,habitación iluminada,537921913,1.4704126221826842e+18,Laura Alicia,nan,Álvaro Obregón,19.383561532861187,-99.22794512768326,Private room,458.0,1.0,1,2025-07-18,0.09,3,357,1,nan
1675559327910091207,Casa sencilla y acogedora adaptada para el mundial,135070902,1.4683465717129088e+18,Carolina,nan,Tlalpan,19.29003,-99.13846,Entire home/apt,5421.0,2.0,0,nan,nan,1,50,0,nan
1350073678663899880,Departamento grande Xochimilco CDMX Coapa,540054667,1.470420778561124e+18,Brenda,nan,Xochimilco,19.2724,-99.12794,Entire home/apt,1849.0,2.0,1,2025-02-09,0.06,1,335,0,nan
1700506231154640365,habitaciónes a 5 minutos del estadio azteca,730556823,1.6845509378058435e+18,Diana,nan,Tlalpan,19.29197,-99.1597,Private room,1940.0,1.0,0,nan,nan,2,364,0,nan
1701996548042749015,Mini Casa para 4 personas por el Estadio Azteca,468740933,1.4701134151125235e+18,Jorge Antonio,nan,Tlalpan,19.27647351179625,-99.17135994169716,Entire home/apt,380.0,1.0,0,nan,nan,1,364,0,nan
1663171279427330218,Depa 06 Jardín Diana Tacuba,106422327,1.4672905465213957e+18,Luis Fernando,nan,Miguel Hidalgo,19.454959584752512,-99.18505009263754,Entire home/apt,475.0,2.0,2,2026-05-30,2.0,4,25,2,nan
1553100986926475190,Increíble Contenedor Marítimo 89,348389387,1.4696919313406205e+18,Daniel,nan,Azcapotzalco,19.47818596085629,-99.1884334140764,Entire home/apt,634.0,1.0,48,2026-06-01,6.73,67,338,48,nan
1669626639912194149,Huge Villa for up to 20 Guests near Azteca Stadium,176821334,1.6696266405721418e+18,Edgar,nan,Tlalpan,19.27805,-99.16754,Entire home/apt,34236.0,2.0,0,nan,nan,1,362,0,nan
28613249,INCAN Zona de Hospitales Tlalpan,80568143,1.466981621828173e+18,Elizabeth Lucero,nan,Tlalpan,19.27971,-99.17066,Private room,457.0,1.0,16,2026-05-17,0.17,9,334,2,nan
1615605680193870590,Práctico departamento, con todo lo esencial,451634738,1.463734819695489e+18,Ricardo,nan,Azcapotzalco,19.48817,-99.19625,Entire home/apt,913.0,2.0,4,2026-05-11,0.97,1,337,4,nan
1025534083261016384,Departamento cómodo y céntrico. estadio azteca,220950440,1.46916703795484e+18,Alejandro,nan,Coyoacán,19.325438048621898,-99.14027670370484,Entire home/apt,5820.0,1.0,2,2026-05-28,0.06,1,250,1,nan
1635798619763923863,habitacion confortable frente al aeropuerto,509589172,1.6357985892183017e+18,Fernando,nan,Venustiano Carranza,19.43274,-99.09382,Private room,765.0,1.0,14,2026-06-09,5.45,2,230,14,nan
1590829454128738300,Departamento Completo | WiFi | Excelente Ubicación,214207783,1.5908294547415409e+18,Tatz,nan,Benito Juárez,19.37108,-99.14506,Entire home/apt,1655.0,2.0,2,2026-04-29,0.49,1,338,2,nan
1084204809235290692,Charming & quiet apt in Condesa,7658123,1.4627378049853501e+18,Angela Del Sol,nan,Cuauhtémoc,19.410301593219145,-99.17643137940456,Private room,628.0,1.0,0,nan,nan,1,251,0,nan
1527241740551387562,Cuarto Privado con Experiencia Mundialista,492423116,1.4638311243483484e+18,Kenan,nan,Gustavo A. Madero,19.45184,-99.09636,Private room,3995.0,1.0,0,nan,nan,3,364,0,nan
1453822104658728357,Habitacion Matrimonial Con Baño Privado,180725654,1.4687444893578348e+18,Residence Jardines Cdmx,nan,Coyoacán,19.34662,-99.12788,Private room,695.0,1.0,12,2026-04-12,1.05,9,163,12,nan
1380817619396460700,confortable y tranquilo,682227337,1.4707048199557716e+18,Angel Gerardo,nan,Coyoacán,19.33540107468432,-99.1354713128832,Private room,1278.0,1.0,0,nan,nan,2,364,0,nan
1701084415365456978,Con mucho estilo departamento al sur de CDMX,101473204,1.462873719481136e+18,Emiliano,nan,Coyoacán,19.342493547269644,-99.14889361839468,Entire home/apt,2470.0,2.0,0,nan,nan,3,359,0,nan
1676843557616342469,Habitación a 10 minutos del estadio Azteca CDMX,559141139,1.470499870559702e+18,Hugo,nan,Coyoacán,19.3287615,-99.140694,Private room,2055.0,1.0,3,2026-06-01,2.05,5,351,3,nan
1620789474554276304,Casita,167376937,1.4630349459343706e+18,Elizabeth,nan,Tlalpan,19.29249,-99.14677,Entire home/apt,1282.0,3.0,0,nan,nan,5,361,0,nan
1674857455763357190,Portales Apt compartido CDMX,518666178,1.470333713528838e+18,Vivek,nan,Benito Juárez,19.37043,-99.14666,Private room,799.0,2.0,2,2026-05-29,1.33,1,312,2,nan
14340825,Cozy 1 bedroom mini apartment,15443387,1.4625941185136074e+18,Luis,nan,Coyoacán,19.34291,-99.1481,Entire home/apt,1199.0,1.0,3,2024-10-20,0.09,1,364,0,nan
1453754218076107318,Habitacion Cuadruple 1.5 Baño Compartido,180725654,1.4687444893578348e+18,Residence Jardines Cdmx,nan,Coyoacán,19.34723,-99.12567,Private room,995.0,1.0,1,2025-07-21,0.09,9,364,1,nan
16094122,Room with private bathroom, Coyoacán,88958702,1.467079070783819e+18,Mikel,nan,Coyoacán,19.34267,-99.16973,Private room,514.0,2.0,13,2024-11-13,0.11,2,187,0,nan
1704357158119294596,Casa Sonora 206,1703313734365280113,1.7033139156298685e+18,Fortis,nan,La Magdalena Contreras,19.31462,-99.22378,Private room,1206.0,2.0,0,nan,nan,15,365,0,nan
1511107122176892032,Alojamiento en CDMX Dormitorio Queer de 6 personas,261044377,1.4693796156254935e+18,Casa Pepe,nan,Cuauhtémoc,19.42885,-99.1311,Shared room,654.0,1.0,1,2026-04-17,0.48,9,237,1,nan
1698053876877550515,Agradable departamento amueblado,1698051444407059776,1.698053049149425e+18,Ivan,nan,Cuauhtémoc,19.426901792314595,-99.1272365992822,Entire home/apt,1643.0,1.0,0,nan,nan,1,365,0,nan
1610362742787053816,Hotel Patria,581743320,1.4705904621226033e+18,Bashir,nan,Cuauhtémoc,19.42782,-99.13084,Private room,1193.0,1.0,1,2026-02-15,0.24,9,365,1,nan
1610353336338287958,Hotel Patria,581743320,1.4705904621226033e+18,Bashir,nan,Cuauhtémoc,19.42985,-99.13095,Private room,1139.0,1.0,7,2026-05-23,1.62,9,360,7,nan
1179054985175920650,Hotel Patria,581743320,1.4705904621226033e+18,Bashir,nan,Cuauhtémoc,19.428311502835133,-99.13052359049873,Private room,1139.0,1.0,1,2024-06-30,0.04,9,365,0,nan
1435074406212552723,habitación tipo cabaña,580605160,1.4705872564276997e+18,Carlos,nan,Azcapotzalco,19.4707607,-99.1854708,Private room,554.0,1.0,117,2026-06-13,9.67,5,304,117,nan
1637976757860135891,cómoda habitación en departamento,492340810,1.6379767586487578e+18,Tania Maria,nan,Azcapotzalco,19.47625670313513,-99.18880820274352,Private room,678.0,1.0,0,nan,nan,1,365,0,nan
1614676395635452016,Increíble Contenedor Marítimo 08,348389387,1.4696919313406205e+18,Daniel,nan,Azcapotzalco,19.47971,-99.1902,Entire home/apt,605.0,1.0,17,2026-05-23,4.08,67,351,17,nan
1345281556992979443,Increíble Contenedor Marítimo 38,348389387,1.4696919313406205e+18,Daniel,nan,Azcapotzalco,19.47930014673017,-99.19014373825922,Entire home/apt,634.0,1.0,90,2026-05-31,5.78,67,357,68,nan
1510398168439964426,habitación con espacio de trabajo,580605160,1.4705872564276997e+18,Carlos,nan,Azcapotzalco,19.4715,-99.18618,Private room,554.0,1.0,33,2026-06-16,3.65,5,339,33,nan
837777970960910350,Hermoso Depa por Six flags,456019534,1.4637455898529577e+18,Lalo,nan,Tlalpan,19.2911024652312,-99.2217531055212,Entire home/apt,759.0,2.0,4,2025-04-18,0.1,8,319,0,nan
1705489519578954028,Elegante Residencia con Estilo Clásico y Confort,661047867,1.705489520243842e+18,Jose Manuel,nan,Álvaro Obregón,19.320245291512425,-99.20173886565134,Entire home/apt,4678.0,1.0,0,nan,nan,2,365,0,nan
1610357983243050268,Hotel Patria,581743320,1.4705904621226033e+18,Bashir,nan,Cuauhtémoc,19.429645703240716,-99.1304733390278,Private room,1139.0,1.0,2,2026-05-10,1.0,9,365,2,nan
948049739680164217,Cómoda habitación moderna, céntrica,483375606,1.4701764289423956e+18,Miguel Angel,nan,Álvaro Obregón,19.395240551986305,-99.20822102576494,Private room,770.0,1.0,23,2026-05-10,0.66,2,197,13,nan
52494340,Loreto Inmuebles / Hotel Antas Cama Matrimonial,424894297,1.4699269205374518e+18,Loreto Inmuebles SA De C.V,nan,Cuauhtémoc,19.4329,-99.12462,Private room,5000.0,1.0,71,2026-03-02,1.26,3,364,10,nan
1658072504131811951,Departamento moderno a distancia media del estadio,755651140,1.6580725050122094e+18,Pedro,nan,Tlalpan,19.27875,-99.23668,Entire home/apt,2853.0,1.0,0,nan,nan,1,365,0,nan
1460897345825064997,Cómoda habitación de descanso,92867091,1.4628544421047708e+18,Graciela,nan,Tlalpan,19.30421,-99.22271,Private room,645.0,1.0,27,2026-06-07,2.41,3,355,27,nan
1703935246945995378,Casa Sonora 201,1703313734365280113,1.7033139156298685e+18,Fortis,nan,La Magdalena Contreras,19.31435,-99.22437,Private room,1798.0,2.0,0,nan,nan,15,270,0,nan
886414423419189511,Roma Big Classic Apartment,66522047,1.466821967464911e+18,Stefano,nan,Cuauhtémoc,19.40371504370352,-99.1617279801274,Entire home/apt,9700.0,1.0,64,2026-04-26,1.78,19,344,11,nan
1612452403307838367,Loft equipado y privado,456019534,1.4637455898529577e+18,Lalo,nan,Tlalpan,19.29118917133897,-99.22179501503706,Entire home/apt,834.0,2.0,1,2026-02-11,0.24,8,298,1,nan
9299896,SUITES AMUEBLADAS RENTA SUR MEXICO,48279273,1.4657296342345859e+18,Osvaldo,nan,Tlalpan,19.2913,-99.21348,Private room,457.0,1.0,3,2021-06-19,0.03,1,364,0,nan
1303573598631304356,Hermosa casa un oasis dentro de la ciudad.,537801966,1.4638709738273165e+18,Brenda,nan,Tlalpan,19.2849108,-99.2108554,Entire home/apt,3350.0,1.0,17,2025-12-20,0.93,3,353,6,nan
1686767011807880622,Depto. con dos habitaciones, baño y cocina.,747113933,1.6247232051020785e+18,Jesus,nan,Cuauhtémoc,19.417856183986014,-99.15615890800932,Entire home/apt,1644.0,1.0,1,2026-06-13,1.0,1,360,1,nan
14303935,Room for rent close to The College of Mexico,75222161,1.4669247911451267e+18,Tony,nan,Tlalpan,19.27899,-99.21664,Private room,742.0,2.0,0,nan,nan,1,87,0,nan
1703401218741436321,Espacioso con terraza y vistas a reforma - CDMX,1698162308554551751,1.6981636133809928e+18,Ariel,nan,Cuauhtémoc,19.418452913531635,-99.15602447370902,Entire home/apt,1473.0,1.0,0,nan,nan,18,359,0,nan
1678755133203087369,“Depa moderno en Narvarte | Ubicación top CDMX”,259435369,1.6787551340685253e+18,Norma Angelica,nan,Benito Juárez,19.38693,-99.15692,Entire home/apt,1883.0,1.0,0,nan,nan,1,335,0,nan
1579176411108316552,Amplia E Iluminada Casa Con Terraza En Narvarte,485914626,1.4701873742488545e+18,Anton,nan,Benito Juárez,19.3905861,-99.1581182,Entire home/apt,6779.0,1.0,0,nan,nan,17,160,0,nan
1445811447114098293,Jade Suite,454992561,1.4700471058186522e+18,Paris,nan,Benito Juárez,19.38888,-99.16129,Entire home/apt,1110.0,2.0,9,2026-05-20,0.95,3,361,9,nan
44451200,Siéntete como en tu casa,119377275,1.4682170567938028e+18,Leslie,nan,Benito Juárez,19.38652,-99.15852,Private room,571.0,1.0,0,nan,nan,1,358,0,nan
42143341,hermosa habitacion con todos los servicios y baño,232846137,1.4692408950967414e+18,Lila,nan,Benito Juárez,19.39007,-99.16961,Private room,5531.0,30.0,0,nan,nan,1,365,0,nan
1585166120105854693,Estancia cómoda en Polanco,253156605,1.4693408470629699e+18,Oscar,nan,Miguel Hidalgo,19.44328806095038,-99.17803422000708,Entire home/apt,1484.0,1.0,0,nan,nan,1,184,0,nan
1374980509987772853,Roma Sur Home with Rooftop & BBQ | FIFA World Cup,104953556,1.4628826920219569e+18,Dave And Nat,nan,Cuauhtémoc,19.40601,-99.16131,Entire home/apt,8372.0,1.0,36,2026-05-17,2.6,80,311,33,nan
1581301656645795251,La casa del Palomar,242545805,1.4632783580884526e+18,Roberto,nan,Coyoacán,19.3478239,-99.165078,Entire home/apt,1826.0,2.0,5,2026-05-31,1.03,4,257,5,nan
1634890176615172527,Quiet and comfortable 4-bed/4-bath apt in Polanco.,101233288,1.63489017745919e+18,Alex,nan,Miguel Hidalgo,19.43048,-99.20456,Entire home/apt,3894.0,5.0,0,nan,nan,1,297,0,nan
1621111730883478167,Condesa Roma Reforma Polanco Narvarte Pepsi Center,247112495,1.4632902947513382e+18,Budget Rooms Mexico City,nan,Miguel Hidalgo,19.40703,-99.18548,Private room,339.0,1.0,16,2026-05-17,4.36,38,169,16,nan
1636564658530513684,Loft San Miguel Chapultepec,4913404,1.4625378825741297e+18,José David,nan,Miguel Hidalgo,19.40852,-99.18532,Entire home/apt,2283.0,2.0,1,2026-03-15,0.32,1,291,1,nan
1422591643025941833,Lovely share room near WTC 4,442404076,1.4699961367778132e+18,Diana,nan,Benito Juárez,19.38569136751685,-99.17929081632212,Private room,571.0,2.0,36,2026-06-14,3.06,8,361,36,nan
1645156872142124656,Amplia habitación cerca WTC,225501373,1.4691982966655665e+18,Pamela,nan,Benito Juárez,19.38756,-99.17715,Private room,856.0,1.0,6,2026-05-19,3.05,1,88,6,nan
1396460636856044213,Los Camilos Suite 8,168562394,1.4630375568117286e+18,Leila,nan,Coyoacán,19.34647079393768,-99.15779177074724,Private room,1598.0,1.0,2,2026-05-30,0.17,3,183,2,nan
1405268322804705132,Coyoacán el llorón,84110609,1.4670168451399163e+18,Ale,nan,Coyoacán,19.3425104,-99.162828,Private room,425.0,1.0,0,nan,nan,2,249,0,nan
1507360420737216141,Cozy Room Steps from WTC,442404076,1.4699961367778132e+18,Diana,nan,Benito Juárez,19.38526,-99.1797,Private room,501.0,2.0,20,2026-05-24,2.48,8,365,20,nan
1076413835977225254,Médicos Residentes y Estudiantes de Maestría,207240505,1.463155906889771e+18,Barsan,nan,Gustavo A. Madero,19.49285,-99.13581,Private room,284.0,7.0,3,2025-07-27,0.2,39,206,1,nan
39562186,Habitación privada en hermoso departamento Condesa,164512779,1.4685989788803338e+18,Alexandra,nan,Miguel Hidalgo,19.40659,-99.18183,Private room,1290.0,1.0,0,nan,nan,1,89,0,nan
1630850142577201501,Spacious king-bedroom in a luxury apt in Condesa,51610680,1.465808453763864e+18,Hector,nan,Cuauhtémoc,19.409335688571097,-99.18190542753958,Private room,2100.0,1.0,0,nan,nan,1,365,0,nan
827014080625941824,Tu casa en  Lindavista,144866939,1.4684249666783237e+18,Antonio,nan,Gustavo A. Madero,19.491365441861166,-99.1254195779734,Private room,668.0,3.0,1,2023-03-06,0.03,2,319,0,nan
1536668269839992424,Espectacular depa en Santa Fé,343162699,1.5366682705462157e+18,Jussi,nan,Álvaro Obregón,19.3474441,-99.2565591,Entire home/apt,4223.0,1.0,0,nan,nan,1,226,0,nan
1528449739572921296,Super Chic y Silencioso Depa p/5 Centro de Sta. Fe,104400812,1.4672549132370714e+18,Stefan,nan,Álvaro Obregón,19.3792647,-99.2541168,Entire home/apt,2252.0,1.0,28,2026-05-31,3.44,21,317,28,nan
1665643268480277250,San Pedro el bello,547848500,1.4704511377199598e+18,Marly,nan,Milpa Alta,19.20029445803862,-99.0579066798091,Private room,548.0,1.0,0,nan,nan,4,365,0,nan
1698280457253497520,Tu hogar ideal para vivir el Mundial,506026067,1.6713800052086886e+18,Daniel,nan,Coyoacán,19.32883,-99.16926,Entire home/apt,913.0,1.0,0,nan,nan,1,333,0,nan
901962391238044233,Majestuosa Hacienda,156093375,1.46852352324617e+18,Luis,nan,Tlalpan,19.1927221,-99.1686075,Entire home/apt,141000.0,1.0,0,nan,nan,2,365,0,nan
1684882857435457243,Recámara en el centro de Coyoacán,1684877709738480111,1.6848828582315745e+18,Alejandro,nan,Coyoacán,19.34464,-99.16239,Private room,2054.0,1.0,0,nan,nan,1,365,0,nan
1274029009963281167,Zona Hospitales Calle 9,230992075,1.463237265434232e+18,Ricardo,nan,Tlalpan,19.2916016,-99.1556667,Private room,668.0,5.0,10,2025-12-20,0.52,5,320,4,nan
1534226687540965352,Habitación a 2 calles del metro 15 min de Polanco,110091197,1.5342266881873882e+18,Rafael,nan,Miguel Hidalgo,19.45526,-99.20344,Private room,571.0,1.0,0,nan,nan,1,364,0,nan
1536454365284552495,Moderna habitacion con balcon cerca de WTC,6969701,1.462558712709033e+18,Maureen,nan,Benito Juárez,19.3923221,-99.1769596,Private room,2055.0,1.0,20,2026-06-06,2.59,1,357,20,nan
1584125217809028721,Luma Loft | Near Condesa, WTC & Polanco,527953682,1.5841252184275182e+18,Iker Daniel,nan,Benito Juárez,19.39323845091443,-99.185510748751,Entire home/apt,2682.0,2.0,2,2026-05-31,2.0,1,179,2,nan
30289360,DEPARTAMENTOS CON ALBERCA CLIMATIZADA EN CDMX,212104868,1.469107576612955e+18,Marco,nan,Xochimilco,19.20762,-99.12116,Entire home/apt,8879.0,1.0,30,2024-02-05,0.33,13,365,0,nan
1311034081700303887,Loft con Hidro masaje 2 personas,110207357,1.4673330697404344e+18,Prime CDMX Rentals,nan,Cuauhtémoc,19.4363631,-99.1524961,Entire home/apt,1084.0,2.0,27,2026-05-10,1.53,17,156,16,nan
40056287,Bright Stylish Designer Room,16831872,1.4629960451488468e+18,Rubén,nan,Cuauhtémoc,19.41331,-99.1608,Private room,1370.0,1.0,0,nan,nan,1,179,0,nan
34040428,Departamentos Equipados con Alberca Climatizada!!,212104868,1.469107576612955e+18,Marco,nan,Xochimilco,19.20749,-99.12102,Entire home/apt,7749.0,1.0,6,2021-05-24,0.07,13,365,0,nan
892767811385183595,Condesa Luxury 3BR House w/Rooftop,10764020,1.4625757179326413e+18,Mr. W,nan,Cuauhtémoc,19.4145506,-99.1763864,Entire home/apt,16268.0,2.0,76,2026-05-29,2.08,157,284,16,nan
1481416253165292912,¡Acogedor cuarto en Chapultepec!,465738400,1.4637688628066424e+18,Natalia,nan,Miguel Hidalgo,19.413174,-99.1844758,Private room,1147.0,1.0,0,nan,nan,1,251,0,nan
1653135666112158821,Excelente suite con inmejorable ubicación.,273816260,1.6531356668866053e+18,Marco,nan,Miguel Hidalgo,19.4124,-99.18712,Private room,913.0,1.0,0,nan,nan,1,365,0,nan
1678414077417506805,Lindo departamento"iglesia de san sebastian",259224980,1.469369461337545e+18,Carlos Javier,nan,Miguel Hidalgo,19.39935,-99.18318,Shared room,1534.0,1.0,1,2026-05-10,0.77,20,307,1,nan
22824114,Condesa | PrivateTerrace Cozy Studio | Park España,168709242,1.4686317522379694e+18,Simon,nan,Cuauhtémoc,19.41519,-99.17211,Entire home/apt,2710.0,1.0,405,2026-06-08,3.97,5,230,48,nan
952980399630452370,1BR Full-Srv NOMAD Heaven+Gym+SocialBar+Cowork 3/9,103125792,1.4672382197889124e+18,Shu,nan,Cuauhtémoc,19.4107975,-99.1723204,Entire home/apt,1002.0,7.0,20,2026-05-19,0.58,11,340,5,nan
1102999102537102444,Amplio familiar ubicación única!,110207357,1.4673330697404344e+18,Prime CDMX Rentals,nan,Cuauhtémoc,19.436004284091023,-99.15147742745862,Entire home/apt,2317.0,2.0,86,2026-05-18,3.37,17,317,43,nan
1704474111540834088,Recámara para dos personas en Coyoacán,1695797303191838993,1.6957978101159885e+18,Maru Calderón,nan,Coyoacán,19.3454,-99.15796,Private room,808.0,1.0,0,nan,nan,3,26,0,nan
1444535954175009717,Cómo estar en casa,684181292,1.4639389025965002e+18,Rosa,nan,Milpa Alta,19.199481670942205,-99.01491053402424,Private room,nan,1.0,0,nan,nan,1,365,0,nan
1642392499560561852,Depto seguro cerca Basílica 
Safe apartment,230008662,1.4692260971392438e+18,Paco,nan,Gustavo A. Madero,19.5105768,-99.13268680000002,Entire home/apt,660.0,1.0,12,2026-06-13,4.29,1,365,12,nan
24494873,2 bedroom apartment in the heart of Polanco area,64224416,1.4667929390351355e+18,Israel,nan,Miguel Hidalgo,19.42942,-99.19295,Entire home/apt,24047.0,1.0,14,2026-01-03,0.25,2,348,5,nan
1580638745183990393,Habitación Aurora Reyes,664090052,1.463916834809422e+18,Cesar Belmont,nan,Coyoacán,19.3478692,-99.1541024,Private room,899.0,1.0,32,2026-06-12,5.45,5,362,32,nan
1664175032335591348,Lindo departamento en Azcapotzalco,85737360,1.4670330070911396e+18,Daniel,nan,Azcapotzalco,19.491909409876484,-99.20146829926718,Entire home/apt,1398.0,1.0,3,2026-05-24,1.67,3,319,3,nan
18328911,Habitación con salida a jardín j1,58044901,1.466695735174525e+18,Marisol,nan,Miguel Hidalgo,19.39947,-99.24845,Private room,913.0,1.0,30,2026-06-05,0.27,5,362,1,nan
1208834728340711230,Depto en edificio histórico,189041881,1.4689799527007892e+18,Ena,nan,Cuauhtémoc,19.407601989840327,-99.17694728316816,Entire home/apt,2758.0,1.0,3,2026-01-03,0.14,1,352,2,nan
1408720553104010609,Luminoso apartamento en Condesa,16719050,1.4629934548505262e+18,Ferreira Peguero,nan,Cuauhtémoc,19.40772,-99.17659,Entire home/apt,2682.0,7.0,0,nan,nan,1,205,0,nan
882010813309213800,Acogedor y moderno departamento.,451533644,1.4700327567453683e+18,Numidia,nan,Miguel Hidalgo,19.401680010666706,-99.1746771427154,Entire home/apt,1227.0,2.0,23,2025-01-05,0.62,1,38,0,nan
987802277384844234,4BR Bright Bold & Beautiful ~ Condesa,5974590,1.4626943433145728e+18,Chris,nan,Cuauhtémoc,19.412645451486807,-99.1771564473738,Entire home/apt,13428.0,2.0,49,2026-06-01,1.49,4,216,14,nan
46602566,Espaciosa y Lujosa Casa en la Condesa con Roof Top,122695820,1.4629234471337964e+18,Adrian,nan,Cuauhtémoc,19.4139,-99.17834,Entire home/apt,7427.0,2.0,124,2026-05-26,1.91,20,125,15,nan
1699529129797943918,Habitación tipo loft cerca Palacio Bellas Artes,254549970,1.4693478086745188e+18,Berch Skerly,nan,Cuauhtémoc,19.4360342,-99.1512148,Private room,776.0,3.0,0,nan,nan,2,90,0,nan
1630789276235796921,Depto. Terraza Roma Diseño confort y ubicación +,351795969,1.469702044798163e+18,Omar,nan,Cuauhtémoc,19.41459,-99.16,Entire home/apt,nan,1.0,0,nan,nan,2,172,0,nan
1661700848758260627,Loft balcón ubicación privilegiada,110207357,1.4673330697404344e+18,Prime CDMX Rentals,nan,Cuauhtémoc,19.435558629239598,-99.15281764599268,Entire home/apt,1332.0,3.0,7,2026-06-11,3.44,17,161,7,nan
1582043617921090751,Mexico City WTC View Subway Estadio Azteca Banorte,735401683,1.5820436185169564e+18,JJ Ricardo,nan,Benito Juárez,19.3863226,-99.1862609,Entire home/apt,2782.0,1.0,61,2026-06-12,10.64,1,104,61,nan
778997772574451075,Bonito departamento cerca del Hipódromo Condesa,487725046,1.4701949935340273e+18,Veronica,nan,Cuauhtémoc,19.4055659,-99.1704064,Private room,1900.0,1.0,2,2023-06-11,0.05,29,107,0,nan
1445188703709433347,Segura y espaciosa suite Condesa,487725046,1.4701949935340273e+18,Veronica,nan,Cuauhtémoc,19.4056049,-99.1703585,Private room,1900.0,1.0,0,nan,nan,29,107,0,nan
37015248,Cuarto cerca de Santa Fe con Refri y Micro.,225762170,1.4692000802358323e+18,Marco,nan,Álvaro Obregón,19.35137,-99.24549,Private room,417.0,1.0,9,2024-11-22,0.11,4,341,0,nan
725596935806143924,CondoCondesa terrace gym hotcold tubs rooftop,6671822,1.4625467275427958e+18,Raúl,nan,Cuauhtémoc,19.4097391,-99.1807232,Entire home/apt,4301.0,4.0,80,2026-05-26,1.8,7,31,15,nan
1000688140439781207,Trendy Apartment Near Condesa · Free Parking & A/C,504318747,1.470267209360283e+18,Home For U,nan,Miguel Hidalgo,19.40129834701912,-99.17711106512948,Entire home/apt,2967.0,1.0,18,2026-05-09,0.59,6,236,8,nan
849427386288645648,ZIELO | Premium 3BR | Walk to Zocalo, Rooftop, AC,171037813,1.468662105470831e+18,Zielo Rentals Palma,nan,Cuauhtémoc,19.4365965,-99.1346114,Entire home/apt,3337.0,1.0,131,2026-06-07,3.39,12,338,41,nan
885760286270596304,Polanco Studio Near Park, Museums | FIFA World Cup,104953556,1.4628826920219569e+18,Dave And Nat,nan,Miguel Hidalgo,19.4273351,-99.1757376,Entire home/apt,925.0,1.0,80,2026-06-07,2.13,80,332,12,nan
1389311485018991906,Polanco Suite Privada Para 3,96433818,1.4628624977694812e+18,Manuel,nan,Miguel Hidalgo,19.42912131352578,-99.17937736036532,Private room,1255.0,1.0,26,2026-06-01,2.81,13,361,26,nan
916893332448625117,Lovely loft in Zocalo Plaza!,43522822,1.4656462482973578e+18,Andrea,nan,Cuauhtémoc,19.43342,-99.13432,Entire home/apt,5394.0,2.0,126,2026-01-01,4.64,11,334,38,nan
1622781556683414152,S9 Hotel Terracota Breakfast Included,723029809,1.527680286689808e+18,Hotel Terracota,nan,Cuauhtémoc,19.433631839884583,-99.13507584482431,Private room,950.0,1.0,8,2026-05-24,2.24,12,231,8,nan
603834061652759377,Amazing Suite Col. Anzures / Polanco | L,245618000,1.469303049838667e+18,Second Home,nan,Miguel Hidalgo,19.42964201621309,-99.17552974761956,Private room,1701.0,1.0,229,2026-05-24,4.51,101,106,84,nan
1013757989743417118,w* | Upscale 2BR near Polanco,16148871,1.4629798053263913e+18,Juan,nan,Miguel Hidalgo,19.42929,-99.17699,Entire home/apt,2548.0,1.0,102,2026-06-12,3.24,189,336,33,nan
46056031,Moderno y Nuevo Loft en el Centro Histórico 105 CP,278194828,1.4694657704373036e+18,Dulce,nan,Cuauhtémoc,19.43623,-99.13588,Entire home/apt,2289.0,1.0,159,2026-05-23,2.32,28,358,26,nan
610250719316527844,208 room compacto frente a Liverpool Polanco,65155381,1.4627684238869878e+18,Leozone Hospitality,nan,Miguel Hidalgo,19.43276,-99.18106,Private room,1255.0,1.0,245,2026-05-23,4.85,37,352,61,nan
1683831044119628367,2Bed Top Suite w/ breakfast Historic Center,90036716,1.4670900189221453e+18,Casa Templo,nan,Cuauhtémoc,19.43525,-99.13359,Private room,3267.0,2.0,0,nan,nan,4,267,0,nan
1013812164238597295,PH w/Pvt Terrace | Prime Location+Elegant Rooftop,543318745,1.4704336758564447e+18,Park Polanco,nan,Miguel Hidalgo,19.4294921,-99.1921483,Entire home/apt,4383.0,1.0,13,2025-05-26,0.41,4,43,0,nan
777670648441247877,Modern 1BR Apt. | Roof Garden | w/View | Polanco,30418640,1.4654474451718395e+18,Lamartine 619 Residencial,nan,Miguel Hidalgo,19.428232,-99.188962,Entire home/apt,nan,1.0,6,2026-05-24,0.14,9,254,4,nan
1098891066565638291,Loft de lujo en Polanco CDMX.,380713810,1.4697782341389138e+18,Brunna,nan,Miguel Hidalgo,19.4286275,-99.1941982,Entire home/apt,8902.0,1.0,50,2026-04-06,1.93,1,237,18,nan
1622714778121864751,S10 Hotel Terracota breakfast included,723029809,1.527680286689808e+18,Hotel Terracota,nan,Cuauhtémoc,19.4336318,-99.135076,Private room,950.0,1.0,10,2026-04-28,2.75,12,164,10,nan
1622956847409484559,S7 Premium Boutique Hotel with Breakfast Included,723029809,1.527680286689808e+18,Hotel Terracota,nan,Cuauhtémoc,19.4335825,-99.1350584,Private room,2800.0,1.0,5,2026-05-15,1.33,12,254,5,nan
1622926141070008966,S8 Deluxe Room w/ kitchen,723029809,1.527680286689808e+18,Hotel Terracota,nan,Cuauhtémoc,19.434946463770505,-99.13545527417809,Private room,1500.0,1.0,7,2026-05-13,2.23,12,26,7,nan
12310042,Nice apartment, great area,7408974,1.4627311542690153e+18,Maru,nan,Miguel Hidalgo,19.431011,-99.180115,Entire home/apt,2275.0,2.0,61,2026-02-21,0.5,2,323,6,nan
1703980699500499890,Departamento equipado en el corazón de La Condesa,31611818,1.4654646398144868e+18,Diego,nan,Cuauhtémoc,19.410465658766007,-99.17321149259806,Entire home/apt,1025.0,1.0,0,nan,nan,2,349,0,nan
1248573337453668032,Stylish loft steps from Polanco,596823371,1.4706285557748065e+18,Melissa,nan,Miguel Hidalgo,19.43245,-99.17551,Entire home/apt,1474.0,1.0,13,2026-06-13,0.65,6,266,7,nan
30376994,Habitación en Zona Hotelera de Polanco,160861999,1.4630093304799332e+18,Aidee,nan,Miguel Hidalgo,19.42884,-99.19272,Private room,873.0,1.0,157,2026-04-23,1.71,4,363,12,nan
1150996636387737745,Luxury Studio in Downtown w/ Hotel Amenities & Vie,571990820,1.470550390847725e+18,Filomeno,nan,Cuauhtémoc,19.43434,-99.13926,Entire home/apt,2720.0,1.0,8,2025-12-12,0.32,13,341,3,nan
1454474815737678863,Homely vibes in Condesa,447270714,1.4637240941745956e+18,Gm Latam,nan,Cuauhtémoc,19.40505,-99.17592,Entire home/apt,1635.0,1.0,2,2026-03-01,0.23,82,356,2,nan
13980213,Bright Bedroom @ Heart of Mexico City | Chinatown,83403366,1.4628334073119826e+18,Ricardo,nan,Cuauhtémoc,19.43128,-99.14323,Private room,792.0,1.0,183,2026-06-08,1.54,1,361,20,nan
1183625885067773823,Lifestyle Polanco Steps from Chapultepec & Museums,333035396,1.4696421700786975e+18,Clau,nan,Miguel Hidalgo,19.4327,-99.17934,Entire home/apt,2317.0,1.0,94,2026-06-08,3.94,186,230,41,nan
1003846147526835409,1BR Full-Srv NOMAD Hven+AC+Gym+SocialBar+Cowrk 8/9,103125792,1.4672382197889124e+18,Shu,nan,Cuauhtémoc,19.4107975,-99.1723204,Entire home/apt,1202.0,7.0,17,2026-04-27,0.59,11,289,3,nan
43836126,Amigo Suites, CDMX, Junior Suite para 3 personas,264515826,1.4693992997806656e+18,Mayra,nan,Cuauhtémoc,19.43769,-99.13379,Private room,2160.0,1.0,7,2025-10-12,0.18,23,354,1,nan
1663222947092767273,Departamento de lujo - 2 Recámaras - Zona Polanco,571653984,1.4705493270134042e+18,Valeria,nan,Miguel Hidalgo,19.44209,-99.19671,Entire home/apt,3080.0,1.0,0,nan,nan,18,356,0,nan
45671724,Perfecto Loft en gran ubicación,91265490,1.4628507952918508e+18,Homirent,nan,Miguel Hidalgo,19.40116,-99.17569,Entire home/apt,1826.0,1.0,279,2026-06-12,4.02,109,331,60,nan
1665258013059240886,Av. Juárez # 4, depto. 508, Centro Histórico,101077277,1.4672129313097567e+18,Centro Histórico De La Ciudad De,nan,Cuauhtémoc,19.43407354168842,-99.14112724363804,Entire home/apt,2853.0,1.0,0,nan,nan,7,365,0,nan
1430704306761834630,Estudio en la vibrante colonia Roma,478169859,1.4701544037730435e+18,Daniela,nan,Cuauhtémoc,19.41404,-99.15914,Entire home/apt,1818.0,4.0,0,nan,nan,2,88,0,nan
23341181,Habitaciòn con baño privado,73841545,1.4669101088537523e+18,Carlos,nan,Cuauhtémoc,19.40427,-99.16966,Private room,826.0,3.0,137,2026-06-12,1.36,2,325,20,nan
870363471975627725,Loft en Centro Historico CDMX 605,278194828,1.4694657704373036e+18,Dulce,nan,Cuauhtémoc,19.4373244,-99.1347844,Entire home/apt,1732.0,1.0,85,2026-05-18,2.23,28,269,23,nan
1638584414753829367,Historic Center for 6 with elevator,333035396,1.4696421700786975e+18,Clau,nan,Cuauhtémoc,19.43807,-99.13519,Entire home/apt,3662.0,1.0,14,2026-06-11,4.83,186,342,14,nan
1603405038601817097,centro histórico habitación "B" tercer piso,460984468,1.4700761158545546e+18,Ramón,nan,Cuauhtémoc,19.4379217,-99.1348997,Private room,725.0,1.0,3,2026-04-10,0.74,2,345,3,nan
1366054449815941384,Artistic & Spacious Apartment in Heart of Polanco,673018787,1.4706859701889805e+18,Claudia,nan,Miguel Hidalgo,19.4289066,-99.1917099,Entire home/apt,4750.0,1.0,11,2026-05-17,0.72,1,307,10,nan
1506713577095329005,Relax in a Classic Room Near City Attractions,689275866,1.4707195934198336e+18,City Centro Mexico City,nan,Cuauhtémoc,19.4305384,-99.137885,Hotel room,2049.0,1.0,0,nan,nan,7,171,0,nan
53862165,KALI Escandón · Condesa, WTC · Desayuno Incluido,227035886,1.4692084002253046e+18,Kali,nan,Miguel Hidalgo,19.401972,-99.177513,Private room,1725.0,1.0,116,2026-05-31,2.18,22,228,27,nan
1433417903953715162,KALI Escandón · Condesa, WTC · Desayuno Incluido,227035886,1.4692084002253046e+18,Kali,nan,Miguel Hidalgo,19.40205,-99.17752,Private room,1725.0,1.0,22,2026-06-01,1.91,22,229,22,nan
989865040254511871,Deluxe 2-Bedroom Apartment Polanco,501218890,1.4702539610566026e+18,Veronica,nan,Miguel Hidalgo,19.429300238921705,-99.17881953572854,Entire home/apt,10713.0,1.0,22,2026-06-01,0.67,15,353,14,nan
38357708,Napoles Modern Studio・Work/Live/Connect・Roma 5 min,285087802,1.4694916808857572e+18,Lomah,nan,Benito Juárez,19.39695,-99.17477,Private room,6132.0,1.0,58,2026-02-15,0.71,18,24,3,nan
1173275427009640198,¡Spectacular Crystal House!  -7BR upscale.,19255745,1.4630729022999002e+18,Elvira,nan,Cuauhtémoc,19.4013522,-99.1664888,Entire home/apt,8997.0,1.0,9,2026-04-19,0.38,11,338,4,nan
1683848584744020576,Dormitorio mixto 8 camas con lockers,754473546,1.6533674555643036e+18,Casa Local Mestizo Hostal,nan,Cuauhtémoc,19.4329497,-99.1402753,Shared room,345.0,1.0,2,2026-06-12,2.0,6,344,2,nan
778270258327959807,Deluxe 1BR Apt. | Roof Garden | Sky Gym | Polanco,30418640,1.4654474451718395e+18,Lamartine 619 Residencial,nan,Miguel Hidalgo,19.428232,-99.188962,Entire home/apt,4800.0,1.0,5,2025-03-29,0.12,9,194,0,nan
1176189174400067977,Cozy Apartment in Roma king bed bathtub,165028820,1.4686031363385354e+18,Daniel,nan,Cuauhtémoc,19.4107368,-99.1583292,Entire home/apt,1924.0,1.0,107,2026-05-25,4.37,2,286,62,nan
1279458329823462415,oolena | Beautiful Atp in Roma Norte,313092340,1.469588703394374e+18,Jaime Pio,nan,Cuauhtémoc,19.411967989398025,-99.15729313068849,Entire home/apt,2813.0,1.0,58,2026-06-01,2.95,23,324,37,nan
1698941126581254746,Atardeceres sobre el Zócalo desde tu Balcón y AC,1698933178693204573,1.6989411273587195e+18,Casa México,nan,Cuauhtémoc,19.4337551,-99.134352,Private room,6335.0,1.0,0,nan,nan,12,354,0,nan
51270237,Bonito departamento en la colonia Roma,177880021,1.4687209653566436e+18,Montserrat,nan,Cuauhtémoc,19.40941,-99.16155,Entire home/apt,1632.0,1.0,185,2026-06-15,5.9,2,333,77,nan
24188110,Hermoso departamento  céntrico  muy seguro en CDMX,37631807,1.4655633566253274e+18,Alejandro,nan,Miguel Hidalgo,19.39955,-99.1737,Entire home/apt,2706.0,2.0,77,2026-03-08,0.81,2,330,8,nan
39369625,Perfecto Loft en gran ubicación,91265490,1.4628507952918508e+18,Homirent,nan,Miguel Hidalgo,19.39967,-99.17693,Entire home/apt,1450.0,1.0,249,2026-05-11,3.07,109,303,34,nan
44317840,Perfecto Loft en gran ubicación,91265490,1.4628507952918508e+18,Homirent,nan,Miguel Hidalgo,19.39982,-99.17479,Entire home/apt,1450.0,1.0,190,2026-06-09,2.66,109,306,28,nan
33716744,Perfecto Loft en gran ubicación,91265490,1.4628507952918508e+18,Homirent,nan,Miguel Hidalgo,19.40106,-99.17501,Entire home/apt,1444.0,1.0,277,2026-05-02,3.17,109,166,15,nan
922469529186815088,w* | Sophisticated Loft near Polanco,16148871,1.4629798053263913e+18,Juan,nan,Miguel Hidalgo,19.42929,-99.17699,Entire home/apt,1463.0,1.0,61,2026-05-26,1.77,189,361,35,nan
45671431,Perfecto Loft en gran ubicación.,91265490,1.4628507952918508e+18,Homirent,nan,Miguel Hidalgo,19.39968,-99.17685,Entire home/apt,1861.0,1.0,260,2026-01-01,3.74,109,332,39,nan
1031743780001729373,NIU | Modern Balcony Apt near WTC, Condesa & Roma,546931690,1.470447603279275e+18,Niu Mexico,nan,Benito Juárez,19.3984571,-99.1721582,Entire home/apt,1936.0,1.0,193,2026-05-12,6.42,21,364,35,nan
1707583386236422032,Loft Cabo Roma + terraza + coworking area,124929567,1.4629280453057364e+18,Den,nan,Cuauhtémoc,19.407616973522515,-99.15704809075716,Entire home/apt,1561.0,2.0,0,nan,nan,1,329,0,nan
1663139257020642149,Designer loft in southern Rome, laundry, balcony,333035396,1.4696421700786975e+18,Clau,nan,Cuauhtémoc,19.40748,-99.1584,Entire home/apt,1693.0,1.0,11,2026-06-11,5.69,186,358,11,nan
1360204895650471685,w* | Deluxe 1BR with Elegant Balcony in Roma Nte,671935678,1.4706838249805368e+18,Tirsa,nan,Cuauhtémoc,19.4166783,-99.1548215,Entire home/apt,1722.0,1.0,77,2026-06-12,4.87,15,360,55,nan
54149939,Hermoso cuarto en Roma Sur,439009314,1.46998308607912e+18,Mau,nan,Cuauhtémoc,19.40745,-99.16112,Private room,810.0,2.0,156,2026-05-17,2.98,1,339,37,nan
1102367460856200196,room in Escandon II (south Condesa),4877925,1.4626673559795814e+18,Artemio,nan,Miguel Hidalgo,19.4034727075003,-99.17790470406536,Private room,932.0,2.0,24,2026-05-12,0.91,1,91,7,nan
1674138629550050002,CH119 Central Stay – Mexico City Historic District,83763891,1.462834224532338e+18,David,nan,Cuauhtémoc,19.43595,-99.13893,Entire home/apt,1140.0,1.0,0,nan,nan,23,355,0,nan
46100587,La casa de la Roma 2,107475129,1.4673025728341087e+18,Alfredo,nan,Cuauhtémoc,19.41051,-99.16164,Private room,571.0,2.0,20,2026-04-23,0.35,7,289,2,nan
1442438451589369593,Beautiful private bedroom in hostel,48626499,1.4657369832281439e+18,Daniel,nan,Cuauhtémoc,19.40995,-99.15996,Private room,761.0,1.0,48,2026-06-07,3.92,19,319,47,nan
1678254610788406186,Stylish Roma Loft, sleek design in prime CDMX,57142431,1.4659339665205983e+18,Dag,nan,Cuauhtémoc,19.4116,-99.16131,Entire home/apt,2165.0,1.0,3,2026-06-12,3.0,2,340,3,nan
1618262970843745883,Bright loft with balcony | Vibrant Roma Sur,343459412,1.5610372691309332e+18,Sara,nan,Cuauhtémoc,19.4039331,-99.1585241,Entire home/apt,1667.0,1.0,9,2026-05-30,2.23,1,324,9,nan
1634061975012136358,Casa A m b a r - Cozy Hideaway in Trendy Roma Sur,733341200,1.572898953470127e+18,Clau,nan,Cuauhtémoc,19.402959,-99.1625674,Entire home/apt,1085.0,2.0,16,2026-05-30,4.66,4,227,16,nan
35288926,Cozy apartment at Roma neighborhood,134294169,1.4683400449217e+18,Rodrigo,nan,Cuauhtémoc,19.40445,-99.16054,Entire home/apt,1027.0,1.0,277,2026-06-01,3.24,7,178,58,nan
7618697,UNIQUE LOFT IN A COLONIAL SITE/ PRE-COLONIAL SITES,39945570,1.4626830583515866e+18,Alfredo,nan,Cuauhtémoc,19.4393,-99.13705,Entire home/apt,1313.0,2.0,51,2023-11-01,0.39,1,288,0,nan
1466270493418199008,3 Luxurious apartments 15Pax Condesa/Wtc elevator!,111200529,1.467344280454079e+18,Carlos,nan,Miguel Hidalgo,19.398279,-99.1795921,Entire home/apt,8103.0,2.0,9,2026-01-26,0.89,5,311,9,nan
1674038431465421813,CH120 Central Stay – Mexico City Historic District,83763891,1.462834224532338e+18,David,nan,Cuauhtémoc,19.4373,-99.13727,Entire home/apt,2375.0,1.0,0,nan,nan,23,355,0,nan
1654298159356229087,Edificio Aurora | A Historic Downtown Apartment,754684866,1.6542020506340012e+18,Edificio Aurora,nan,Cuauhtémoc,19.4377703,-99.1357483,Entire home/apt,1835.0,1.0,3,2026-05-29,1.48,5,351,3,nan
23252950,luxury executive,127091915,1.4682783660825882e+18,Luis Aliaga,nan,Miguel Hidalgo,19.39829,-99.17646,Entire home/apt,1541.0,1.0,17,2024-11-17,0.17,1,344,0,nan
1490988998069606205,125 2-Bedroom apartment with terrace, equipped.,504772915,1.4769898580714632e+18,David,nan,Cuauhtémoc,19.43647091274517,-99.13818177672118,Entire home/apt,1800.0,1.0,13,2026-02-20,1.41,24,345,13,nan
505036738249100854,Apt Tradicional Mexicano en el  Centro de CDMX,433701579,1.469962868231302e+18,José Luis,nan,Cuauhtémoc,19.43692,-99.1339,Entire home/apt,2445.0,2.0,9,2025-12-23,0.17,1,356,2,nan
1206732733001428715,(205) Departamento lindo y moderno: 205,590248927,1.470612702790408e+18,Lander,nan,Cuauhtémoc,19.419300589755377,-99.17030521653288,Entire home/apt,1605.0,3.0,23,2026-05-12,1.06,18,77,10,nan
43834577,Hotel Amigo Suites,  CDMX, 1 Cama matrimonial,264515826,1.4693992997806656e+18,Mayra,nan,Cuauhtémoc,19.43632,-99.13187,Private room,432.0,1.0,208,2025-07-17,3.06,23,363,1,nan
1019893253607457920,Comfortable room with private bathroom,38262203,1.4655725311352092e+18,Omar,nan,Cuauhtémoc,19.40484,-99.1612,Private room,606.0,1.0,31,2026-04-24,0.98,6,92,7,nan
1540184132703580581,Urban Chic Stay in Roma Norte,355750680,1.4697104056881247e+18,Mexican Homes,nan,Cuauhtémoc,19.4155994,-99.1559268,Entire home/apt,2892.0,1.0,17,2026-05-31,2.25,17,358,17,nan
1679088919633497285,Loft cálido y vida local | Roma Sur | CDMX,555991522,1.4704828956219827e+18,Mexico Mi Casa,nan,Cuauhtémoc,19.4066,-99.15924,Entire home/apt,1440.0,2.0,5,2026-06-07,5.0,16,339,5,nan
36334521,Perfecto Loft en gran ubicación,91265490,1.4628507952918508e+18,Homirent,nan,Miguel Hidalgo,19.39903,-99.1763,Entire home/apt,1193.0,1.0,310,2026-06-13,3.67,109,331,12,nan
1648049178111527090,Departamento Privada (Unisa, Cablebus, Insurgente),653728948,1.6480491789554693e+18,Francisco Joel,nan,Álvaro Obregón,19.38158,-99.2345,Private room,561.0,1.0,0,nan,nan,1,361,0,nan
925381696863161040,Gran habitación con proyector en la Roma Sur,91872817,1.4671098199008673e+18,Josué,nan,Cuauhtémoc,19.40717804273894,-99.15834049330952,Private room,685.0,1.0,79,2026-05-31,2.22,2,285,33,nan
1693692728746702985,Single bed in shared bedroom for 6 person,48626499,1.4657369832281439e+18,Daniel,nan,Cuauhtémoc,19.41134207128833,-99.1617592341324,Shared room,380.0,1.0,0,nan,nan,19,365,0,nan
1506509093862200356,Departamento en la Roma a 10 min del Angel,279033991,1.469469159004399e+18,Linda,nan,Cuauhtémoc,19.40978,-99.16245,Entire home/apt,4564.0,2.0,10,2026-03-06,1.36,1,350,10,nan
1034233547223008829,Confortable habitación en Roma,223390187,1.4691842845652483e+18,German,nan,Cuauhtémoc,19.40662,-99.16144,Private room,1085.0,2.0,81,2026-05-28,2.71,2,261,24,nan
661720409600164207,Gran decoración en SUITE privada a 5min de Masaryk,167095471,1.463034346810334e+18,Rosario,nan,Miguel Hidalgo,19.4323026,-99.1781032,Private room,1524.0,1.0,10,2023-12-04,0.22,2,364,0,nan
661741425811519691,Increíble Suite a 10 min de Masaryk ¡Reserva Hoy!,316264544,1.463442920819045e+18,Rosario,nan,Miguel Hidalgo,19.4323026,-99.1781032,Private room,1573.0,1.0,3,2023-03-13,0.07,21,364,0,nan
1274242162820080377,Spacious Residence in Roma Norte with AC,23468816,1.4626253933020677e+18,Kasava Homes,nan,Cuauhtémoc,19.414063085378174,-99.15600854608064,Entire home/apt,12516.0,1.0,26,2026-06-07,1.35,99,340,9,nan
1106606919779604460,Casa Encanto,565738070,1.470520180830424e+18,Gema Mayeli,nan,Miguel Hidalgo,19.4010793,-99.2480728,Entire home/apt,5706.0,1.0,0,nan,nan,1,269,0,nan
661750303125801366,Suite privada con baño en la mejor ubicación,316264544,1.463442920819045e+18,Rosario,nan,Miguel Hidalgo,19.4323026,-99.1781032,Private room,3190.0,1.0,14,2023-06-01,0.29,21,364,0,nan
669629589169355355,Capitalia | Terrace Leafy Views | Parque Lincoln,27449159,1.4654051480429292e+18,Capitalia,nan,Miguel Hidalgo,19.4288247,-99.1958566,Entire home/apt,7629.0,1.0,50,2026-05-10,1.09,100,359,7,nan
808888078869321995,Romita's fully-equipped apartment. Great location!,165260175,1.4630303756890985e+18,Pedro,nan,Cuauhtémoc,19.4232144,-99.1543002,Entire home/apt,1513.0,2.0,48,2026-05-21,1.18,1,132,18,nan
639252798223319249,Comunicado y Luminoso, amplio con Garaje & Terraza,48082160,1.4657264589158228e+18,Manuel,nan,Cuauhtémoc,19.4238635,-99.1547124,Entire home/apt,3138.0,1.0,140,2026-06-06,3.86,4,96,51,nan
52990486,Spectacular loft in the heart of Polanco,71306925,1.4668820245617567e+18,Sandra,nan,Miguel Hidalgo,19.429233435748007,-99.19646402458908,Entire home/apt,5261.0,1.0,10,2026-03-28,0.31,1,70,4,nan
1229859380055129638,Polanco Home w/ Balcony & BBQ | FIFA World Cup,104953556,1.4628826920219569e+18,Dave And Nat,nan,Miguel Hidalgo,19.4277254,-99.1962933,Entire home/apt,5508.0,1.0,46,2026-06-03,2.29,80,329,27,nan
10041920,Beautiful and cozy apartment in Mexico City,3983378,1.4626442358926856e+18,Marcos,nan,Cuauhtémoc,19.42538,-99.15451,Entire home/apt,942.0,1.0,96,2026-06-05,1.08,1,151,16,nan
1543180546933311263,Depto. nuevo Roma Sur 406 · WiFi rápido, Smart TV.,726587923,1.54318054759108e+18,Arborea,nan,Cuauhtémoc,19.40368,-99.16194,Entire home/apt,1940.0,1.0,49,2026-06-10,6.9,10,124,49,nan
1500370578091142325,Luminoso depa con terraza en Centro Histórico CDMX,549344163,1.4704571946909297e+18,Karla,nan,Cuauhtémoc,19.43268,-99.1363,Entire home/apt,2210.0,1.0,21,2026-06-08,2.32,5,277,21,nan
38484807,Departamento 2 cuartos,91265490,1.4628507952918508e+18,Homirent,nan,Cuauhtémoc,19.43455,-99.16869,Entire home/apt,1758.0,1.0,206,2026-03-20,2.5,109,116,41,nan
22503312,Bonita Habitación Centro Ciudad de México.,103228694,1.4628781835841027e+18,Robincel,nan,Cuauhtémoc,19.43047,-99.13212,Private room,457.0,1.0,295,2026-03-13,2.87,2,196,1,nan
1192095122273879895,Casa Herrmann Suites-03,585662267,1.470601409373749e+18,Cecilia,nan,Cuauhtémoc,19.4324249,-99.1354275,Private room,2750.0,1.0,32,2026-06-14,1.4,58,303,7,nan
31419237,Comfortable mini loft near Reforma,235348159,1.4632490081134246e+18,Daniel,nan,Cuauhtémoc,19.43669319152832,-99.16407775878906,Private room,1067.0,2.0,284,2026-05-22,3.16,2,319,26,nan
1539224659581824002,Hermoso y tranquilo departamento cerca de Reforma,193410880,1.469006531626156e+18,Rafa,nan,Cuauhtémoc,19.43373,-99.16836,Entire home/apt,2571.0,1.0,11,2026-06-14,1.77,2,310,11,nan
851510666711369031,One of a Kind Design Gem in CDMX,506301592,1.4702759471961362e+18,Carlos,nan,Cuauhtémoc,19.43080574278269,-99.13519275779804,Entire home/apt,6163.0,2.0,5,2025-10-28,0.28,1,225,3,nan
38695303,Departamento 2 cuartos,91265490,1.4628507952918508e+18,Homirent,nan,Cuauhtémoc,19.4337,-99.16752,Entire home/apt,1861.0,1.0,76,2022-01-10,0.93,109,166,0,nan
1429863868775891004,Zócalo Mío Suite 6 Cama Queen,533143124,1.4703935810366367e+18,Angela Daniela,nan,Cuauhtémoc,19.4306914,-99.133483,Entire home/apt,837.0,1.0,85,2026-06-07,6.76,12,354,83,nan
20958983,Habitación privada en departamento del Zócalo CDMX,91919433,1.4671102876160776e+18,Rocio,nan,Cuauhtémoc,19.431660553056943,-99.13470365093896,Private room,1607.0,2.0,179,2026-05-18,1.71,2,83,16,nan
1698989058715414514,Refugio Romántico Frente al Zócalo con AC,1698933178693204573,1.6989411273587195e+18,Casa México,nan,Cuauhtémoc,19.432609733765503,-99.13335781516166,Private room,6335.0,1.0,0,nan,nan,12,347,0,nan
1702236258386478069,Departamento frente a parque México,485482116,1.4638142237896814e+18,Raul,nan,Cuauhtémoc,19.40895,-99.16844,Entire home/apt,3652.0,1.0,0,nan,nan,8,365,0,nan
879258794998660437,Luxury apartment near to Condesa/WTC 2BR/2BH,111200529,1.467344280454079e+18,Carlos,nan,Miguel Hidalgo,19.398393,-99.179593,Entire home/apt,1712.0,2.0,144,2026-06-05,3.81,5,317,28,nan
1699459136864921929,w* | Upscale Loft w/ Balcony in Roma Norte,16148871,1.4629798053263913e+18,Juan,nan,Cuauhtémoc,19.41175,-99.15779,Entire home/apt,1691.0,1.0,0,nan,nan,189,364,0,nan
54198245,Loft with balconies and terrace in SanRafa Mx,418741054,1.4636541835681196e+18,Jorge,nan,Cuauhtémoc,19.43721,-99.16636,Entire home/apt,1408.0,1.0,106,2026-05-29,1.97,27,216,31,nan
661758938842165541,Suite con cama King, balcón y wifi en Anzures,316264544,1.463442920819045e+18,Rosario,nan,Miguel Hidalgo,19.4323026,-99.1781032,Private room,2210.0,1.0,11,2023-06-03,0.23,21,364,0,nan
1572792015247764483,Departamento en el corazón de la CDMX.,115011821,1.4681829173287708e+18,Billy Uribe,nan,Cuauhtémoc,19.43823732156909,-99.16552790597336,Entire home/apt,1155.0,1.0,38,2026-06-13,6.3,1,285,38,nan
1228450558280572973,Depto. Terra a 10 min de Reforma,116323681,1.4681929560316774e+18,Myriam,nan,Cuauhtémoc,19.43701201036506,-99.16431533906396,Entire home/apt,1198.0,2.0,109,2026-05-30,5.04,1,133,57,nan
30563492,Depto. super equipado y moderno @Col. San Rafael.,23536169,1.4652745782027745e+18,Ruben,nan,Cuauhtémoc,19.44005,-99.16349,Entire home/apt,1255.0,2.0,449,2026-06-09,4.91,1,159,71,nan
1527940828434363926,Mexico City Ebano Apartment,5697443,1.4626871504864637e+18,The Everywhere Home,nan,Miguel Hidalgo,19.42845,-99.20041,Entire home/apt,25341.0,5.0,0,nan,nan,12,365,0,nan
10823519,Céntrica habitación con baño privado.,55998284,1.4659173389483807e+18,Carolina,nan,Cuauhtémoc,19.43479,-99.16292,Private room,428.0,2.0,196,2026-05-30,2.97,1,204,36,nan
838348907677413410,Suite para 2 personas en Col Anzures - fast wifi,316264544,1.463442920819045e+18,Rosario,nan,Miguel Hidalgo,19.4323024,-99.1781032,Private room,3190.0,1.0,6,2025-04-19,0.18,21,364,0,nan
53852645,Nuevo 2 habit Cocina Larga Estanc Roma/Condesa/WTC,269797570,1.4633490622045601e+18,Chef Dulce Maria,nan,Miguel Hidalgo,19.40024,-99.17304,Entire home/apt,1541.0,2.0,3,2022-06-19,0.05,3,166,0,nan
40863654,Perfecto Loft en gran ubicación,91265490,1.4628507952918508e+18,Homirent,nan,Miguel Hidalgo,19.40048,-99.17685,Entire home/apt,1861.0,1.0,198,2026-06-05,2.55,109,363,18,nan
1334078573937004446,World Cup Ready | Prime Location, Walk to Downtown,672818703,1.470685578267206e+18,Esteban,nan,Cuauhtémoc,19.4355942,-99.1573145,Entire home/apt,3287.0,1.0,61,2026-05-19,3.66,1,145,35,nan
640691018344134656,Depa Anzures 2 Cuartos Excelente ubicación,182823261,1.4689445345256497e+18,Oscar Alejandro,nan,Miguel Hidalgo,19.4283942,-99.1764473,Entire home/apt,4868.0,2.0,17,2025-11-24,0.53,1,315,10,nan
1261868594102906534,Oasis in the famous La Roma with Free Parking,333035396,1.4696421700786975e+18,Clau,nan,Cuauhtémoc,19.400741950591986,-99.17029211225116,Entire home/apt,2365.0,1.0,86,2026-06-08,4.22,186,355,62,nan
1655162095630645866,Luxury en Reforma | Jacuzzi, Pool & Gran Ubicación,446252510,1.4637216078343462e+18,Mario,nan,Cuauhtémoc,19.43582733466031,-99.15726374834776,Entire home/apt,2180.0,1.0,2,2026-05-11,1.15,3,333,2,nan
1693678550477320982,Single bed in shared bedroom for 6 person,48626499,1.4657369832281439e+18,Daniel,nan,Cuauhtémoc,19.411527627475245,-99.16057432643944,Shared room,380.0,1.0,0,nan,nan,19,365,0,nan
768992065370131071,Dpto en roof - Colonia Roma - Remodelado,117674543,1.462912219078866e+18,Christopher,nan,Cuauhtémoc,19.41656516278419,-99.15607636619956,Entire home/apt,827.0,2.0,44,2026-05-11,1.08,1,319,17,nan
1659600590258968968,PentHouse Stunning Views, Balcony, Private Terrace,333035396,1.4696421700786975e+18,Clau,nan,Cuauhtémoc,19.40757,-99.15687,Entire home/apt,1885.0,1.0,6,2026-06-11,3.16,186,352,6,nan
42536499,Loft con Bonita Terraza en Centro Histórico,17630122,1.463014598440642e+18,Olivier & Arquimedes,nan,Cuauhtémoc,19.4276,-99.13325,Entire home/apt,1368.0,2.0,262,2026-05-23,3.67,5,339,46,nan
1683038427153741940,Fully furnished 2 bedroom appartment in Roma,60725910,1.683038427836424e+18,Benjamin,nan,Cuauhtémoc,19.40887079425468,-99.16699661398408,Entire home/apt,2968.0,1.0,0,nan,nan,1,95,0,nan
1018173945119280040,ZIELO | Premium 3BR | A/C Rooftop, Zocalo/Catedral,90850835,1.4670989148621535e+18,Zielo Rentals 5 De Febrero,nan,Cuauhtémoc,19.4289846,-99.1346871,Entire home/apt,4092.0,1.0,112,2026-06-09,3.75,10,303,40,nan
1391366869778527771,World Cup Loft in Centro CDMX|Walk to Bars & Metro,507781832,1.4702826344294838e+18,Kim,nan,Cuauhtémoc,19.4276922,-99.1360267,Entire home/apt,2967.0,1.0,38,2026-05-29,2.73,3,232,33,nan
699436138190780149,ZIELO | Balcony 2BR | A/C Rooftop, Zocalo/Catedral,12216741,1.4625816096648753e+18,Zielo Rentals 5 De Febrero,nan,Cuauhtémoc,19.4289846,-99.1346871,Entire home/apt,5610.0,1.0,199,2026-06-11,4.32,18,308,38,nan
12712047,ZIELO | Balcony Apt | A/C Rooftop, Zocalo/Catedral,12216741,1.4625816096648753e+18,Zielo Rentals 5 De Febrero,nan,Cuauhtémoc,19.428986,-99.134689,Entire home/apt,1823.0,1.0,362,2026-06-12,2.97,18,303,27,nan
14990827,ZIELO | Comfort Apt | A/C Rooftop, Zocalo/Catedral,12216741,1.4625816096648753e+18,Zielo Rentals 5 De Febrero,nan,Cuauhtémoc,19.428986,-99.134689,Entire home/apt,1752.0,1.0,383,2026-06-08,3.23,18,309,35,nan
18639464,ZIELO | Balcony Apt | A/C Rooftop, Zocalo/Catedral,90850835,1.4670989148621535e+18,Zielo Rentals 5 De Febrero,nan,Cuauhtémoc,19.429014,-99.134773,Entire home/apt,2339.0,1.0,295,2026-05-30,2.68,10,306,13,nan
1659581887438619193,Boutique Double Room | Central Guesthouse 20,723213780,1.5284600397067052e+18,Morada Luna,nan,Cuauhtémoc,19.42926,-99.13896,Private room,904.0,1.0,4,2026-05-31,3.16,67,359,4,nan
14824574,Loft privado Centro Histórico CD MX,87382490,1.462842149923814e+18,Ángel,nan,Cuauhtémoc,19.42678,-99.14004,Entire home/apt,1033.0,2.0,392,2026-05-30,4.51,3,160,48,nan
1390920408738130394,Corazón del centro histórico.,10851585,1.462851082833513e+18,Ingrid,nan,Cuauhtémoc,19.4290848,-99.1409096,Private room,1050.0,1.0,22,2026-06-11,1.51,1,89,12,nan
1184579542344202709,Mexican Charm in Casona in the Historic Center,333035396,1.4696421700786975e+18,Clau,nan,Cuauhtémoc,19.4289635,-99.1380702,Entire home/apt,5930.0,1.0,6,2026-02-23,0.32,186,333,2,nan
52406608,KALI Centro, Mexico City · Desayuno Incluido,227035886,1.4692084002253046e+18,Kali,nan,Cuauhtémoc,19.428226,-99.146286,Private room,2716.0,1.0,195,2026-05-20,3.46,22,195,23,nan
1532164769661927418,KALI Ciudadela, CDMX · Desayuno Buffet Incluido,703312827,1.4707478529265216e+18,Kali,nan,Cuauhtémoc,19.4284107,-99.1467395,Private room,2199.0,1.0,27,2026-06-06,3.68,25,195,27,nan
35619572,Magnífico loft en el centro de la Cd. de México D8,246807012,1.4693092007326303e+18,Alekz,nan,Cuauhtémoc,19.43262,-99.14299,Entire home/apt,1153.0,1.0,446,2026-06-02,5.27,5,282,60,nan
1572587415187633905,KALI Ciudadela, CDMX · Desayuno Buffet incl. · SGL,703312827,1.4707478529265216e+18,Kali,nan,Cuauhtémoc,19.4284107,-99.1467395,Private room,1086.0,1.0,25,2026-05-25,4.55,25,31,25,nan
1193522354239550043,Casa Herrmann Suites-07,585662267,1.470601409373749e+18,Cecilia,nan,Cuauhtémoc,19.4324249,-99.1354275,Private room,2750.0,1.0,6,2026-02-16,0.31,58,351,3,nan
43984960,Private room close to National Palace CDMX centro,350384900,1.4696980000039066e+18,Amado BuenRostro,nan,Cuauhtémoc,19.430269241333008,-99.13409423828124,Private room,1033.0,1.0,14,2025-10-26,0.22,9,224,2,nan
1655759089878085416,Corazón del Centro Histórico | Atardecer memorable,191754909,1.6557590906451436e+18,Mauro,nan,Cuauhtémoc,19.42712,-99.13375,Entire home/apt,1238.0,1.0,8,2026-06-12,7.27,1,357,8,nan
30586209,Beautiful Studio inside a House in Anzures,229434849,1.4692227691804744e+18,Claudio,nan,Miguel Hidalgo,19.43388,-99.18014,Entire home/apt,1103.0,1.0,7,2022-06-27,0.08,3,166,0,nan
49438083,Private Room in the Center steps away from La Roma,398787222,1.4698333632650906e+18,Jessica,nan,Cuauhtémoc,19.42735,-99.14964,Private room,385.0,1.0,83,2026-04-27,1.33,4,312,9,nan
33708671,CASA TORRUCO GUZMAN CDMX,15489878,1.462594280242803e+18,Adrian,nan,Cuauhtémoc,19.4321,-99.15019,Entire home/apt,2125.0,2.0,38,2026-01-13,0.44,2,284,10,nan
1071891821603118523,Room with private Jacuzzi in downtown CDMX,530528355,1.4703834430065183e+18,Amado BuenRostro,nan,Cuauhtémoc,19.4263507,-99.139897,Private room,1828.0,1.0,25,2026-06-07,1.3,6,318,15,nan
1663231186952427119,Central Double Room | Best Value Location 23,723213780,1.5284600397067052e+18,Morada Luna,nan,Cuauhtémoc,19.43129,-99.13782,Private room,881.0,1.0,1,2026-06-07,1.0,67,343,1,nan
994297401267660677,ZIELO | Balcony 2BR | A/C Rooftop, Zocalo/Catedral,90850835,1.4670989148621535e+18,Zielo Rentals 5 De Febrero,nan,Cuauhtémoc,19.4289846,-99.1346871,Entire home/apt,2330.0,1.0,56,2026-06-01,1.89,10,339,21,nan
1687939755642243714,Colorful 2BR Roma Norte! Cafés, Parks, & Fast WiFi,71720970,1.4627957491965184e+18,Veronica,nan,Cuauhtémoc,19.42075,-99.17221,Entire home/apt,3595.0,2.0,1,2026-06-08,1.0,1,365,1,nan
52941329,ZIELO | Historic 2BR | A/C Rooftop Zocalo/Catedral,12216741,1.4625816096648753e+18,Zielo Rentals 5 De Febrero,nan,Cuauhtémoc,19.428985595703125,-99.13468933105467,Entire home/apt,2990.0,1.0,238,2026-06-09,4.24,18,334,28,nan
21505191,ZIELO | Private Terrace | A/C Rooftop Zocalo/Dwtn,90850835,1.4670989148621535e+18,Zielo Rentals 5 De Febrero,nan,Cuauhtémoc,19.428831100463867,-99.13479614257812,Entire home/apt,1978.0,1.0,334,2026-06-11,3.22,10,315,20,nan
53404245,Great Apt in Mexico City Downtown, 120 Mbps WiFi,60203647,1.4627446862141056e+18,Alex Y May,nan,Cuauhtémoc,19.430639266967773,-99.1385726928711,Entire home/apt,1587.0,1.0,88,2026-06-01,1.58,7,335,46,nan
653773560085763621,Exciting - Heart of Historical Center Loft,43039281,1.4656391010096673e+18,Marcia & JC,nan,Cuauhtémoc,19.43246,-99.13949,Entire home/apt,1493.0,1.0,95,2026-04-04,1.96,4,131,11,nan
33430598,Departamento en CDMX / Roma Norte,140836135,1.468392626985304e+18,Jonathan Francisco,nan,Cuauhtémoc,19.418642,-99.156906,Entire home/apt,1522.0,3.0,82,2026-06-01,0.94,1,339,15,nan
649114581486028905,KALI Centro, Mexico City · Desayuno Incluido · PQ,227035886,1.4692084002253046e+18,Kali,nan,Cuauhtémoc,19.4282265,-99.1462855,Private room,2328.0,1.0,49,2026-06-07,1.01,22,183,8,nan
1697403294847763299,Departamento en el corazón de la Ciudad de México.,175332201,1.4687002324839263e+18,Yair,nan,Cuauhtémoc,19.43201334043339,-99.14213173091412,Entire home/apt,1552.0,2.0,2,2026-06-05,2.0,1,341,2,nan
1329043311859894570,Apartment in the Heart of CDMX,421166436,1.4636597859091436e+18,Sara Gonzalez,nan,Cuauhtémoc,19.43294,-99.1465,Entire home/apt,2026.0,2.0,21,2026-05-10,1.36,11,158,18,nan
28773374,Modern cozy loft in the heart of Mexico city -35%,81997438,1.4669956443785764e+18,Israel,nan,Cuauhtémoc,19.43216,-99.1417,Entire home/apt,1427.0,1.0,309,2026-05-25,3.31,1,283,39,nan
1480518996304435457,Águila Real capacidad máx. de 3 personas,476518734,1.4701479116655334e+18,Bemaro,nan,Cuauhtémoc,19.4304564,-99.1468495,Private room,1094.0,1.0,21,2026-05-31,2.17,8,175,21,nan
1339864569794312396,Vive Centro Histórico CDMX,674566815,1.4706891422862797e+18,Karina Martìnez,nan,Cuauhtémoc,19.432270037937176,-99.14943905731153,Entire home/apt,3314.0,2.0,7,2025-11-09,0.46,1,268,1,nan
32843504,Mixed 6-bed dorm 5 min from Bellas Artes,244321663,1.463282990692756e+18,Casa Mx,nan,Cuauhtémoc,19.440019607543945,-99.14488220214844,Shared room,396.0,1.0,113,2026-06-14,1.28,16,289,20,nan
800085610128911464,Beguest Polanco | 1 BR | Pool, Gym, 50mbps Wi-Fi,150172688,1.4684775447368284e+18,Jorge Andres,nan,Miguel Hidalgo,19.440503460229085,-99.18248822732424,Entire home/apt,2056.0,30.0,0,nan,nan,28,73,0,nan
1470586099068813010,Reforma/balcón/centro historico/bellas artes,69856570,1.466864682815261e+18,Vanessa,nan,Cuauhtémoc,19.4384014,-99.1483673,Entire home/apt,2326.0,1.0,40,2026-05-27,3.76,3,334,40,nan
937782008807612252,Walk to Centro Histórico & Metro ~ Modern & Comfy!,526341769,1.4703670762232527e+18,Diana Elizabeth,nan,Cuauhtémoc,19.4383883,-99.148361,Entire home/apt,1450.0,2.0,151,2026-06-01,4.36,1,122,34,nan
51602247,Charming Pablo Studio in the Historic Center,333035396,1.4696421700786975e+18,Clau,nan,Cuauhtémoc,19.42896270751953,-99.13806915283205,Entire home/apt,1242.0,1.0,188,2026-05-25,3.25,186,352,28,nan
51235671,5 Regina. Extraordinar y Apart Centro México,189582097,1.4689831847023163e+18,Regina,nan,Cuauhtémoc,19.42729,-99.14005,Entire home/apt,1038.0,2.0,98,2026-05-28,1.68,14,359,13,nan
1655265867237650703,Boutique Double Room | Walk to Attractions 9,723213780,1.5284600397067052e+18,Morada Luna,nan,Cuauhtémoc,19.42939,-99.13904,Private room,742.0,1.0,0,nan,nan,67,363,0,nan
1658158533260766270,Double Room Near Bellas Artes | Top Spot 10,723213780,1.5284600397067052e+18,Morada Luna,nan,Cuauhtémoc,19.42906,-99.13801,Private room,696.0,1.0,1,2026-06-13,1.0,67,358,1,nan
575160046290486297,Central apartament close to Bellas Artes Palace,114421971,1.4681790519754788e+18,Maria,nan,Cuauhtémoc,19.42971687091522,-99.14668120600062,Entire home/apt,2234.0,1.0,13,2026-04-12,1.69,1,363,13,nan
1669907009316577987,Elegant & Comfort Loft in Centro CDMX casaXúla,754178178,1.66789719375419e+18,Adrian,nan,Cuauhtémoc,19.42766,-99.13534,Entire home/apt,1190.0,2.0,2,2026-05-23,2.0,6,363,2,nan
9478590,Small room near Bellas Artes,25080980,1.4626320551412324e+18,Diego,nan,Cuauhtémoc,19.43684,-99.13901,Private room,399.0,1.0,352,2026-06-03,2.79,4,61,47,nan
51987594,Habitación Cómoda / Excelente Ubicación,175699706,1.4630640839152023e+18,Ricardo,nan,Cuauhtémoc,19.42815,-99.148529,Private room,913.0,1.0,276,2026-05-31,4.78,5,341,64,nan
950020370795937785,Habitación cerca de Bellas Artes,25080980,1.4626320551412324e+18,Diego,nan,Cuauhtémoc,19.436932005165044,-99.1399816590328,Private room,628.0,1.0,149,2026-05-22,4.3,4,57,44,nan
1669910590354867734,Elegant Art Loft in Centro + Roma Access casaXúla,754178178,1.66789719375419e+18,Adrian,nan,Cuauhtémoc,19.42646,-99.13562,Entire home/apt,1190.0,2.0,2,2026-05-31,2.0,6,360,2,nan
51962507,CUARTO A 3 MIN BELLAS ARTES COCINA Y BAÑO,114030490,1.4681762175383662e+18,Fernanda,nan,Cuauhtémoc,19.43177,-99.14317,Private room,481.0,1.0,212,2026-05-31,3.74,19,111,51,nan
14502548,Apt. w/balcony near “Bellas Artes” Palace / Zócalo,368955150,1.469745254695226e+18,Sergio,nan,Cuauhtémoc,19.43141,-99.13799,Entire home/apt,1957.0,2.0,173,2026-05-28,1.57,5,261,12,nan
772639774768616880,Breathtaking Mansion with HUGE Rooftop in Condesa,452306427,1.4700359009587354e+18,Go To Limbo Sa De Cv,nan,Cuauhtémoc,19.40497,-99.16923,Entire home/apt,9322.0,1.0,17,2025-12-15,0.4,49,338,3,nan
1673456417532213123,Modern Chic Loft in Centro + Roma Access casaXúla,122695820,1.4629234471337964e+18,Adrian,nan,Cuauhtémoc,19.42638,-99.1357,Entire home/apt,1190.0,1.0,2,2026-05-31,1.33,20,172,2,nan
15707968,#Tu casa en el Centro Histórico de la CDMX!,83673124,1.4670124384836004e+18,Einhar,nan,Cuauhtémoc,19.4308,-99.13841,Entire home/apt,1798.0,1.0,409,2026-05-12,3.54,1,299,35,nan
1519095940279840408,Tu punto de partida en el corazón de la CDMX,63282613,1.4667811869631844e+18,Juan,nan,Cuauhtémoc,19.4296291,-99.1474638,Entire home/apt,1934.0,1.0,36,2026-05-30,4.24,1,342,36,nan
53826665,Loft Downtown CDMX | 24/7 Reception & Luggage,47505415,1.4657167123619855e+18,Oscar,nan,Cuauhtémoc,19.436991,-99.139198,Entire home/apt,1490.0,1.0,261,2026-06-04,4.82,6,102,35,nan
1648946408616109917,Stay at Bellas Artes | Heart of Centro Histórico,753332462,1.6489464094234365e+18,Julian Ulloa,nan,Cuauhtémoc,19.43407,-99.14283,Entire home/apt,1780.0,1.0,8,2026-06-07,3.24,1,357,8,nan
1008307390321906769,Centro, 4 cuadras Zócalo, 35 min Banorte/Mundial,168403844,1.46303719496269e+18,Lesly,nan,Cuauhtémoc,19.4271212,-99.1353464,Private room,595.0,2.0,35,2026-05-29,1.34,2,362,25,nan
14232422,New Relaxed Space in the City Center,43039281,1.4656391010096673e+18,Marcia & JC,nan,Cuauhtémoc,19.433416,-99.138443,Entire home/apt,1659.0,1.0,336,2026-06-08,2.79,4,119,36,nan
51554693,Lovely 2bed apartment near Reforma & Downtown Area,334125971,1.46964535271893e+18,Cristina,nan,Cuauhtémoc,19.43886,-99.14879,Entire home/apt,1893.0,1.0,42,2026-06-13,0.71,15,157,12,nan
1148047881245577424,High end Studio few steps from Bellas Artes,571990820,1.470550390847725e+18,Filomeno,nan,Cuauhtémoc,19.43434,-99.13926,Entire home/apt,3340.0,1.0,27,2026-05-09,1.07,13,344,9,nan
1658161481826655666,Downtown Double Room | Great Location 11,723213780,1.5284600397067052e+18,Morada Luna,nan,Cuauhtémoc,19.42911,-99.13752,Private room,705.0,1.0,5,2026-05-28,3.26,67,356,5,nan
1174528547201008824,S10 Puerta al Patrimonio: Vida Urbana con Estilo,724999391,1.5363641796105436e+18,Fernanda,nan,Cuauhtémoc,19.43701,-99.13535,Entire home/apt,1530.0,1.0,159,2026-06-15,6.67,2,235,79,nan
1174532341091482015,S15 Acogedor Rincón de moda en Centro Histórico,560689517,1.4705049036045745e+18,Casa Pétrea,nan,Cuauhtémoc,19.436811234653696,-99.1354831617072,Entire home/apt,1628.0,1.0,186,2026-06-10,7.72,17,228,78,nan
1611773476425580603,DR Hermoso Depa en Paseo de la Reforma c/amenitis,49585733,1.465757364210325e+18,Vania,nan,Cuauhtémoc,19.43693,-99.15004,Entire home/apt,4223.0,1.0,3,2026-06-12,0.73,10,360,3,nan
1618283118195763416,Great apartment in the center of the city.,185777628,1.463086737981191e+18,Jose,nan,Cuauhtémoc,19.43887224277444,-99.14723966574184,Entire home/apt,5022.0,2.0,17,2026-06-10,4.11,3,343,17,nan
38232293,Amazing city views at comfortable apartment!,334125971,1.46964535271893e+18,Cristina,nan,Cuauhtémoc,19.43751,-99.14929,Entire home/apt,2266.0,1.0,348,2026-05-29,4.26,15,177,52,nan
50089769,Lavander Loft,105340370,1.467270821253448e+18,Berta,nan,Miguel Hidalgo,19.44079,-99.19854,Entire home/apt,2378.0,3.0,12,2024-03-02,0.22,1,50,0,nan
1666963008129948816,Casa completa en Condesa / Terraza y 4 recámaras,693542655,1.666963008931579e+18,Guillermo,nan,Cuauhtémoc,19.41317624627152,-99.17321163862304,Entire home/apt,5889.0,2.0,0,nan,nan,1,322,0,nan
38125353,Perfecto Loft en gran ubicación,91265490,1.4628507952918508e+18,Homirent,nan,Miguel Hidalgo,19.39927,-99.17684,Entire home/apt,1860.0,1.0,231,2026-05-25,2.79,109,340,34,nan
1674843191835953598,CH115 Central Stay – Mexico City Historic District,83763891,1.462834224532338e+18,David,nan,Cuauhtémoc,19.436657484736443,-99.137989982209,Entire home/apt,1140.0,1.0,0,nan,nan,23,361,0,nan
913122524254512845,Quédate cerca del Centro camina a la Alameda,519850514,1.463864827934302e+18,Tamara Y Mario,nan,Cuauhtémoc,19.430444046439558,-99.14734838955845,Entire home/apt,1974.0,2.0,133,2026-05-10,3.73,1,260,36,nan
920342548873897977,Renewed apartment #3 close to Bellas Artes,12741835,1.46289454174381e+18,Benjamín,nan,Cuauhtémoc,19.43736,-99.14182,Entire home/apt,1335.0,1.0,115,2026-05-23,3.17,9,323,43,nan
1084271607571348708,Casa Colores Vibrant New Apt,54497443,1.462729027023372e+18,Apbp Sa De Cv,nan,Cuauhtémoc,19.4368328954888,-99.13843832221885,Entire home/apt,6591.0,1.0,21,2026-03-11,0.75,11,74,5,nan
1455452275903223930,Soak up the City Vibe at a Chic Loft in a Historic,18209368,1.4630387875256138e+18,Ian,nan,Cuauhtémoc,19.4369905,-99.1392,Entire home/apt,3530.0,1.0,2,2026-01-08,0.27,10,351,2,nan
844388355622975205,Cabaña en centro histórico,191223455,1.4689934200983803e+18,Keren,nan,Cuauhtémoc,19.438618154990458,-99.13992561399937,Entire home/apt,nan,1.0,34,2026-06-08,0.93,3,351,20,nan
863282792996445879,Cozy apt. in downtown,127227030,1.462933149278666e+18,Jehy,nan,Cuauhtémoc,19.4369643,-99.1379465,Entire home/apt,769.0,2.0,148,2026-06-01,3.82,7,261,33,nan
745678495383354062,Habitación con entrada privada Centro Histórico,394317655,1.4636009087493463e+18,Imsalmar,nan,Cuauhtémoc,19.42721,-99.13852,Private room,520.0,2.0,28,2026-05-29,0.65,6,133,6,nan
998601260731788669,Cantón,67756996,1.4668372195862456e+18,Eduardo,nan,Cuauhtémoc,19.429223679919,-99.13345277309418,Entire home/apt,2283.0,1.0,33,2026-01-31,1.02,1,70,11,nan
22507191,Centrally Located and Comfortable Apartment,334125971,1.46964535271893e+18,Cristina,nan,Cuauhtémoc,19.43912,-99.14875,Entire home/apt,2748.0,1.0,360,2026-06-12,3.54,15,164,26,nan
1178199900385539201,S12 Estudio Colonial en Centro Histórico de CDMX,560689517,1.4705049036045745e+18,Casa Pétrea,nan,Cuauhtémoc,19.43489616393428,-99.13540710116293,Entire home/apt,2106.0,1.0,180,2026-06-14,7.47,17,204,81,nan
1608848102501093789,Cozy Urban Stay in the Heart of Roma Norte,358250534,1.469717485799219e+18,Inperio Rooms,nan,Cuauhtémoc,19.4220578,-99.168914,Entire home/apt,1698.0,1.0,11,2026-05-18,2.7,66,229,11,nan
565054397127547296,705 Boutique apartment view Bellas Artes,42700394,1.465634368381106e+18,Hugo Brauer,nan,Cuauhtémoc,19.43377,-99.14346,Entire home/apt,1445.0,1.0,266,2026-06-11,5.08,37,176,63,nan
47568200,Beautiful 2 floors loft in the heart of CDMX,271579778,1.4633531458510636e+18,Marlene,nan,Cuauhtémoc,19.43629,-99.13419,Entire home/apt,1728.0,2.0,287,2026-06-12,4.37,7,132,55,nan
1174513966881022380,S2 Refugio de Encanto en Edificio Histórico Centro,560689517,1.4705049036045745e+18,Casa Pétrea,nan,Cuauhtémoc,19.43697,-99.13537,Entire home/apt,1006.0,1.0,176,2026-06-08,7.26,17,241,83,nan
1223575628870056623,Hermoso Dormitorio de Cuba,127227030,1.462933149278666e+18,Jehy,nan,Cuauhtémoc,19.43677,-99.13801,Entire home/apt,996.0,1.0,69,2026-04-19,3.09,7,361,31,nan
642000846896127102,Penthouse❤|♛Size Bed|5min→Zocalo|SmartTV|8 People,135894880,1.462952959876708e+18,Hector Leonel,nan,Cuauhtémoc,19.4308773,-99.1384553,Entire home/apt,2654.0,2.0,152,2026-05-31,3.1,14,315,29,nan
1044341639679589321,Miniloft 104/82412,37169395,1.4655548069157238e+18,Valher,nan,Miguel Hidalgo,19.4417316,-99.208619,Private room,1370.0,1.0,43,2026-06-02,2.9,4,67,37,nan
1655181139203743721,Bellas Artes Upscale 1BR Loft | Gym + Sauna 906,5126969,1.4625390607403942e+18,Jose Alfonso,nan,Cuauhtémoc,19.43301,-99.14151,Entire home/apt,2080.0,1.0,2,2026-05-18,1.4,54,143,2,nan
949536136487563897,Tres Camas en el Centro by HSM,526944374,1.470369537498564e+18,Alejandro,nan,Cuauhtémoc,19.4378276,-99.1394106,Entire home/apt,1974.0,1.0,121,2026-06-08,3.55,17,284,53,nan
46396014,NUEVA SUITE en el corazón del centro de la ciudad,114030490,1.4681762175383662e+18,Fernanda,nan,Cuauhtémoc,19.43125,-99.14269,Entire home/apt,761.0,1.0,359,2026-06-01,5.29,19,83,78,nan
31924234,Departamento en Centro Histórico de la CDMX,219926859,1.4691600949955796e+18,Jessica,nan,Cuauhtémoc,19.4396,-99.141,Entire home/apt,1540.0,2.0,88,2026-05-06,0.98,2,329,3,nan
43566134,Acogedor departamento corazón del Centro Histórico,63518732,1.466784052216576e+18,Laura,nan,Cuauhtémoc,19.43538,-99.13227,Entire home/apt,2112.0,1.0,355,2026-05-31,4.95,2,244,58,nan
1458449487925360592,PH a pasos de condesa.,447812052,1.4700164194962583e+18,Miguel Angel,nan,Miguel Hidalgo,19.40298,-99.18123,Private room,799.0,1.0,10,2026-06-12,1.69,2,301,10,nan
33716386,Perfecto Loft en gran ubicación,91265490,1.4628507952918508e+18,Homirent,nan,Miguel Hidalgo,19.39916,-99.17677,Entire home/apt,1860.0,1.0,384,2026-06-15,4.39,109,351,39,nan
27087987,Premium Room in Escandon Private and Centric,202364330,1.469055911042065e+18,Jorge,nan,Miguel Hidalgo,19.40217,-99.18149,Private room,742.0,1.0,719,2026-05-31,7.48,6,128,63,nan
1687195470113873528,Cozy Cocoon in Condesa,358250534,1.469717485799219e+18,Inperio Rooms,nan,Miguel Hidalgo,19.4042029,-99.1797004,Entire home/apt,2213.0,1.0,1,2026-05-19,1.0,66,331,1,nan
22027510,Bright & Cozy Studio Downton Mexico City,160852100,1.4685646454235008e+18,Ligia,nan,Cuauhtémoc,19.43868,-99.13319,Entire home/apt,1735.0,2.0,106,2026-05-12,1.03,1,168,10,nan
1672732550961639327,Stylish Loft, Downtown Historic Zócalo,83763891,1.462834224532338e+18,David,nan,Cuauhtémoc,19.4367536,-99.1379873,Entire home/apt,1900.0,1.0,1,2026-06-13,1.0,23,354,1,nan
1181677063213676958,Cozy Standard Stay in Mexico City,122175936,1.4682392855098788e+18,Laura - BELVILLA,nan,Cuauhtémoc,19.43757,-99.141,Private room,1475.0,1.0,126,2026-06-07,5.69,12,358,99,nan
1622697397360081240,Departamento suite frente Palacio de Bellas Artes,746605341,1.6226973981099118e+18,Oralia,nan,Cuauhtémoc,19.4348,-99.14187,Entire home/apt,3423.0,1.0,6,2026-06-12,1.57,1,33,6,nan
1655228445786538138,Smart Stay Double Room | Central CDMX 7,723213780,1.5284600397067052e+18,Morada Luna,nan,Cuauhtémoc,19.43128,-99.13784,Private room,743.0,1.0,0,nan,nan,67,362,0,nan
1347208543183299189,¡Vive el Centro Histórico!,675805229,1.470691597618393e+18,Hugo,nan,Cuauhtémoc,19.43358,-99.14276,Entire home/apt,2588.0,2.0,38,2026-05-24,3.26,1,312,38,nan
1056904329376420374,Dpto. c/Balcón/Cocina/Roof Garden/Gym,429990171,1.4699477354106862e+18,Diana,nan,Cuauhtémoc,19.43783671824237,-99.13198026112062,Entire home/apt,2197.0,1.0,64,2026-04-25,2.54,1,230,18,nan
1572027805949549263,King Size Bed with Equipped Kitchenette in CDMX,398202528,1.4698316028150879e+18,Amado Buenrostro,nan,Benito Juárez,19.392075,-99.1720609,Private room,1071.0,1.0,10,2026-05-20,2.29,10,12,10,nan
1148047315998375717,High end Studio few steps from Bellas Artes,571990820,1.470550390847725e+18,Filomeno,nan,Cuauhtémoc,19.43434,-99.13926,Entire home/apt,2996.0,1.0,67,2026-05-17,2.65,13,298,35,nan
39178585,Studio 2: Cozy & Well-Located,243035087,1.4692900254368975e+18,Veronica,nan,Miguel Hidalgo,19.40382,-99.17656,Entire home/apt,2327.0,2.0,43,2025-05-15,0.53,9,358,0,nan
12453709,LOFT PH. ZONA POLANCO/LOMAS "PH01-C",47665322,1.465719732117557e+18,Yemile,nan,Miguel Hidalgo,19.43398,-99.21213,Entire home/apt,1212.0,1.0,357,2026-06-01,2.91,9,358,62,nan
39584061,Azteca Histórico |Departamento Centro de la Ciudad,107959171,1.4673081292624735e+18,Miguel Angel,nan,Cuauhtémoc,19.43808,-99.13712,Entire home/apt,6106.0,1.0,235,2026-05-30,2.95,1,207,40,nan
1674069834648208083,CH122 Central Stay – Mexico City Historic District,83763891,1.462834224532338e+18,David,nan,Cuauhtémoc,19.43698,-99.13892,Entire home/apt,2375.0,1.0,0,nan,nan,23,350,0,nan
707316265730164388,Exclusivo Loft con terraza en Polanco,59662906,1.4667234105355328e+18,Samantha,nan,Miguel Hidalgo,19.42965,-99.18919,Entire home/apt,1672.0,2.0,122,2026-05-22,2.75,2,239,31,nan
1211612034360319766,KALI Escandón · Condesa, WTC · Desayuno Incluido,227035886,1.4692084002253046e+18,Kali,nan,Miguel Hidalgo,19.401958,-99.1774978,Private room,1725.0,1.0,62,2026-05-31,2.72,22,228,25,nan
1584921944355172289,Artful Mexican Tiny Home, in Condesa/Escandon,358250534,1.469717485799219e+18,Inperio Rooms,nan,Miguel Hidalgo,19.4042029,-99.1797004,Entire home/apt,1813.0,1.0,20,2026-05-24,3.64,66,341,20,nan
1148047361708976933,High end Studio few steps from Bellas Artes,571990820,1.470550390847725e+18,Filomeno,nan,Cuauhtémoc,19.43434,-99.13926,Entire home/apt,3211.0,1.0,52,2026-03-08,2.05,13,342,11,nan
1450244476468631268,Departamento Centro CDMX a pasos de Av. Reforma,445828110,1.4700088075876214e+18,Diego,nan,Cuauhtémoc,19.438376106771823,-99.14825464722136,Entire home/apt,2112.0,2.0,28,2026-05-19,2.68,2,350,28,nan
1467075756005632658,Exquisite Rooftop Retreat Near Lincoln Park,104953556,1.4628826920219569e+18,Dave And Nat,nan,Miguel Hidalgo,19.42654,-99.19666,Entire home/apt,5434.0,1.0,25,2026-06-05,3.16,80,296,25,nan
879556104629304894,Departamento Patriotismo WTC cerca Condesa | 203,245618000,1.469303049838667e+18,Second Home,nan,Miguel Hidalgo,19.3984566,-99.1799011,Entire home/apt,2106.0,1.0,134,2026-05-23,3.51,101,71,27,nan
838366951436846547,Hermosa Suite Presidencial,503543816,1.470263888137293e+18,Francisco,nan,Cuauhtémoc,19.43786325876808,-99.15037208465576,Private room,4000.0,2.0,0,nan,nan,1,364,0,nan
28517982,Habitación El corazón en casa de inicios Siglo XX,130825075,1.4683102484620462e+18,Enrique Y Pepe,nan,Miguel Hidalgo,19.40449,-99.17965,Private room,1085.0,2.0,432,2026-06-06,4.58,3,138,67,nan
41320454,Next Camino Real Polanco free breakfast at my cafe,123222207,1.4629245615678925e+18,Antonio Vivar,nan,Miguel Hidalgo,19.4287,-99.17781,Entire home/apt,1100.0,1.0,169,2026-05-31,2.17,3,96,46,nan
50677801,Hermoso departamento a una cuadra de la Condesa.,84612293,1.4670216993692216e+18,Nohemí,nan,Miguel Hidalgo,19.40406,-99.17688,Entire home/apt,1724.0,1.0,66,2026-05-10,1.11,1,258,11,nan
45657500,Condesa/Escandón huge 2BR w/ balcony. Quiet street,12451150,1.4628880513000448e+18,Javier,nan,Miguel Hidalgo,19.40476,-99.17646,Entire home/apt,2780.0,2.0,35,2026-04-18,0.9,5,173,14,nan
670432838652564695,Capitalia Obelisk Polanco | Work, Train & Relax,27449159,1.4654051480429292e+18,Capitalia,nan,Miguel Hidalgo,19.4281208,-99.1974551,Entire home/apt,9658.0,1.0,90,2026-06-10,1.9,100,328,42,nan
1660880898674936238,Departamento en condominio en la Colonia Nápoles.,167002240,1.6608808997336548e+18,Fernando,nan,Benito Juárez,19.39847,-99.17209,Entire home/apt,1398.0,2.0,13,2026-06-13,6.61,1,338,13,nan
51966727,Departamento Patriotismo WTC cerca Condesa | 404,245618000,1.469303049838667e+18,Second Home,nan,Miguel Hidalgo,19.39827,-99.18098,Entire home/apt,1638.0,1.0,217,2026-05-22,3.73,101,149,35,nan
1544221357221662871,Departamento en Polanco de 5 Recámaras Con Garage,67089934,1.46682900205341e+18,Nicolas,nan,Miguel Hidalgo,19.4286858,-99.1933556,Entire home/apt,21170.0,1.0,5,2026-05-18,2.05,3,298,5,nan
12751458,Snake Room,6629301,1.46254650507056e+18,Grecia,nan,Cuauhtémoc,19.40085,-99.17002,Private room,1507.0,1.0,277,2026-05-14,2.26,6,318,22,nan
1005031774949662971,w* | Well-appointed Loft near Polanco,16148871,1.4629798053263913e+18,Juan,nan,Miguel Hidalgo,19.4292875,-99.176992,Entire home/apt,1911.0,1.0,126,2026-06-10,3.9,189,356,52,nan
766957678213775554,Beautiful private room in Condesa/Escandón,124424854,1.4682560354621476e+18,Sofía,nan,Cuauhtémoc,19.40119,-99.17039,Private room,828.0,2.0,130,2026-05-03,3.04,2,115,34,nan
1575547861852131859,Depto. Nuevo Roma sur 205- WIFI. S-Mart TV.,726587923,1.54318054759108e+18,Arborea,nan,Cuauhtémoc,19.40392,-99.16356,Entire home/apt,1313.0,1.0,39,2026-05-24,6.5,10,184,39,nan
657469830363103127,Escandón, well located, equipped and comfortable.,466103767,1.4701010107642575e+18,Emilia,nan,Miguel Hidalgo,19.399385545151283,-99.1751094883606,Entire home/apt,1906.0,1.0,61,2026-06-12,1.55,1,305,18,nan
1175524158714572328,Big Private Room in Roma Area,66522047,1.466821967464911e+18,Stefano,nan,Cuauhtémoc,19.40607650018921,-99.15947862153428,Private room,10419.0,1.0,5,2024-12-26,0.2,19,89,0,nan
1674178811780985224,Habitación cerca Foro GNP y Palacio solo mujeres,158921087,1.6620327083626988e+18,Lucero,nan,Iztacalco,19.3972588424354,-99.10047266632318,Private room,602.0,1.0,12,2026-06-12,9.0,1,145,12,nan
1066947457934238207,Departamento Centro Histórico CDMX,529069959,1.4703780508550843e+18,Juventino,nan,Cuauhtémoc,19.431933588589317,-99.13846349077504,Entire home/apt,3424.0,2.0,58,2026-04-05,2.13,1,357,25,nan
784114388560024305,Mini estudio en Roma Norte -acceso independiente,491807242,1.4638297817960602e+18,Pablo,nan,Cuauhtémoc,19.41322026666553,-99.1557507138383,Entire home/apt,1102.0,2.0,2,2026-01-31,0.14,1,134,1,nan
12385180,Ubicado en la emblemática colonia Roma Norte.,66950502,1.466826986630303e+18,Angeles,nan,Cuauhtémoc,19.415371385312422,-99.15649752881228,Entire home/apt,2391.0,1.0,181,2026-05-23,1.53,1,137,22,nan
990083672483866406,Hotel MAPA Polanco Suite 1A con TV,270575782,1.469429155517024e+18,María,nan,Miguel Hidalgo,19.43381,-99.18076,Private room,1483.0,1.0,87,2026-05-16,2.67,4,340,37,nan
1111928438150682291,Habitación MaPa Polanco Suite 101 / Ventana,510343030,1.4702946517686753e+18,Paloma,nan,Miguel Hidalgo,19.433848,-99.1816242,Private room,912.0,1.0,211,2026-06-01,7.8,39,355,76,nan
36176945,Sótano del yogui, Cama, Yoga, Barre, Arte.,89706518,1.4628472960173832e+18,Mario,nan,Miguel Hidalgo,19.43598,-99.19045,Entire home/apt,1620.0,1.0,123,2026-05-24,1.51,2,168,3,nan
39439465,Perfecto Loft en gran ubicación,91265490,1.4628507952918508e+18,Homirent,nan,Miguel Hidalgo,19.40048,-99.17704,Entire home/apt,1860.0,1.0,338,2026-05-31,4.18,109,298,23,nan
1545866021422237566,Departamento a pasos de Polanco, Antara y Soumaya,172282941,1.4686724610113984e+18,Issa,nan,Miguel Hidalgo,19.44178071821776,-99.201791100204,Entire home/apt,3224.0,2.0,21,2026-06-15,3.26,1,215,21,nan
27753187,Depto 1 rec amueblado con servicios en Polanco,187480022,1.463090792063425e+18,Brenda,nan,Miguel Hidalgo,19.43367,-99.18879,Entire home/apt,1543.0,1.0,124,2026-06-04,1.3,7,305,17,nan
1521119463517897806,Luxury Tiffany Design· 2BR Pool· Neuchâtel Polanco,70983088,1.4668783855555837e+18,Casa Maresp,nan,Miguel Hidalgo,19.443342221854454,-99.20127175748348,Entire home/apt,4694.0,1.0,7,2026-04-12,1.02,5,326,7,nan
1614690705100439803,Casa Gama Marcel | Top Design & Art en Polanco,703076467,1.4707474641000338e+18,Casa Gama,nan,Miguel Hidalgo,19.4348203,-99.190895,Entire home/apt,4693.0,2.0,7,2026-06-14,3.04,7,169,7,nan
41405924,Depto atico a 1 calle del metro polanco,187480022,1.463090792063425e+18,Brenda,nan,Miguel Hidalgo,19.43377,-99.19068,Entire home/apt,2183.0,1.0,12,2026-05-10,0.15,7,363,2,nan
1062516152670375188,Capitalia | Balcony & Parking, Near Masaryk,276377520,1.469457340290503e+18,Capitalia,nan,Miguel Hidalgo,19.436108,-99.1924904,Entire home/apt,4614.0,1.0,156,2026-05-31,5.29,62,357,33,nan
1694541180787933250,Hogar Reforma & Insurgentes,24106563,1.465283188673197e+18,Raul,nan,Cuauhtémoc,19.434465912844264,-99.15752962231636,Entire home/apt,2054.0,1.0,2,2026-06-11,2.0,1,357,2,nan
944281126051688567,Comfy stay in Polanco · Two beds,526944374,1.470369537498564e+18,Alejandro,nan,Miguel Hidalgo,19.4353913,-99.2002241,Private room,2100.0,1.0,16,2026-02-15,0.52,17,352,5,nan
1162285190686351015,Cero-Cero- Siete-HOME,36211350,1.4655377759855683e+18,Luis Miguel,nan,Cuauhtémoc,19.4363,-99.15797,Entire home/apt,1312.0,1.0,138,2026-05-29,5.77,1,331,68,nan
1285023091964394934,LUX PH Heart of Condesa with Private RoofTop + AC!,8658735,1.462773045920397e+18,Martha Elba,nan,Cuauhtémoc,19.4125719,-99.1724262,Entire home/apt,12290.0,3.0,48,2026-05-26,2.5,2,29,32,nan
1274734223940906841,Polanco- Luxury Suite  Live/Work 1BD/1BA 2 PAX,127205373,1.4682792703379167e+18,Viadora MX,nan,Miguel Hidalgo,19.434201,-99.1904081,Entire home/apt,7015.0,1.0,64,2026-05-19,3.41,17,201,33,nan
1329155770874786472,Kukun Homero Polanco,666535243,1.470672405375174e+18,Kukun,nan,Miguel Hidalgo,19.4350294,-99.1842378,Entire home/apt,2970.0,1.0,83,2026-05-17,5.07,12,365,50,nan
42509816,La Roma apartment,37847508,1.4655663902255928e+18,Karen,nan,Cuauhtémoc,19.41549,-99.15563,Entire home/apt,1991.0,2.0,51,2026-03-07,0.67,2,360,11,nan
1344420593779919520,Kukun Homero Polanco,666535243,1.470672405375174e+18,Kukun,nan,Miguel Hidalgo,19.4350294,-99.1842378,Entire home/apt,3630.0,1.0,4,2025-05-02,0.26,12,353,0,nan
1630014728684729330,Hermoso loft en la mejor ubicación de Polanco,369403303,1.469746321357399e+18,Grixs,nan,Miguel Hidalgo,19.4350172,-99.1954002,Private room,2075.0,1.0,0,nan,nan,25,364,0,nan
1298633137215248943,Polanco | Alberca + gym + diseño moderno,192477907,1.4631026976081114e+18,Alejandro,nan,Miguel Hidalgo,19.444034267848355,-99.20193215615885,Entire home/apt,3230.0,2.0,13,2026-06-10,0.69,40,351,12,nan
44403548,D-Cuarto en PH con impresionante vista panorámica,42943092,1.462692144890588e+18,Caravansaro,nan,Miguel Hidalgo,19.43577,-99.20783,Private room,1527.0,1.0,102,2026-05-15,1.43,6,355,8,nan
1674890163790208014,Luxury 2BR Polanco, Elegant Lounge, 4 Guests,47217534,1.4627059575256532e+18,Magdalena,nan,Miguel Hidalgo,19.43726,-99.19874,Entire home/apt,3100.0,1.0,0,nan,nan,2,27,0,nan
1424758165782022168,Spacious Apt for6 Antara Polanco-Carso USA Embassy,19661124,1.4630874849361116e+18,Stefan,nan,Miguel Hidalgo,19.4450469,-99.2026082,Entire home/apt,4599.0,1.0,28,2026-03-02,2.25,11,166,27,nan
1618939250886165785,NEW designer studio in authentic Roma Norte,50929609,1.465789011792601e+18,Felipe,nan,Cuauhtémoc,19.411685,-99.161483,Entire home/apt,5202.0,2.0,12,2026-06-11,3.64,18,149,12,nan
45670211,Perfecto Loft en gran ubicación,91265490,1.4628507952918508e+18,Homirent,nan,Miguel Hidalgo,19.39927,-99.17634,Entire home/apt,1193.0,1.0,233,2026-06-04,3.38,109,360,14,nan
1065434711149761445,Grand Suite ¡En la mejor ubicación de la CDMX!,555559797,1.4704808942539246e+18,Juan Pablo,nan,Miguel Hidalgo,19.433831622249485,-99.19808863858115,Private room,1370.0,1.0,0,nan,nan,3,224,0,nan
1439884404449613159,Safe, sleek and perfectly located.,166864351,1.463033845461146e+18,Ximena,nan,Cuauhtémoc,19.41239,-99.15623,Entire home/apt,3640.0,1.0,17,2026-05-13,1.57,3,292,17,nan
1503151661220612603,Escápate al corazón de Roma Norte - AVA 102,457770929,1.4700610229313664e+18,Andrea,nan,Cuauhtémoc,19.415687937806112,-99.15536608546972,Entire home/apt,4679.0,1.0,18,2026-04-27,1.99,1,361,18,nan
1622632813792790373,Magnifico Departamento de Lujo en Polanco para 8,248527167,1.4693177914556175e+18,Kepler By Casa Chula Rentals,nan,Miguel Hidalgo,19.4338721,-99.1807331,Entire home/apt,5283.0,1.0,17,2026-05-28,4.72,1,304,17,nan
1478426378161447715,Suite Ejecutiva con Terraza Privada en Polanco,130500890,1.462940639325795e+18,Vanessa,nan,Miguel Hidalgo,19.43418,-99.1784,Entire home/apt,1482.0,1.0,1,2025-09-14,0.11,12,336,1,nan
1173628350047750707,Habitación Quad+ | Polanco | Auto Check-In,61030249,1.4667512998774354e+18,Pablo,nan,Miguel Hidalgo,19.4347627,-99.2080564,Private room,1400.0,1.0,6,2025-09-24,0.26,36,268,2,nan
1676139168025423412,Elevated Polanco Residence | Balcony | Pool | Gym,156632464,1.4685280384988915e+18,C,nan,Miguel Hidalgo,19.438062651283648,-99.19960241764784,Entire home/apt,3566.0,1.0,3,2026-05-30,2.14,6,9,3,nan
42272240,Cozy 2BR Apt | Inside Pool+Lounge+Rooftop BBQ+Gym,335393886,1.463472406320653e+18,Uliv,nan,Miguel Hidalgo,19.43801,-99.19981,Entire home/apt,2603.0,1.0,113,2026-03-16,1.48,18,338,12,nan
1693176851619210014,Depa en Reforma e Insurgentes Centro CDMX mundial,115494461,1.4681865734415114e+18,Fernanda García,nan,Cuauhtémoc,19.43465308714706,-99.15766540914774,Entire home/apt,2137.0,1.0,0,nan,nan,8,360,0,nan
1332602163923116961,Polanco: Habitación en departamento de Lujo,48106570,1.4627087598598666e+18,Alejandro,nan,Miguel Hidalgo,19.437531,-99.1993523,Private room,1240.0,1.0,94,2026-06-14,5.49,10,342,62,nan
46336183,2 Floor Loft Polanco,9988682,1.4628287889703514e+18,Quinquin,nan,Miguel Hidalgo,19.43679,-99.19083,Entire home/apt,1643.0,2.0,154,2026-05-30,2.29,9,162,44,nan
1346498157573270809,Stylish Polanco High-Rise | Pool | Gym,156632464,1.4685280384988915e+18,C,nan,Miguel Hidalgo,19.437537464325647,-99.1996644,Entire home/apt,3252.0,1.0,59,2026-06-01,3.57,6,38,33,nan
51409427,Departamento con terraza a media cuadra del ángel,22755111,1.463187540605078e+18,Federico,nan,Cuauhtémoc,19.426342010498047,-99.1660385131836,Entire home/apt,1427.0,2.0,95,2026-05-20,1.74,1,298,20,nan
1656218264894109127,Cama individual - Xolo Hostel - Roma Norte, CDMX,209997109,1.4690956569701545e+18,Maria,nan,Cuauhtémoc,19.41691,-99.16717,Shared room,800.0,1.0,0,nan,nan,9,365,0,nan
705907566271945739,w* | Enchanting 1BR with Perfect Deco in Polanco,16148871,1.4629798053263913e+18,Juan,nan,Miguel Hidalgo,19.4374303,-99.1993686,Entire home/apt,2169.0,1.0,75,2026-04-22,1.65,189,337,20,nan
1058132232969729743,Con Silvia! Habitación, en Campos Eliseos, Polanco,39758554,1.462682498386235e+18,Silvia,nan,Miguel Hidalgo,19.42893,-99.181668,Private room,1712.0,3.0,30,2026-04-20,1.3,1,156,5,nan
26782892,Polanco Apt w/ City View, Gym, Pool & Parking,13677387,1.462918988330988e+18,Carlos,nan,Miguel Hidalgo,19.43699,-99.19921,Entire home/apt,3938.0,1.0,259,2026-05-25,2.69,7,250,17,nan
51942441,Amazingly located apartment in Polanco.,352981757,1.4635127316150715e+18,Fernando,nan,Miguel Hidalgo,19.44192,-99.20151,Entire home/apt,5980.0,2.0,95,2026-02-18,1.67,4,350,22,nan
953572052689561227,2BR Torre Estocolmo Nuevo Polanco,50694473,1.4657777819312737e+18,Helena,nan,Miguel Hidalgo,19.4435717,-99.204573,Entire home/apt,2385.0,2.0,26,2026-05-28,0.76,5,257,15,nan
943356698041584227,R5 Explore Coliving Polanco-Granada / baño privado,422844046,1.469918664905298e+18,Maria Amparo,nan,Miguel Hidalgo,19.44003231300272,-99.19290240189687,Private room,912.0,1.0,107,2026-05-15,3.27,6,339,44,nan
52977322,Chic Stay en Polanco con vistas a la ciudad,163026672,1.4685864702372687e+18,Luis Arturo,nan,Miguel Hidalgo,19.43764,-99.18806,Entire home/apt,3538.0,2.0,218,2026-05-31,4.16,2,195,52,nan
1371167244741747099,Pequeño estudio en condesa,66510852,1.4668218511477955e+18,Marisol,nan,Cuauhtémoc,19.4086346,-99.171567,Private room,845.0,2.0,14,2026-03-22,0.95,9,337,12,nan
1680934326216221221,2BR en Polanco Neuchatel | Pool & Gym | Antara,127917683,1.462934747075186e+18,Luis Guerrero,nan,Miguel Hidalgo,19.44336,-99.20128,Entire home/apt,3631.0,1.0,0,nan,nan,59,333,0,nan
857207664042873004,Beguest Polanco | Gym & Terrace Suite,5755202,1.4625421823285827e+18,Andres,nan,Miguel Hidalgo,19.43626402219028,-99.1891056190875,Entire home/apt,2331.0,3.0,32,2026-01-19,0.84,41,89,3,nan
36305728,Modern Mexican House POLANCO, LARGE GROUPS,273039345,1.4633568049954138e+18,Leonor,nan,Miguel Hidalgo,19.43626,-99.19495,Entire home/apt,7475.0,1.0,127,2026-05-25,1.53,1,151,21,nan
1603699086725339705,MD Pasaje Polanco,551217022,1.4704646082284493e+18,MD Rentals,nan,Miguel Hidalgo,19.4312105,-99.1971028,Entire home/apt,4519.0,2.0,6,2026-06-01,1.4,5,298,6,nan
1638919489407652383,Casa Lumi | 3BR • Garden • Polanco,12776482,1.462583790364684e+18,Yaya,nan,Miguel Hidalgo,19.43183,-99.19914,Entire home/apt,8346.0,2.0,4,2026-06-07,1.69,2,75,4,nan
7310049,Lux appartment in Polanco!,37742252,1.4626762025878556e+18,Moises,nan,Miguel Hidalgo,19.43996,-99.1911,Entire home/apt,1972.0,2.0,213,2026-05-25,1.63,3,162,2,nan
1052315407037668655,Polanco céntrico y espacioso depto/seguridad 24hrs,552176005,1.470468346516791e+18,⁨Lope 226⁩,nan,Miguel Hidalgo,19.4345864,-99.1870715,Entire home/apt,9072.0,1.0,3,2024-02-26,0.1,25,345,0,nan
1635669018659458128,Amplio y Moderno p/6 Plaza Antara Carso y Embajada,19661124,1.4630874849361116e+18,Stefan,nan,Miguel Hidalgo,19.4424324,-99.2016306,Entire home/apt,2860.0,1.0,8,2026-05-29,2.64,11,337,8,nan
52769833,Cute & Chic Apt | 2 Rooftops+Fire Pit+Gym+B/Center,335393886,1.463472406320653e+18,Uliv,nan,Miguel Hidalgo,19.4382512,-99.1919603,Entire home/apt,3415.0,1.0,1026,2026-05-26,18.04,18,365,147,nan
1705431841249561971,Ubicación Perfecta,67352993,1.4668322571825933e+18,Adan,nan,Cuauhtémoc,19.4359719,-99.162459,Entire home/apt,2739.0,1.0,0,nan,nan,1,365,0,nan
1622251719679271193,Cuarto acogedor en Condesa,447270714,1.4637240941745956e+18,Gm Latam,nan,Cuauhtémoc,19.405,-99.17431,Private room,733.0,1.0,4,2026-04-18,1.09,82,356,4,nan
1081901984827506033,Habitación MaPa Polanco 403 con TV,510343030,1.4702946517686753e+18,Paloma,nan,Miguel Hidalgo,19.433848,-99.1816242,Private room,912.0,1.0,65,2026-05-29,2.29,39,358,23,nan
