49281983,1.4657505168190446e+18,nan,19.33936193517208,1.0,nan,0
368484187,1.4697439312284754e+18,nan,19.46123,1.0,nan,0
115584349,1.4629075468365458e+18,nan,19.42847,1.0,2025-12-21,3
305540724,1.4695641500460526e+18,nan,19.432591170988385,1.0,nan,0
1692738072221769405,1.7045927747492905e+18,nan,19.3020128,1.0,nan,0
425121990,1.6232260745325842e+18,nan,19.486924982739907,1.0,nan,0
491091678,1.4702111076378348e+18,nan,19.4400035,1.0,2026-05-31,41
263742098,1.4693949376530606e+18,nan,19.42714,1.0,2026-05-29,7
86440910,1.6538050353884892e+18,nan,19.45768398681057,1.0,nan,0
392532444,1.4698140981638717e+18,nan,19.36375,1.0,2026-05-24,27
164899793,1.4686020902469594e+18,nan,19.32306,5.0,nan,0
140293987,1.4683885058906496e+18,nan,19.351954,4.0,nan,0
106758755,1.4672943710923392e+18,nan,19.3079,2.0,2026-05-31,5
744773708,1.6154755120246956e+18,nan,19.4347846,1.0,nan,0
492720334,1.4726616865062574e+18,nan,19.43088,1.0,nan,0
315742510,1.4695958898612454e+18,nan,19.46449,7.0,nan,0
330629111,1.469635403985128e+18,nan,19.20156,1.0,2023-12-25,0
385383435,1.4677630214829542e+18,nan,19.34608,1.0,nan,0
259224980,1.469369461337545e+18,nan,19.39803,1.0,2026-05-31,4
529656647,1.470380297238311e+18,nan,19.39895,1.0,2026-02-15,4
547848500,1.4704511377199598e+18,nan,19.200100682638062,1.0,nan,0
260260568,1.469375155389992e+18,nan,19.35448,1.0,2025-03-28,0
10459452,1.462841236355023e+18,nan,19.4168295,1.0,2026-05-12,43
51551775,1.4658066289946624e+18,nan,19.4237478,2.0,nan,0
323293152,1.463452005822022e+18,nan,19.36439,3.0,nan,0
485820191,1.4638150304905006e+18,nan,19.37786,1.0,nan,0
64466496,1.462766558719735e+18,nan,19.43371,1.0,2026-06-01,24
664090052,1.463916834809422e+18,nan,19.3478692,1.0,2026-02-01,4
686844118,1.4707143869104965e+18,nan,19.3801227,2.0,nan,0
528462999,1.4638677749097923e+18,nan,19.410019,1.0,2025-10-24,1
78413203,1.466960361539968e+18,nan,19.437777,4.0,2026-05-20,14
719593695,1.512787330327565e+18,nan,19.4106157,1.0,2026-02-23,6
111031291,1.4673422771976061e+18,nan,19.4268773,1.0,2022-11-07,0
344441828,1.4696800928114947e+18,nan,19.43007,1.0,2026-01-01,1
716763433,1.501076225248138e+18,nan,19.4100565,1.0,nan,0
152270391,1.4684940986777948e+18,nan,19.41282,2.0,nan,0
582942192,1.4705938795726354e+18,nan,19.553926926720795,1.0,2026-05-24,15
12908488,1.4628984950013688e+18,nan,19.50509,3.0,2025-08-09,1
192707667,1.4631032197420175e+18,nan,19.33227,2.0,2026-05-24,29
458150502,1.4700626854131305e+18,nan,19.31438251526244,3.0,2026-05-05,7
754636621,1.6539614915634166e+18,nan,19.40575,1.0,nan,0
718207738,1.507237218086778e+18,nan,19.43873,1.0,2026-04-19,1
49735631,1.4627139970482883e+18,nan,19.3687,1.0,2025-09-05,3
1562506,1.4625617811259564e+18,nan,19.2988,1.0,2026-06-06,8
101824645,1.4672219122404544e+18,nan,19.41411,1.0,2021-07-28,0
103373750,1.467241230224451e+18,nan,19.44193,70.0,nan,0
129481878,1.4682984946771282e+18,nan,19.39617,2.0,nan,0
188792844,1.4689784078300826e+18,nan,19.44123,2.0,2024-10-10,0
52578062,1.4658514768752945e+18,nan,19.41626,2.0,2026-05-15,15
23451355,1.4652734663993329e+18,nan,19.42604,6.0,2026-06-06,3
126106513,1.4682699192743355e+18,nan,19.43598,1.0,2026-05-11,19
2281290,1.4625232866061222e+18,nan,19.42478,1.0,2026-02-15,1
20528806,1.4631106317561597e+18,nan,19.44012,300.0,2021-07-27,0
17320146,1.4630074163892598e+18,nan,19.41392,5.0,2025-07-01,0
70037031,1.466867141505105e+18,nan,19.4363293,1.0,nan,0
156775890,1.462999178174846e+18,nan,19.37688,1.0,2022-11-21,0
161987657,1.468576477723913e+18,nan,19.33965,1.0,2025-07-29,1
100274137,1.467204246894874e+18,nan,19.43339,4.0,2022-07-10,0
469342859,1.4879781439424084e+18,nan,19.4210336,1.0,2025-09-13,4
147392981,1.4684454250985943e+18,nan,19.44545,2.0,2022-08-08,0
423910672,1.463666230713159e+18,nan,19.38112,1.0,2023-06-16,0
485080390,1.4701837085278356e+18,nan,19.38284,90.0,nan,0
24366146,1.4652871724926492e+18,nan,19.41299,62.0,nan,0
432264634,1.4699566713326098e+18,nan,19.41914,3.0,2026-04-30,2
533100474,1.4703934239777572e+18,nan,19.2823,7.0,2023-11-20,0
533100474,1.4703934239777572e+18,nan,19.283654670843923,1.0,2023-11-27,0
380130411,1.4635676747484644e+18,nan,19.40978,1.0,2026-01-04,6
435917003,1.4699715668935752e+18,nan,19.39708078856292,5.0,nan,0
499714217,1.4702474465602196e+18,nan,19.41324520397932,40.0,nan,0
335508696,1.469649353951118e+18,nan,19.42443,1.0,nan,0
48807328,1.4657410626686152e+18,nan,19.40764,3.0,2024-07-06,0
357032039,1.469713878945135e+18,nan,19.41922,3.0,2024-08-12,0
17442237,1.4630102213775296e+18,nan,19.35959,1.0,2026-01-21,9
255503292,1.4693503210601042e+18,nan,19.42251634150752,2.0,2025-02-07,0
237116103,1.4692617621380959e+18,nan,19.4255584,2.0,nan,0
29961344,1.4654414064611197e+18,nan,19.42206,1.0,nan,0
666232518,1.4706717032687987e+18,nan,19.3928714,1.0,nan,0
59785809,1.4667258046945884e+18,nan,19.45247293720219,7.0,2024-05-20,0
135071594,1.4683465771376993e+18,nan,19.41325,15.0,nan,0
534681284,1.4703995186318487e+18,nan,19.40668,3.0,2025-11-17,9
472442480,1.470130890098635e+18,nan,19.42386,30.0,2024-02-19,0
36720731,1.4655471803119288e+18,nan,19.3430184,1.0,nan,0
655686446,1.470647819432847e+18,nan,19.4503756,1.0,nan,0
178628799,1.4687268362158602e+18,nan,19.36644,2.0,nan,0
1686291867698349475,1.6862920874147507e+18,nan,19.390303961329703,1.0,nan,0
276308401,1.4633650861298424e+18,nan,19.44203,1.0,2026-05-13,37
50305161,1.4627159574618993e+18,nan,19.41130066,1.0,2026-05-20,22
415158484,1.4698888017923569e+18,nan,19.420666581452807,1.0,2023-01-08,0
149624832,1.4684626495477532e+18,nan,19.49233,1.0,nan,0
509071503,1.4702884377696297e+18,nan,19.3874872,1.0,nan,0
1674880336142478572,1.674881549897511e+18,nan,19.4283667,1.0,2026-05-09,1
558443161,1.4704975355661164e+18,nan,19.42345,1.0,2026-06-13,1
498316077,1.470241574538555e+18,nan,19.43065,1.0,nan,0
1702406077849357333,1.7024261359626122e+18,nan,19.34163654338005,2.0,nan,0
29961344,1.4654414064611197e+18,nan,19.375561985008947,5.0,2023-07-02,0
149624832,1.4684626495477532e+18,nan,19.492507743309865,1.0,nan,0
36433592,1.6995813285532214e+18,nan,19.4335479,1.0,nan,0
553899690,1.4704740714291205e+18,nan,19.4288067,2.0,2026-05-12,29
582907962,1.4705937216244736e+18,nan,19.43490996277405,1.0,2026-05-30,55
461923943,1.4700809717368612e+18,nan,19.4100148,1.0,nan,0
488693114,1.4701994094751662e+18,nan,19.2461,1.0,2026-05-03,9
248750053,1.6435462584424195e+18,nan,19.4267,7.0,nan,0
335508696,1.469649353951118e+18,nan,19.42026,1.0,2023-03-20,0
11100246,1.4628571016251343e+18,nan,19.4208721,3.0,2024-12-28,0
115587229,1.4681872723824722e+18,nan,19.4792826,2.0,2026-04-05,2
226854746,1.6989986185689375e+18,nan,19.33346,1.0,2026-06-14,1
10987786,1.4628543140288061e+18,nan,19.3637777,3.0,2026-04-26,14
28473962,1.4654202239510257e+18,nan,19.41299,1.0,2026-05-30,22
212347658,1.463188209248164e+18,nan,19.4155919,3.0,2026-06-15,26
1004821,1.4625156402007688e+18,nan,19.43313895829104,1.0,2026-06-08,67
252006046,1.4693353112316454e+18,nan,19.439939,1.0,2026-05-31,4
243345,1.4625135874638618e+18,nan,19.43117,1.0,2026-06-13,23
431026841,1.463683992041686e+18,nan,19.4278512,2.0,2026-04-14,2
505355563,1.4702717599985188e+18,nan,19.42532,3.0,2025-11-28,4
580833607,1.4705879042116826e+18,nan,19.3194351,2.0,2026-04-30,5
724966223,1.5407364646948667e+18,nan,19.44430934142615,2.0,2026-05-11,12
548466809,1.4704536461972012e+18,nan,19.41010325209877,2.0,nan,0
487044736,1.4701921275167834e+18,nan,19.290810562169547,2.0,2026-02-27,7
27841247,1.4654108845627377e+18,nan,19.3406477,3.0,2025-12-30,1
2281290,1.4625232866061222e+18,nan,19.42619,1.0,2026-02-22,4
655316492,1.4639049098173256e+18,nan,19.39036,1.0,2026-05-30,16
117703068,1.462912288844473e+18,nan,19.3733,3.0,2026-04-11,12
393747615,1.4698178510223212e+18,nan,19.3443,1.0,nan,0
264515826,1.4693992997806656e+18,nan,19.43569,1.0,2026-06-13,105
1140427,1.4625380539648276e+18,nan,19.42052,2.0,2026-05-31,51
704775427,1.4988836298452362e+18,nan,19.43706,1.0,2026-04-01,11
164898812,1.468602086496344e+18,nan,19.39871469005148,2.0,2026-02-24,9
35255741,1.4626680906639173e+18,nan,19.4380121,2.0,2026-05-27,12
738009726,1.5915098195519672e+18,nan,19.43454,1.0,2026-05-31,17
276377520,1.469457340290503e+18,nan,19.429848,1.0,2026-05-17,7
396121636,1.4698253530431503e+18,nan,19.41332,2.0,2026-06-14,47
298458598,1.5312796197364237e+18,nan,19.4146,2.0,2026-03-22,19
120452037,1.4682256204550758e+18,nan,19.41306299362995,1.0,2026-02-16,2
507323143,1.47028043880743e+18,nan,19.43543825972867,1.0,nan,0
14615536,1.4629427751324257e+18,nan,19.3852672,1.0,2025-10-27,2
284754903,1.469490321030186e+18,nan,19.39237,2.0,nan,0
22374603,1.4626209499549568e+18,nan,19.39368,20.0,2019-01-14,0
1674880336142478572,1.674881549897511e+18,nan,19.427217933573377,1.0,nan,0
261999811,1.4693852555945362e+18,nan,19.49493,30.0,nan,0
4316208,1.6698032679698954e+18,nan,19.40772,2.0,nan,0
102920601,1.4672350242974584e+18,nan,19.37805,1.0,nan,0
184751923,1.6713812144996813e+18,nan,19.29438,1.0,2026-05-24,1
460972994,1.4700760797835402e+18,nan,19.45674,1.0,2025-09-21,1
496595705,1.4702345449010652e+18,nan,19.4294662,1.0,2026-04-25,5
749743842,1.7002295035555853e+18,nan,19.408208153570055,1.0,2026-06-13,3
130500890,1.462940639325795e+18,nan,19.43032,2.0,2026-06-01,13
673785375,1.470687585512998e+18,nan,19.40288759429949,1.0,2026-05-29,26
1691628261424835573,1.6916752487862845e+18,nan,19.275374695080785,3.0,nan,0
439669940,1.4637057545794652e+18,nan,19.413403959556373,4.0,2026-04-23,6
431487549,1.463685413044872e+18,nan,19.40832068850056,2.0,2026-05-08,21
112774483,1.4673609811090094e+18,nan,19.42636035101468,2.0,2026-02-07,18
63980868,1.4667895591393262e+18,nan,19.43640885247237,1.0,2026-05-17,54
408627428,1.469866605280416e+18,nan,19.4369,1.0,2026-05-31,21
368577440,1.4697442215789642e+18,nan,19.4224,1.0,2026-06-01,77
14636903,1.4629433301377354e+18,nan,19.43238,7.0,2021-02-28,0
539407308,1.4704182740308032e+18,nan,19.4318432,1.0,2024-02-05,0
130283264,1.468305686235179e+18,nan,19.44414,14.0,2024-03-29,0
491223411,1.4638283064189944e+18,nan,19.41198403741081,2.0,2026-05-19,16
50996058,1.465790930711434e+18,nan,19.4036,2.0,2025-03-01,0
171166310,1.468663166745764e+18,nan,19.42429,1.0,2026-05-30,4
689517036,1.4707201144353592e+18,nan,19.41211,1.0,2026-06-10,17
590408297,1.4706131954234348e+18,nan,19.41583,2.0,nan,0
567731597,1.4705263220514202e+18,nan,19.4159922,1.0,nan,0
741455649,1.6029934624239188e+18,nan,19.4220578,2.0,2026-05-30,12
195253877,1.46310901040969e+18,nan,19.41246,2.0,2026-05-30,14
399666956,1.6881366950729467e+18,nan,19.403237612514083,1.0,2026-06-16,7
471105419,1.4701247982138043e+18,nan,19.41009,1.0,2026-03-23,5
97184726,1.4671707826629025e+18,nan,19.421955425259508,1.0,nan,0
107571401,1.4628895342661368e+18,nan,19.40467,5.0,2026-05-27,22
46974622,1.4627051579957064e+18,nan,19.19304,1.0,2026-06-12,18
49835661,1.4657612485941025e+18,nan,19.49136,2.0,2026-06-01,2
215427458,1.4631953286182746e+18,nan,19.31642,2.0,2026-06-07,9
596793102,1.4706285183245814e+18,nan,19.3809267,1.0,2026-06-15,13
247729116,1.4632919630426609e+18,nan,19.29236256925201,1.0,2026-05-02,4
53285153,1.462725498336631e+18,nan,19.3560692,2.0,2026-06-03,12
1699525780981182802,1.6995260027446124e+18,nan,19.405115,1.0,2026-06-14,2
524111321,1.470357922943251e+18,nan,19.485056495104704,1.0,2026-05-25,70
128465869,1.4682897414961692e+18,nan,19.40491,1.0,2026-05-29,15
221673152,1.4691720893892237e+18,nan,19.3568031,2.0,2025-04-08,0
113456340,1.462903121402873e+18,nan,19.37192,2.0,nan,0
422795272,1.4636634776046595e+18,nan,19.37643,2.0,2022-09-16,0
230412353,1.4692285179020475e+18,nan,19.43051,1.0,2026-05-28,10
342237996,1.4696729270730394e+18,nan,19.412512975922464,1.0,2026-05-29,23
259224980,1.469369461337545e+18,nan,19.34086918019597,1.0,2025-07-13,1
1669278541852690842,1.669278634108048e+18,nan,19.32116,1.0,nan,0
97079242,1.4628639704441283e+18,nan,19.42971749109993,2.0,2025-11-11,1
130259405,1.4683054615455e+18,nan,19.45664,2.0,2026-06-15,36
341283458,1.4696693012992197e+18,nan,19.42787742614746,3.0,2026-05-31,11
504975548,1.4702700783688824e+18,nan,19.41852371730077,1.0,2026-06-09,44
285099245,1.469491726552036e+18,nan,19.44019,2.0,2026-06-12,4
283717679,1.4694862691250253e+18,nan,19.43976,1.0,2026-06-15,34
411885082,1.46987799184069e+18,nan,19.397015,1.0,2026-06-07,25
416559687,1.596016609138985e+18,nan,19.3677573,1.0,2026-06-13,33
526115839,1.4703661905666355e+18,nan,19.380092771282563,5.0,2026-06-07,16
21108621,1.4626158775429307e+18,nan,19.4023,5.0,2026-05-13,10
536321604,1.4704063070082844e+18,nan,19.439654326714397,1.0,2026-05-18,22
175641279,1.6465893615585976e+18,nan,19.3762427219794,1.0,2026-05-30,6
674462015,1.4706890089980677e+18,nan,19.4248938,2.0,2026-06-03,24
35255741,1.4626680906639173e+18,nan,19.425710678100582,2.0,2026-05-31,55
508424195,1.4638602160273393e+18,nan,19.39719,1.0,2026-06-03,14
111835594,1.4673510320590188e+18,nan,19.38785509348281,3.0,2026-04-11,6
224162009,1.4691893828231685e+18,nan,19.38199234008789,7.0,2026-02-05,5
102373818,1.4672285010048082e+18,nan,19.35803,2.0,2024-08-11,0
534726234,1.5172909705910633e+18,nan,19.36461875476179,1.0,nan,0
107555615,1.501615827275675e+18,nan,19.44512,1.0,2026-05-12,18
42436205,1.4656309244042913e+18,nan,19.4055804,2.0,nan,0
207181572,1.469080882340107e+18,nan,19.4067443,1.0,2026-05-31,22
664177725,1.4706667241301425e+18,nan,19.39289,1.0,2026-06-02,50
93736851,1.4671315247374387e+18,nan,19.4491295,2.0,2026-06-15,52
118100371,1.468207107843144e+18,nan,19.4443665630225,1.0,2026-05-29,32
534619010,1.4703992645307072e+18,nan,19.3910496,2.0,2026-06-13,22
53718387,1.4627267981128443e+18,nan,19.3853482,2.0,nan,0
144507469,1.468422155423285e+18,nan,19.39625,2.0,2026-04-30,1
26369235,1.4653652890536973e+18,nan,19.41345,4.0,2026-04-05,15
408627428,1.469866605280416e+18,nan,19.4481702,1.0,2026-06-03,33
3956572,1.462532767591658e+18,nan,19.35249,1.0,2026-06-08,5
300992485,1.469544524796592e+18,nan,19.4518428,2.0,2026-02-15,3
169999005,1.4686432000518605e+18,nan,19.3715,54.0,nan,0
82310389,1.4669988615198881e+18,nan,19.41322,7.0,nan,0
52225517,1.6532749885990963e+18,nan,19.45134,3.0,nan,0
4381966,1.4626556814242414e+18,nan,19.42133,2.0,2026-05-11,11
86210688,1.467037731985887e+18,nan,19.35615,1.0,2023-12-28,0
424574428,1.4699256583576133e+18,nan,19.399131,4.0,nan,0
204933919,1.4631507091792896e+18,nan,19.43375,3.0,2025-03-02,0
272628416,1.4694389689072215e+18,nan,19.41323148512807,1.0,2026-05-29,58
158585,1.4625101115990075e+18,nan,19.41887,1.0,2026-05-26,58
6847449,1.4627168289925097e+18,nan,19.429544921857683,2.0,2026-02-25,12
36274199,1.4655387260585562e+18,nan,19.43563,1.0,nan,0
351858270,1.6095084388612078e+18,nan,19.31146372671962,1.0,nan,0
144325663,1.4684207724758095e+18,nan,19.45353,2.0,2026-04-20,5
216383373,1.469135618430414e+18,nan,19.3613574,3.0,2026-05-13,8
51921637,1.465819247426113e+18,nan,19.4153645,1.0,2026-05-18,6
1674880336142478572,1.674881549897511e+18,nan,19.4283667,1.0,2026-05-29,7
116116520,1.4681913178940685e+18,nan,19.4378,2.0,2025-12-01,1
117703068,1.462912288844473e+18,nan,19.43522567476423,2.0,nan,0
308777964,1.463430027535554e+18,nan,19.41958,1.0,2020-10-31,0
80568143,1.466981621828173e+18,nan,19.27957,1.0,nan,0
189835057,1.4689847825092623e+18,nan,19.38535,2.0,2026-06-15,7
11548035,1.4625790342561928e+18,nan,19.4154507,2.0,2026-05-25,11
1494019,1.4625184448964273e+18,nan,19.426238247879304,2.0,2026-06-01,27
43134979,1.4656404657548196e+18,nan,19.41136085086873,2.0,2026-06-08,24
7609684,1.462736505172968e+18,nan,19.41701,3.0,2026-05-14,14
462261014,1.4637606722727265e+18,nan,19.43016,2.0,2026-05-17,24
543421677,1.4704340625167434e+18,nan,19.4303559,1.0,2026-03-03,119
523269995,1.4703542808730286e+18,nan,19.37253,1.0,2026-06-30,3
95040826,1.4671457749639322e+18,nan,19.48462,2.0,nan,0
34767005,1.4655129078089743e+18,nan,19.4233,2.0,nan,0
99084863,1.4671914765803223e+18,nan,19.4095918,1.0,2026-06-14,5
137328078,1.462955992907482e+18,nan,19.425908118549263,1.0,2026-06-14,10
46857309,1.4657024896109174e+18,nan,19.36150084447736,5.0,2026-02-23,2
249686791,1.4693235909373135e+18,nan,19.41144,2.0,2025-10-26,1
176979491,1.4687140465903782e+18,nan,19.40195,3.0,2026-06-13,41
459959489,1.5863834425642007e+18,nan,19.32099,1.0,nan,0
265781810,1.703150940981201e+18,nan,19.43447,1.0,nan,0
687634099,1.4707159395437865e+18,nan,19.4157502,1.0,2026-06-15,5
54490693,1.4627290066115517e+18,nan,19.4128,2.0,2026-06-01,29
16148871,1.4629798053263913e+18,nan,19.40828051472184,1.0,nan,0
176682857,1.4687117658826906e+18,nan,19.432894,1.0,2026-05-17,75
464932509,1.4700953842313915e+18,nan,19.3907576,1.0,nan,0
299351097,1.487962084846426e+18,nan,19.43476,1.0,nan,0
24918385,1.4626313547125916e+18,nan,19.43757,1.0,2025-11-05,2
752076191,1.643885321881694e+18,nan,19.33661,1.0,nan,0
70507707,1.4627926745503355e+18,nan,19.374226934630453,3.0,2026-02-01,2
30026600,1.46265012994906e+18,nan,19.43725,1.0,2026-01-14,5
14852392,1.4625918672811087e+18,nan,19.43073,1.0,2023-06-25,0
730224284,1.5588383365456645e+18,nan,19.4304038,1.0,nan,0
54253843,1.4658839109021243e+18,nan,19.40991,2.0,2026-05-16,23
1698162308554551751,1.6981636133809928e+18,nan,19.42243,1.0,2026-06-13,6
541272314,1.470425545096367e+18,nan,19.409791946411133,1.0,2026-06-01,14
579083810,1.470582844359017e+18,nan,19.43779,1.0,nan,0
71173970,1.4668805674568197e+18,nan,19.418,2.0,2024-11-22,0
244841043,1.68740695111397e+18,nan,19.435683062719267,3.0,nan,0
50670983,1.4657771402080023e+18,nan,19.423428484718464,1.0,nan,0
556981713,1.597562794926846e+18,nan,19.30185,1.0,nan,0
385991895,1.4697938095266335e+18,nan,19.4162407,1.0,2026-06-02,25
59206796,1.466713212299234e+18,nan,19.48819892221341,1.0,2026-05-11,2
10644799,1.462846030022346e+18,nan,19.439659603391387,1.0,2026-06-07,36
19539068,1.4630807375954598e+18,nan,19.41672,1.0,nan,0
80568143,1.466981621828173e+18,nan,19.27795,1.0,nan,0
424868059,1.469926819588115e+18,nan,19.45058,1.0,2026-05-28,44
263728711,1.463333907829081e+18,nan,19.2798367,3.0,2026-02-15,2
58115687,1.466696540683877e+18,nan,19.40206,1.0,2025-12-03,1
340120411,1.4696648753439383e+18,nan,19.4271215,1.0,2026-05-27,46
34213141,1.462664573025247e+18,nan,19.422228,1.0,2026-05-24,39
655491104,1.4975015726811128e+18,nan,19.42394,1.0,nan,0
531307351,1.4703864792183327e+18,nan,19.414309,1.0,2026-04-24,22
53822366,1.465874587198845e+18,nan,19.43852,3.0,2026-05-12,23
213026234,1.4631898192263552e+18,nan,19.429973439722268,1.0,2026-05-16,5
192477907,1.4631026976081114e+18,nan,19.4458241661394,2.0,2026-06-01,17
18420925,1.463053937002238e+18,nan,19.4367206,1.0,2026-06-02,11
130510961,1.4683075884343124e+18,nan,19.40608,2.0,2026-06-10,54
304367570,1.4695590318490296e+18,nan,19.41153,2.0,2026-05-29,10
106750086,1.4672943097152197e+18,nan,19.41933,2.0,2026-05-19,36
44844434,1.4656657111951235e+18,nan,19.3870949,1.0,nan,0
119154917,1.462915524146291e+18,nan,19.3736,3.0,nan,0
35869838,1.4655316527569736e+18,nan,19.2988,14.0,nan,0
485025957,1.4701834824381711e+18,nan,19.4187134,1.0,nan,0
121149645,1.4682311316702423e+18,nan,19.35173,1.0,nan,0
253873551,1.4693444265756073e+18,nan,19.38486924419648,1.0,nan,0
318764680,1.469603145483717e+18,nan,19.43709,1.0,2026-05-14,13
7782944,1.4627410411743437e+18,nan,19.41311,2.0,nan,0
83763891,1.462834224532338e+18,nan,19.43592811559958,1.0,2026-05-29,4
113463511,1.462903132813988e+18,nan,19.43776216533464,3.0,2026-06-01,29
687634099,1.4707159395437865e+18,nan,19.4201415,1.0,2026-05-25,6
68040676,1.4668408959723725e+18,nan,19.41565,1.0,2026-05-31,24
3285196,1.4625290807631698e+18,nan,19.433434,1.0,2026-04-26,26
2281290,1.4625232866061222e+18,nan,19.42441,1.0,2026-01-30,1
1674880336142478572,1.674881549897511e+18,nan,19.4283667,1.0,nan,0
6504552,1.462708137965876e+18,nan,19.38750550371612,1.0,nan,0
18420925,1.463053937002238e+18,nan,19.4367206,1.0,2026-05-10,45
136203553,1.468356479816453e+18,nan,19.38804,2.0,2026-06-06,27
140391693,1.6732568821982787e+18,nan,19.30364,1.0,2026-06-11,4
11073795,1.6028012254045768e+18,nan,19.43775,2.0,2026-05-26,1
209634648,1.4690936892616046e+18,nan,19.4581534,2.0,2026-06-12,18
594740446,1.4706237354608694e+18,nan,19.402055650303787,1.0,2026-05-29,44
478819865,1.4701571527807386e+18,nan,19.4434589,1.0,2026-03-17,11
5424904,1.4626805232846702e+18,nan,19.42823,3.0,2026-05-30,15
239023471,1.4692716105021624e+18,nan,19.29821,1.0,2026-06-13,5
107912399,1.462890377195536e+18,nan,19.38132,2.0,2025-10-22,1
184143597,1.4689517296219085e+18,nan,19.41848,1.0,2026-05-26,33
62701948,1.4667737010952712e+18,nan,19.38605,5.0,2026-04-19,15
455989965,1.4700519458164416e+18,nan,19.4101162,2.0,2026-04-22,30
101989480,1.5516790441742006e+18,nan,19.456000641794205,3.0,2026-06-01,6
3377467,1.4625296041234895e+18,nan,19.36609,1.0,2022-09-12,0
118572000,1.468210793924461e+18,nan,19.29697,3.0,2026-05-26,14
83537736,1.467011115595881e+18,nan,19.296157981651348,1.0,nan,0
231841797,1.4692359856926277e+18,nan,19.42407,1.0,2026-06-04,26
717940544,1.5110551547081825e+18,nan,19.3699197,2.0,2026-03-16,3
273039668,1.4633568063252462e+18,nan,19.428616476208276,15.0,nan,0
720893778,1.5184377557448566e+18,nan,19.20979,1.0,nan,0
485805036,1.4638149972750994e+18,nan,19.39644845431221,1.0,2026-05-22,15
48784986,1.4657405337220324e+18,nan,19.41759,3.0,2026-06-01,15
472935960,1.470133040918649e+18,nan,19.4360368,1.0,2023-01-28,0
231841797,1.4692359856926277e+18,nan,19.42457,1.0,2026-06-14,5
1684117318574336851,1.6841373751141596e+18,nan,19.41123,1.0,2026-06-04,1
329615350,1.4696322165600248e+18,nan,19.41826,1.0,2026-05-11,21
165987997,1.6790906817775375e+18,nan,19.3699602,1.0,nan,0
209547473,1.4690932497102636e+18,nan,19.33697,1.0,2020-03-03,0
677369158,1.463932313771477e+18,nan,19.30102247043212,7.0,2026-05-27,1
33039299,1.4654838279645732e+18,nan,19.410719,1.0,2026-05-24,10
575513832,1.4705720409931712e+18,nan,19.37596684909132,5.0,nan,0
100844511,1.4628723218738222e+18,nan,19.34889,3.0,2026-06-03,32
96904205,1.662341473265341e+18,nan,19.355274164124577,1.0,2026-05-17,4
752404748,1.6452260903159703e+18,nan,19.417296758311977,2.0,2026-05-18,4
340585478,1.463482758289792e+18,nan,19.45506,1.0,2026-04-19,19
485914626,1.4701873742488545e+18,nan,19.4348212,1.0,2026-04-20,13
474365657,1.4701389419811784e+18,nan,19.34865,2.0,2026-05-25,39
278972635,1.469468910440653e+18,nan,19.38166,1.0,2026-05-28,66
166259222,1.595073868209986e+18,nan,19.34829,1.0,2026-06-15,9
262874502,1.4693901857306173e+18,nan,19.3968269,1.0,2026-06-07,25
187446159,1.4630907125310323e+18,nan,19.35712,1.0,2024-01-19,0
102625070,1.4672314061972641e+18,nan,19.40963,2.0,2026-05-27,5
285530540,1.469492989459044e+18,nan,19.3674288,5.0,2026-06-14,1
1702424337713736145,1.702425597020424e+18,nan,19.38271201317068,1.0,nan,0
143402387,1.4684136779511427e+18,nan,19.4553324,2.0,2026-06-01,18
118338670,1.6841791753895793e+18,nan,19.3066014,5.0,nan,0
123917287,1.4629258429410877e+18,nan,19.347324,1.0,2026-06-15,29
4148933,1.4626487151482122e+18,nan,19.38742,1.0,nan,0
62701948,1.4667737010952712e+18,nan,19.38609,3.0,2026-02-07,1
206987898,1.4631553369040614e+18,nan,19.36253,1.0,2026-06-05,31
1680496209310508695,1.6804965274919918e+18,nan,19.40358265837808,1.0,2026-05-31,2
723213780,1.5284600397067052e+18,nan,19.35717,1.0,2026-04-26,4
102017506,1.683620458235117e+18,nan,19.368418,5.0,nan,0
26303769,1.4626368649458972e+18,nan,19.40916,2.0,2026-06-15,2
156208358,1.4629977784681874e+18,nan,19.451125421395147,1.0,nan,0
501901613,1.4638492425435835e+18,nan,19.388762,1.0,2026-05-31,53
1676447182237818393,1.6764498522787423e+18,nan,19.27504093105092,1.0,2026-06-15,2
247886732,1.4693146792629763e+18,nan,19.39007,5.0,2026-05-11,10
459810485,1.4700703856691484e+18,nan,19.4421266,2.0,2026-05-27,38
486811652,1.4701911254146819e+18,nan,19.409871995007133,1.0,2026-03-28,11
431026841,1.463683992041686e+18,nan,19.3937821,1.0,2026-06-01,15
87605411,1.4670529304489787e+18,nan,19.45348,2.0,2019-04-01,0
139331737,1.4629604422511964e+18,nan,19.44613349803274,2.0,2026-05-01,5
1690280043657364581,1.690280685982046e+18,nan,19.401756255397807,3.0,nan,0
58457270,1.4667005689613036e+18,nan,19.4373472,3.0,2024-07-01,0
9643770,1.462819484202262e+18,nan,19.440293822945375,1.0,2026-05-31,36
541599492,1.487986498946287e+18,nan,19.354162368219008,1.0,2023-10-27,0
46599080,1.4656979088238482e+18,nan,19.342634559358032,3.0,2026-06-10,10
731035753,1.5625144926003082e+18,nan,19.35351,1.0,nan,0
113302248,1.4681713717228882e+18,nan,19.42274,2.0,2026-06-26,12
100421848,1.4672061079719173e+18,nan,19.41538,3.0,2018-05-28,0
164103913,1.4685954812070738e+18,nan,19.4053456,1.0,2026-06-01,1
555563944,1.4704809083298747e+18,nan,19.4483853,1.0,2026-06-12,36
250299863,1.4693269087091725e+18,nan,19.33221,1.0,nan,0
121417034,1.503266734659813e+18,nan,19.45109,2.0,2026-06-01,6
169691978,1.4686408025099346e+18,nan,19.4193569,1.0,2026-04-19,4
51921637,1.465819247426113e+18,nan,19.41644,1.0,nan,0
585806188,1.470601931799212e+18,nan,19.43849,1.0,nan,0
339038940,1.4696605709360215e+18,nan,19.30373,1.0,nan,0
22132496,1.4631723369967757e+18,nan,19.43679,31.0,nan,0
723213780,1.5284600397067052e+18,nan,19.43076,1.0,2026-06-14,4
365317802,1.4697353570503496e+18,nan,19.42929,1.0,2026-05-25,16
497507497,1.4702381659628972e+18,nan,19.4087951,1.0,nan,0
676082886,1.4639308856383887e+18,nan,19.43182,1.0,2026-02-22,7
44971879,1.4626986313908465e+18,nan,19.37147,1.0,2025-04-12,0
497626690,1.4702386478158956e+18,nan,19.206020692974853,1.0,2025-08-10,1
174779168,1.4686954510882004e+18,nan,19.18718,1.0,2026-05-31,14
362650599,1.4697281537929516e+18,nan,19.404582244694208,1.0,nan,0
594887148,1.694340961388894e+18,nan,19.329888427899306,1.0,nan,0
297071511,1.4695295492109678e+18,nan,19.34594,1.0,2023-08-27,0
739379050,1.596600422856273e+18,nan,19.36054,1.0,nan,0
677464087,1.4706951448983178e+18,nan,19.42913,1.0,2026-05-23,30
553954927,1.47047433277622e+18,nan,19.437181183788745,1.0,2026-05-27,40
263823796,1.4633341306424952e+18,nan,19.43314367120024,1.0,2023-11-25,0
339344793,1.6161906919537969e+18,nan,19.43145430539465,1.0,2026-06-09,24
552176005,1.470468346516791e+18,nan,19.4345867,1.0,2025-12-14,6
265799871,1.4694058517917112e+18,nan,19.43702467305325,1.0,2026-06-08,64
659752422,1.470357793746457e+18,nan,19.4303029,2.0,2026-05-25,31
7174720,1.4627253133513526e+18,nan,19.43014,2.0,2026-05-22,13
68136465,1.466842087691164e+18,nan,19.4264382,2.0,2026-05-31,4
39630816,1.462682093017111e+18,nan,19.42483,2.0,2026-05-30,15
480850631,1.4701655714017536e+18,nan,19.40021174351972,2.0,2026-04-30,7
259224029,1.4693694570350303e+18,nan,19.45109,1.0,2023-07-23,0
104953556,1.4628826920219569e+18,nan,19.413,1.0,2026-05-22,26
61264670,1.4667541048120553e+18,nan,19.4146743,1.0,2026-03-15,4
302431514,1.4695500943910239e+18,nan,19.4363623,3.0,2026-05-31,14
27449159,1.4654051480429292e+18,nan,19.4358497,1.0,2026-06-07,16
202762198,1.469058038545888e+18,nan,19.41303,7.0,2023-08-26,0
473157296,1.4701340604373665e+18,nan,19.4189567,1.0,2026-06-10,108
265799871,1.4694058517917112e+18,nan,19.4142113,1.0,2026-06-14,59
91265490,1.4628507952918508e+18,nan,19.43272,1.0,2026-06-13,92
15582092,1.46259463221857e+18,nan,19.41233,2.0,2026-04-04,12
391876134,1.5221488380378816e+18,nan,19.424188380269417,1.0,2026-05-31,17
684324312,1.4707090277181176e+18,nan,19.4244911,1.0,2026-06-06,85
741710265,1.6038672612426952e+18,nan,19.42642,1.0,nan,0
120153617,1.4682232110476636e+18,nan,19.431777787826974,1.0,2026-05-05,25
45244264,1.462699505308449e+18,nan,19.44586,3.0,2025-11-01,2
23382111,1.465272540411874e+18,nan,19.42478,1.0,2026-01-21,6
6168332,1.462699646172616e+18,nan,19.42415,4.0,2026-05-25,1
719593695,1.512787330327565e+18,nan,19.410548340962947,2.0,nan,0
288129664,1.4695017451196068e+18,nan,19.435258,2.0,2025-11-16,1
492083592,1.470215680045005e+18,nan,19.4060082,1.0,2026-06-14,11
5974590,1.4626943433145728e+18,nan,19.4196,2.0,2026-05-26,4
17688176,1.46302667078553e+18,nan,19.4145945,2.0,2026-06-13,40
453184439,1.4637386381067372e+18,nan,19.4137,2.0,2026-05-10,26
193333392,1.463104612622093e+18,nan,19.4198868,1.0,2026-05-22,19
46980099,1.4657044281063631e+18,nan,19.41813,1.0,2026-05-30,21
50951150,1.465789451270556e+18,nan,19.4196,2.0,2026-05-16,25
26028134,1.4626358108750582e+18,nan,19.418367292405687,3.0,nan,0
334451,1.462511253742519e+18,nan,19.41152,3.0,2026-02-22,3
124743956,1.46292766382576e+18,nan,19.4080279,4.0,2026-03-23,3
15424751,1.4629620247622787e+18,nan,19.317819291410117,1.0,2026-05-02,1
486653664,1.470190433756814e+18,nan,19.50082,1.0,2026-05-02,14
136597640,1.462954429292158e+18,nan,19.33644,1.0,2025-12-22,4
452097011,1.4700351163705577e+18,nan,19.310997,1.0,2026-06-12,75
1677994161709314208,1.6779943503115267e+18,nan,19.27683,1.0,nan,0
185424378,1.4689588436631245e+18,nan,19.4184963,2.0,2026-05-30,20
340585478,1.463482758289792e+18,nan,19.45505,1.0,2026-05-31,22
43955549,1.465652924855376e+18,nan,19.44285344520403,1.0,nan,0
51082318,1.6575685361629578e+18,nan,19.381971990451586,1.0,nan,0
334125971,1.46964535271893e+18,nan,19.43443,1.0,2026-06-03,22
348719139,1.4635023360450488e+18,nan,19.35049,1.0,2026-06-08,55
285087802,1.4694916808857572e+18,nan,19.395,1.0,2026-05-26,9
77796274,1.4669535850256763e+18,nan,19.43011,1.0,2020-04-06,0
242832049,1.469289000543264e+18,nan,19.44402,180.0,nan,0
11787529,1.4625799418728896e+18,nan,19.43679,1.0,2026-06-17,16
133388432,1.4683325533080689e+18,nan,19.41419,3.0,2022-08-09,0
273691204,1.469444236288729e+18,nan,19.45244,2.0,2022-09-30,0
232421919,1.4632411795246444e+18,nan,19.44017,2.0,2025-02-24,0
105704431,1.4628846054550372e+18,nan,19.42382,365.0,2023-06-26,0
41402344,1.4656154497528773e+18,nan,19.38688,1.0,2026-06-25,22
46498758,1.4627036046339566e+18,nan,19.41543,1.0,2026-06-03,27
184696145,1.4689546810801738e+18,nan,19.324819962052025,1.0,2022-10-04,0
114396861,1.4681788938761723e+18,nan,19.44077,1.0,2022-11-27,0
314059182,1.4634393494865265e+18,nan,19.41286,1.0,2022-12-11,0
24366146,1.4652871724926492e+18,nan,19.4128,62.0,nan,0
714293780,1.4908567129215173e+18,nan,19.32734,1.0,nan,0
533100474,1.4703934239777572e+18,nan,19.28455,1.0,nan,0
130056753,1.5223751343903557e+18,nan,19.3935428,1.0,2026-04-23,27
719076867,1.528870455394774e+18,nan,19.38008,5.0,nan,0
150709439,1.4684817055967757e+18,nan,19.46628,3.0,2025-12-21,5
567980329,1.4705271101880484e+18,nan,19.3984341,24.0,2026-03-21,5
301516373,1.5282953929229809e+18,nan,19.4377803,2.0,nan,0
674970788,1.4706900050982484e+18,nan,19.42873728990501,1.0,nan,0
73563229,1.4669070311827453e+18,nan,19.4249007,1.0,2026-05-10,37
508117828,1.470284109592581e+18,nan,19.38144,2.0,2026-04-22,8
22758914,1.4626225255590436e+18,nan,19.4096244,1.0,nan,0
53234423,1.4658645464415206e+18,nan,19.33247,1.0,nan,0
11249089,1.4628604937503462e+18,nan,19.40825,2.0,2020-03-15,0
299104280,1.4695373426695383e+18,nan,19.43446,1.0,2022-05-14,0
101077277,1.4672129313097567e+18,nan,19.43504,1.0,2026-05-20,40
197716527,1.4690303552711836e+18,nan,19.36229,1.0,nan,0
264515826,1.4693992997806656e+18,nan,19.43596,1.0,2026-06-13,225
225934240,1.4632216045474706e+18,nan,19.42818,1.0,2022-03-15,0
47265589,1.6472071836826732e+18,nan,19.4123321,3.0,2026-06-13,1
276377520,1.469457340290503e+18,nan,19.4379763,1.0,2026-06-02,79
498701635,1.47024317220322e+18,nan,19.4349757,2.0,2024-11-28,0
79379403,1.4669700901387907e+18,nan,19.4169,6.0,2023-03-03,0
687634099,1.4707159395437865e+18,nan,19.42102,1.0,2026-04-20,2
28172354,1.4654160302418452e+18,nan,19.42001,1.0,nan,0
105704431,1.4628846054550372e+18,nan,19.42555,365.0,2023-10-30,0
189582097,1.4689831847023163e+18,nan,19.42932,2.0,2026-04-20,35
359572428,1.4697205434909742e+18,nan,19.406999,4.0,2024-09-28,0
515054008,1.4703169068607654e+18,nan,19.42734,1.0,2026-03-23,37
35918754,1.465532442445614e+18,nan,19.4375056,5.0,nan,0
537953880,1.4704127234849935e+18,nan,19.409067975673054,1.0,2025-04-05,0
101999856,1.4672240404325504e+18,nan,19.425009231468422,7.0,nan,0
14339354,1.4629363056580278e+18,nan,19.34368,1.0,2017-10-02,0
146785250,1.673420660897779e+18,nan,19.36231,1.0,nan,0
474424815,1.6590497143989783e+18,nan,19.44217983407957,2.0,nan,0
104953556,1.4628826920219569e+18,nan,19.4151062,1.0,2026-06-06,16
51960310,1.4658200020624366e+18,nan,19.40785,2.0,2026-05-30,18
2277506,1.462590847349877e+18,nan,19.41394,3.0,2026-05-11,15
9975483,1.4628285045419845e+18,nan,19.4283384,3.0,2026-05-11,16
401610205,1.469842392258851e+18,nan,19.2098,2.0,2025-11-01,1
533100474,1.4703934239777572e+18,nan,19.28347,2.0,2024-07-31,0
564259894,1.4705156899164662e+18,nan,19.37491,1.0,nan,0
333205086,1.469642818593276e+18,nan,19.45888,7.0,nan,0
1700157756043649990,1.700157992670458e+18,nan,19.41071640253596,1.0,nan,0
156454573,1.4685265149852214e+18,nan,19.42102,1.0,nan,0
1674880336142478572,1.674881549897511e+18,nan,19.4283667,1.0,2026-05-31,5
525875981,1.463866883610591e+18,nan,19.419671474339097,1.0,2025-04-16,0
299351097,1.487962084846426e+18,nan,19.43517,1.0,2026-05-30,1
1703958921029573297,1.7039613072967606e+18,nan,19.2920238,1.0,nan,0
526944374,1.470369537498564e+18,nan,19.43714,1.0,2026-06-11,4
456835480,1.463747611545271e+18,nan,19.4190486,1.0,2026-05-25,42
66522047,1.466821967464911e+18,nan,19.403342786549405,1.0,2026-04-09,3
451821805,1.4700340090265347e+18,nan,19.4275996,1.0,2024-09-08,0
335333804,1.4634722841986936e+18,nan,19.42795,1.0,2026-05-31,20
259233501,1.4633217740946583e+18,nan,19.40263,5.0,2026-01-28,3
294939267,1.469522195947643e+18,nan,19.42275650204845,1.0,nan,0
435346216,1.463695111499383e+18,nan,19.43963,1.0,2026-04-04,13
1694627222743284059,1.6946280290974305e+18,nan,19.40672,1.0,nan,0
48209368,1.465728459284692e+18,nan,19.431890656603827,1.0,nan,0
1678635843975732056,1.6787340779905928e+18,nan,19.33728,1.0,nan,0
591724172,1.470616437336289e+18,nan,19.267111181703196,1.0,2025-10-26,3
522357867,1.4703502887707528e+18,nan,19.4338721,1.0,nan,0
116963836,1.678383764914345e+18,nan,19.3989196,1.0,2026-05-27,2
97941856,1.462865981241202e+18,nan,19.31705,2.0,nan,0
524318981,1.470358788709583e+18,nan,19.41705150245652,1.0,nan,0
25474020,1.4653435983466132e+18,nan,19.31451,5.0,nan,0
89885503,1.46708839993596e+18,nan,19.42843,1.0,2026-06-03,50
5433897,1.462680758864721e+18,nan,19.4153,1.0,2026-06-01,15
535059560,1.4704010537939523e+18,nan,19.4348047,1.0,2026-04-26,21
524513888,1.4703595184986534e+18,nan,19.4181446,1.0,2024-10-30,0
245618000,1.469303049838667e+18,nan,19.4295139,1.0,2026-05-02,19
101953877,1.4672234194680274e+18,nan,19.41041,1.0,2026-06-05,55
151886447,1.4684910588838362e+18,nan,19.40685,1.0,2025-07-14,2
514311958,1.4703133424195945e+18,nan,19.4201415,2.0,2026-05-31,32
713125909,1.4870094331092183e+18,nan,19.4183881,1.0,2026-04-23,40
532609461,1.4638691027628728e+18,nan,19.4235247,1.0,2026-06-01,69
664484148,1.4706675034219295e+18,nan,19.41093722292085,1.0,2026-06-07,54
3721482,1.462531528058692e+18,nan,19.42376,1.0,2026-05-24,16
61264670,1.4667541048120553e+18,nan,19.4146743,1.0,nan,0
359943588,1.4697215059381757e+18,nan,19.4169576,3.0,2026-05-28,16
585662267,1.470601409373749e+18,nan,19.4230086,1.0,2026-06-02,5
5126969,1.4625390607403942e+18,nan,19.44222,1.0,nan,0
693385752,1.47072810977017e+18,nan,19.34404533646404,1.0,2026-02-28,7
327883712,1.4696273356325358e+18,nan,19.3159,2.0,2026-02-22,9
346898763,1.463497344384113e+18,nan,19.43298431397923,1.0,2026-06-07,19
305386916,1.463424232138658e+18,nan,19.41524,1.0,2026-03-01,17
665419009,1.4706697605552712e+18,nan,19.4511502,1.0,2026-06-08,8
162327162,1.468579697456303e+18,nan,19.47397,2.0,2026-03-11,9
540581919,1.4704227942325292e+18,nan,19.44787716536138,1.0,2026-06-12,16
724053338,1.5566762257454748e+18,nan,19.330774575096548,3.0,2026-05-09,3
497462946,1.4702380261585928e+18,nan,19.42478,1.0,2026-04-22,18
360903710,1.5539465697499261e+18,nan,19.44546,1.0,2025-11-17,1
220106951,1.4632061071553692e+18,nan,19.45089973011728,1.0,2026-06-07,2
460972994,1.4700760797835402e+18,nan,19.45842584352712,1.0,2026-05-11,11
154192752,1.468509481879179e+18,nan,19.37824,1.0,2026-05-31,5
239812412,1.4692755571049754e+18,nan,19.37123,1.0,2026-02-23,2
207181572,1.469080882340107e+18,nan,19.30381,1.0,2025-12-10,1
14291448,1.4625897137350415e+18,nan,19.37892,3.0,2026-05-24,15
78107089,1.4669569121984845e+18,nan,19.357982449024632,1.0,nan,0
10644799,1.462846030022346e+18,nan,19.439596872534437,1.0,2026-06-16,47
129786657,1.4683012749653125e+18,nan,19.422448673788352,1.0,2025-09-14,8
723213780,1.5284600397067052e+18,nan,19.35733,1.0,2026-06-14,14
346898763,1.463497344384113e+18,nan,19.43214,1.0,2026-06-11,50
508776957,1.4702871007694707e+18,nan,19.41991339796888,1.0,2026-05-31,39
541176867,1.4638722827619884e+18,nan,19.35584,1.0,2026-06-07,1
581355900,1.4705893495096863e+18,nan,19.382716,1.0,2024-06-30,0
154879556,1.4629950013986852e+18,nan,19.4418,2.0,2026-06-13,26
15024470,1.4625925162617736e+18,nan,19.35886,2.0,2026-03-30,5
200592444,1.4631418375111462e+18,nan,19.454398076914167,2.0,2026-05-10,8
150759791,1.6480472021886907e+18,nan,19.44259,1.0,2026-05-29,1
726587923,1.54318054759108e+18,nan,19.404128507601563,1.0,2026-06-07,32
689123833,1.4707192188349082e+18,nan,19.477950122771084,2.0,2026-06-13,9
142617215,1.4684077089672627e+18,nan,19.3989,1.0,2026-05-28,11
308973290,1.4695748396075494e+18,nan,19.43701,2.0,2026-05-11,23
196253,1.4625123676699046e+18,nan,19.41108,1.0,2019-10-05,0
36584904,1.4655448784230625e+18,nan,19.42935,3.0,2026-05-30,17
61264670,1.4667541048120553e+18,nan,19.4146743,1.0,nan,0
119949635,1.468221612367639e+18,nan,19.41313,1.0,2026-05-31,44
571653984,1.4705493270134042e+18,nan,19.4416124,1.0,2025-11-10,4
730367222,1.5595135430119836e+18,nan,19.43619,1.0,2026-05-30,15
558786782,1.4704987233608579e+18,nan,19.409924,2.0,2026-05-06,12
546347101,1.47044526885192e+18,nan,19.4186279,1.0,2026-06-13,70
423141768,1.4699199039872832e+18,nan,19.35061,1.0,nan,0
180725654,1.4687444893578348e+18,nan,19.34737,1.0,2025-10-13,1
2163990,1.4625880024197517e+18,nan,19.34165442836533,1.0,nan,0
91265490,1.4628507952918508e+18,nan,19.43303,1.0,2022-01-02,0
518967553,1.4703351807336637e+18,nan,19.45529577906875,1.0,2024-08-24,0
115318589,1.7052596950778478e+18,nan,19.35148384589661,1.0,nan,0
203653460,1.4690627228957962e+18,nan,19.47132,15.0,nan,0
245629553,1.6190301952826145e+18,nan,19.33936,1.0,nan,0
22460553,1.4631803110294495e+18,nan,19.29449,1.0,nan,0
71554821,1.4668847848935913e+18,nan,19.41408,1.0,nan,0
505953795,1.4638562955155697e+18,nan,19.4515705,1.0,nan,0
716113650,1.4982175105082757e+18,nan,19.41169,1.0,2025-11-01,1
19411159,1.463078000416984e+18,nan,19.40338,2.0,2022-09-21,0
213026234,1.4631898192263552e+18,nan,19.43061,1.0,2023-12-01,0
358250534,1.469717485799219e+18,nan,19.438369,1.0,2026-05-22,22
450675989,1.4637324289498294e+18,nan,19.3724667,2.0,2026-06-15,18
672378493,1.463926796323606e+18,nan,19.3257604,3.0,2026-05-30,9
324615176,1.5809095923426463e+18,nan,19.22684,1.0,nan,0
104249043,1.4672531161951114e+18,nan,19.36026,3.0,2025-12-14,3
187753503,1.621091970752995e+18,nan,19.4472822,1.0,2026-06-15,6
231134554,1.4692324940123564e+18,nan,19.42456,1.0,2026-04-18,25
51367317,1.4658021543769052e+18,nan,19.4228624,1.0,2026-05-29,64
142914011,1.468410012727875e+18,nan,19.41657,3.0,2021-04-19,0
460607401,1.4637566733249106e+18,nan,19.42741971513341,2.0,2026-06-14,36
92027623,1.467111525204929e+18,nan,19.40461,3.0,nan,0
183412199,1.4689477933501686e+18,nan,19.41609,2.0,2026-06-06,6
19753224,1.4626105642908237e+18,nan,19.42717,1.0,2026-05-23,26
95946800,1.4671557202482545e+18,nan,19.43006,2.0,2026-05-30,22
208447968,1.4690874214189215e+18,nan,19.41355,1.0,2026-05-25,18
17475242,1.462602541950466e+18,nan,19.42168,2.0,2026-05-25,27
150172688,1.4684775447368284e+18,nan,19.4181,30.0,nan,0
44105724,1.462695917976364e+18,nan,19.331131,3.0,2025-11-04,1
752086973,1.6439353647312353e+18,nan,19.41848,2.0,2026-06-08,3
693768394,1.4704425981702623e+18,nan,19.4220095,1.0,2026-05-18,20
403848214,1.4698500494135286e+18,nan,19.420212,1.0,2026-06-14,107
215259572,1.4691281844395635e+18,nan,19.435461283264928,1.0,2026-05-31,15
460606436,1.613322395180541e+18,nan,19.4185018,1.0,2026-06-12,1
186163775,1.4630876576608883e+18,nan,19.41254,2.0,2026-06-09,41
10303062,1.4628369653418296e+18,nan,19.4095674,1.0,2026-06-11,30
108743473,1.4628924333299878e+18,nan,19.434206966620792,2.0,2026-05-23,18
458921007,1.4700663605738488e+18,nan,19.43046,2.0,2026-02-15,12
57142431,1.4659339665205983e+18,nan,19.42167,1.0,2026-06-12,52
595348198,1.4638956618299779e+18,nan,19.4795058138386,1.0,2026-02-15,10
545736179,1.6844185343297964e+18,nan,19.3929197,1.0,nan,0
64059986,1.4667905417250002e+18,nan,19.41163,1.0,2026-03-30,7
116812430,1.4681968836599793e+18,nan,19.39462,1.0,nan,0
276308401,1.4633650861298424e+18,nan,19.4408434,1.0,2026-06-13,13
505953795,1.4638562955155697e+18,nan,19.4515705,30.0,nan,0
168675812,1.4686314289483348e+18,nan,19.36448,15.0,nan,0
694636736,1.4707308348416182e+18,nan,19.4497418,1.0,nan,0
168389829,1.468628721971826e+18,nan,19.4095918,1.0,nan,0
694637212,1.4707308359512087e+18,nan,19.43231,1.0,2025-12-14,4
305540724,1.4695641500460526e+18,nan,19.4338,1.0,nan,0
22479601,1.463180788602824e+18,nan,19.36255,1.0,nan,0
1704743923612322449,1.7047441334197798e+18,nan,19.3625695,1.0,nan,0
54137382,1.4627280186160207e+18,nan,19.418450006771145,5.0,nan,0
1705086849424447808,1.7050871353132058e+18,nan,19.2973367427589,1.0,nan,0
521262385,1.4703455562459318e+18,nan,19.3640613,3.0,nan,0
48024077,1.4657255492061676e+18,nan,19.38245,2.0,2025-05-24,0
125372488,1.4682638734531098e+18,nan,19.40999,2.0,nan,0
279393253,1.469470954172303e+18,nan,19.38297,2.0,nan,0
737334837,1.6864060045707095e+18,nan,19.431235452825074,3.0,nan,0
71554821,1.4668847848935913e+18,nan,19.41645,1.0,nan,0
421576656,1.5398422566863747e+18,nan,19.40415,1.0,nan,0
378709437,1.4697738388341617e+18,nan,19.33794,2.0,2025-10-17,2
187881460,1.4689731751186568e+18,nan,19.392,2.0,2026-06-07,28
591793373,1.4638938360147679e+18,nan,19.47876,1.0,2026-05-24,17
161378521,1.5293236037910456e+18,nan,19.4146523,1.0,nan,0
128013196,1.6841623898437197e+18,nan,19.41117300534831,3.0,nan,0
21740292,1.4631628262719158e+18,nan,19.42974,2.0,2026-06-02,50
422345573,1.463662486433501e+18,nan,19.436647,1.0,2026-05-10,16
63307033,1.4627528664670766e+18,nan,19.37842,3.0,2023-06-30,0
278194828,1.4694657704373036e+18,nan,19.4373244,1.0,2026-05-31,15
126106513,1.4682699192743355e+18,nan,19.43977,1.0,2026-06-01,19
31239160,1.4626543673919398e+18,nan,19.40253,1.0,2026-06-03,56
369403303,1.469746321357399e+18,nan,19.43394,1.0,2026-06-02,2
73632428,1.466907898064704e+18,nan,19.40871,1.0,2026-05-26,15
51448214,1.465804425021985e+18,nan,19.47046,3.0,nan,0
83763891,1.462834224532338e+18,nan,19.43756,1.0,nan,0
113907960,1.4629040487136023e+18,nan,19.43623,2.0,2026-05-31,24
451821805,1.4700340090265347e+18,nan,19.4275996,1.0,2025-12-31,2
669724341,1.4706794267029176e+18,nan,19.43585,1.0,2026-05-06,7
189582097,1.4689831847023163e+18,nan,19.42775,1.0,2026-05-29,34
195374665,1.4690182850234583e+18,nan,19.43201,1.0,2026-06-13,74
23407363,1.4652728889501358e+18,nan,19.42873,1.0,2026-05-31,52
367566033,1.4697414746983706e+18,nan,19.42285,1.0,nan,0
90850835,1.4670989148621535e+18,nan,19.4289846,1.0,2026-06-07,13
122695820,1.4629234471337964e+18,nan,19.426431833484063,1.0,2026-05-23,3
114030490,1.4681762175383662e+18,nan,19.43322,1.0,2026-05-30,63
123924423,1.468252049796578e+18,nan,19.43896,1.0,2026-06-07,19
278194828,1.4694657704373036e+18,nan,19.43831,1.0,2026-05-24,26
126831485,1.4629322968635822e+18,nan,19.43136925271842,2.0,2026-06-10,39
567013027,1.4705241376941386e+18,nan,19.44325050171816,1.0,nan,0
227035886,1.4692084002253046e+18,nan,19.401972,1.0,2026-05-31,48
3285196,1.4625290807631698e+18,nan,19.43347,1.0,2026-06-12,10
541272314,1.470425545096367e+18,nan,19.42817,1.0,2026-05-27,3
68136465,1.466842087691164e+18,nan,19.42579,1.0,2026-05-23,7
65155381,1.4627684238869878e+18,nan,19.4338502,1.0,2026-04-26,38
552176005,1.470468346516791e+18,nan,19.4345867,1.0,2025-12-06,3
334897129,1.4696477202944968e+18,nan,19.426542049700437,4.0,2026-04-24,12
8534899,1.4627698281136653e+18,nan,19.434529976318696,2.0,nan,0
510343030,1.4702946517686753e+18,nan,19.433848,1.0,2026-05-09,18
50694473,1.4657777819312737e+18,nan,19.44449,2.0,2026-03-31,6
156632464,1.4685280384988915e+18,nan,19.4380838,1.0,2026-06-06,30
145671580,1.462974016117922e+18,nan,19.43773,1.0,2026-05-31,2
113825849,1.4629038889882043e+18,nan,19.43749,2.0,2026-04-23,9
27495585,1.5293168000805553e+18,nan,19.4293982,2.0,2026-05-04,41
285353346,1.469492618960987e+18,nan,19.4304038,1.0,nan,0
23425782,1.4626252036608067e+18,nan,19.432650647145053,2.0,2026-06-08,25
104099351,1.4672497439447918e+18,nan,19.4275,2.0,2026-05-10,13
3031420,1.4626154048074486e+18,nan,19.43673,3.0,2026-04-20,5
590299752,1.4706128794413484e+18,nan,19.44231,1.0,2026-05-31,4
18352659,1.4626057892210668e+18,nan,19.42596,3.0,2026-04-20,5
732948091,1.5712264629634813e+18,nan,19.4363111,1.0,2026-06-08,47
15043319,1.4625925880564268e+18,nan,19.430813119124323,2.0,2026-05-26,17
276377520,1.469457340290503e+18,nan,19.4003454,1.0,2026-05-31,64
299351097,1.487962084846426e+18,nan,19.43455163165455,1.0,nan,0
110207357,1.4673330697404344e+18,nan,19.43693680807503,2.0,2026-05-31,2
15043319,1.4625925880564268e+18,nan,19.4155994,2.0,2026-06-01,40
28592267,1.4626451442389947e+18,nan,19.44083,1.0,2026-06-13,77
61030249,1.4667512998774354e+18,nan,19.434711,1.0,2026-05-15,7
126106513,1.4682699192743355e+18,nan,19.43339,1.0,2026-05-20,47
546373835,1.4704454317492918e+18,nan,19.430254,1.0,2025-07-04,2
18996401,1.4626078959509514e+18,nan,19.40356,3.0,2026-03-17,1
498701635,1.47024317220322e+18,nan,19.4352059,2.0,2026-06-07,3
156481146,1.4629984587731978e+18,nan,19.4652226,5.0,nan,0
115494461,1.4681865734415114e+18,nan,19.43961,1.0,nan,0
302431514,1.4695500943910239e+18,nan,19.39224,3.0,nan,0
54497443,1.462729027023372e+18,nan,19.43667,1.0,2026-06-12,16
82167666,1.4669974203005046e+18,nan,19.43529,30.0,2017-05-24,0
160900733,1.4685651099916237e+18,nan,19.40901,2.0,2026-05-29,41
276377520,1.469457340290503e+18,nan,19.4320956,1.0,nan,0
276377520,1.469457340290503e+18,nan,19.4320956,1.0,nan,0
164103913,1.4685954812070738e+18,nan,19.4053456,1.0,nan,0
127917683,1.462934747075186e+18,nan,19.43177,1.0,2026-06-08,1
16346761,1.4629845625885842e+18,nan,19.4082647,2.0,2026-03-31,2
23382111,1.465272540411874e+18,nan,19.407596787190126,1.0,2026-05-11,7
235036904,1.4692514233908785e+18,nan,19.41984,1.0,2026-05-18,33
333035396,1.4696421700786975e+18,nan,19.4097391,1.0,2026-06-03,50
18334496,1.4630522054772173e+18,nan,19.4323918,1.0,2026-04-17,19
1497087,1.4625184667168963e+18,nan,19.41234,1.0,2026-05-08,21
138378433,1.6809106702252808e+18,nan,19.413122375464283,1.0,nan,0
272628416,1.4694389689072215e+18,nan,19.41283,1.0,2026-05-29,46
56919106,1.46593042366717e+18,nan,19.43272,1.0,2026-06-05,9
276308401,1.4633650861298424e+18,nan,19.44045949384672,1.0,2026-05-15,16
65155381,1.4627684238869878e+18,nan,19.43269,1.0,2026-05-29,67
477819576,1.4701530680418063e+18,nan,19.4109214,1.0,2026-05-15,20
30799204,1.465453520181653e+18,nan,19.4297505,1.0,2026-06-06,22
495047012,1.470228254256143e+18,nan,19.405963199308932,1.0,2026-04-26,5
815705,1.4625302825272998e+18,nan,19.43457,3.0,2026-05-28,43
16148871,1.4629798053263913e+18,nan,19.4180224,1.0,2026-06-08,106
422351629,1.469916692758105e+18,nan,19.4196,1.0,2026-05-17,30
264515826,1.4693992997806656e+18,nan,19.43771,1.0,2026-05-11,3
480358969,1.4701635303117967e+18,nan,19.4306594,1.0,2026-06-09,130
22758914,1.4626225255590436e+18,nan,19.4206748,1.0,nan,0
178051145,1.4630692789933714e+18,nan,19.41882,2.0,2026-03-03,9
107468864,1.4673024630475261e+18,nan,19.430108,1.0,2026-05-30,2
596782448,1.4909559517070167e+18,nan,19.429018265943643,1.0,2026-06-13,47
199241808,1.469038365280333e+18,nan,19.43076,1.0,2026-06-05,25
245618000,1.469303049838667e+18,nan,19.429037337384173,1.0,2026-05-27,28
47629157,1.4657189481677732e+18,nan,19.4237486,1.0,2026-04-03,12
365489242,1.4697358062863619e+18,nan,19.42681,1.0,2026-06-06,19
3585075,1.4626331632648507e+18,nan,19.4197734,2.0,2026-05-27,2
45827414,1.4656843672369452e+18,nan,19.427589617511167,2.0,2026-06-14,1
546687292,1.4704466395888369e+18,nan,19.4217223,1.0,nan,0
23382111,1.465272540411874e+18,nan,19.418380040432528,1.0,2026-02-28,5
331684791,1.5957884866859924e+18,nan,19.39241441049832,1.0,nan,0
361630297,1.4635284994772654e+18,nan,19.42132228882816,1.0,2026-04-25,16
148688650,1.4684556189508152e+18,nan,19.43601,2.0,2026-05-25,49
79895724,1.4669750757705856e+18,nan,19.431076049804688,1.0,2026-06-06,2
30672063,1.4626523933010383e+18,nan,19.423141479492188,2.0,2026-03-18,15
325738665,1.4696208465076099e+18,nan,19.4245161,1.0,2026-06-01,27
33049293,1.5444261416304492e+18,nan,19.42429033766514,1.0,nan,0
447270714,1.4637240941745956e+18,nan,19.41835615138781,1.0,2026-03-16,2
70335642,1.4668706623365422e+18,nan,19.4268873,1.0,2026-05-31,21
706806723,1.4707540903241523e+18,nan,19.439291287114443,2.0,2026-05-11,7
16265252,1.462597237490438e+18,nan,19.4303618,3.0,2026-06-14,1
443690984,1.4700009579799155e+18,nan,19.43843,4.0,2026-05-30,26
35151892,1.462667744665732e+18,nan,19.40485,7.0,2026-05-11,17
356382621,1.7010230305541455e+18,nan,19.404612,4.0,nan,0
183535743,1.4689484932462628e+18,nan,19.4258,2.0,nan,0
217805722,1.4691455281584865e+18,nan,19.4235568,1.0,2026-03-22,19
51032284,1.462718441850264e+18,nan,19.41473,2.0,2022-11-26,0
741446216,1.6029685166199662e+18,nan,19.4312718,2.0,nan,0
51369746,1.4627195213148475e+18,nan,19.43009,3.0,2026-05-29,4
719745482,1.5134344835664591e+18,nan,19.28942090196674,1.0,2026-05-31,58
253223944,1.469341161340283e+18,nan,19.41313,29.0,nan,0
1700296594586433677,1.700298870999382e+18,nan,19.43005,2.0,nan,0
48502509,1.4627100168924646e+18,nan,19.41605,3.0,2026-03-18,11
170471909,1.4686467795695332e+18,nan,19.42034,3.0,2026-06-14,15
91265490,1.4628507952918508e+18,nan,19.43297,1.0,2026-06-04,60
15359500,1.4625937955104975e+18,nan,19.42777,1.0,2026-06-11,37
550889307,1.4704632695888445e+18,nan,19.4204343,15.0,2026-05-23,6
492417531,1.4702172231470915e+18,nan,19.4171281,2.0,2026-06-07,39
32234917,1.4654735215590518e+18,nan,19.41704,2.0,2026-06-09,66
33078207,1.465484357538791e+18,nan,19.40759,1.0,2026-06-04,20
23382111,1.465272540411874e+18,nan,19.4099772,1.0,2025-10-13,13
481960295,1.4701704529811704e+18,nan,19.41816,1.0,2026-05-27,27
451159548,1.4700312738137226e+18,nan,19.40571,1.0,2026-06-13,22
12407066,1.4625823567404006e+18,nan,19.4090399,1.0,2026-05-28,24
583508679,1.4705954569878866e+18,nan,19.4107035,1.0,2026-05-09,90
84070137,1.4670164447373512e+18,nan,19.41174,1.0,2026-05-13,9
700521687,1.4707427059623926e+18,nan,19.43358,2.0,2026-06-14,45
499836247,1.470247937191652e+18,nan,19.414209,1.0,2024-11-14,0
177010807,1.4687143213778104e+18,nan,19.4180803,2.0,2026-04-26,1
451854687,1.4700341287002888e+18,nan,19.4118552,1.0,2026-06-02,15
584482041,1.4705981644752517e+18,nan,19.41110630990996,3.0,2025-11-17,12
89816836,1.467087675786494e+18,nan,19.41665,2.0,2026-05-30,24
406391736,1.4698586045849108e+18,nan,19.4272602,1.0,2026-06-02,14
27619950,1.4654078839268526e+18,nan,19.40925,3.0,2026-05-27,23
19753224,1.4626105642908237e+18,nan,19.42551,1.0,2026-04-12,19
1695055328308411639,1.6950553957589207e+18,nan,19.41064839890941,3.0,nan,0
183925921,1.7040079281363548e+18,nan,19.28654344712268,1.0,nan,0
453185929,1.470039406389367e+18,nan,19.420302,2.0,2026-06-06,23
103701786,1.467244946802962e+18,nan,19.41626913029293,2.0,2026-06-07,19
1705419231812882476,1.7054199831990707e+18,nan,19.2750612,1.0,nan,0
710990985,1.4812408553440046e+18,nan,19.482340650516434,1.0,2026-06-01,30
244319057,1.7026014102004052e+18,nan,19.31029,1.0,nan,0
532609461,1.4638691027628728e+18,nan,19.4235247,1.0,2026-05-24,48
1480282,1.4625469709622472e+18,nan,19.41099,4.0,2022-10-31,0
4495681,1.4626589585499459e+18,nan,19.4099432,2.0,2026-05-26,27
171894446,1.4686691289100152e+18,nan,19.4147721,3.0,2026-04-01,7
239298191,1.701683591174935e+18,nan,19.29832105916617,1.0,nan,0
187124454,1.468968503676682e+18,nan,19.41653,3.0,2026-03-26,3
439127169,1.469983516323319e+18,nan,19.41797613712664,1.0,2026-06-04,39
302431514,1.4695500943910239e+18,nan,19.416950949384663,2.0,nan,0
61940365,1.4667620856534272e+18,nan,19.413,3.0,nan,0
387423536,1.4697983548428186e+18,nan,19.420378,3.0,2026-04-03,23
1423074,1.4625454012182075e+18,nan,19.42359960928664,2.0,2026-06-07,37
227002676,1.4692082073847347e+18,nan,19.412358511872757,30.0,nan,0
37494688,1.4626754270323238e+18,nan,19.4096549,30.0,nan,0
541272314,1.470425545096367e+18,nan,19.4089442,1.0,2026-02-14,10
16148871,1.4629798053263913e+18,nan,19.41012,1.0,2026-06-13,3
50305161,1.4627159574618993e+18,nan,19.4099991,1.0,2026-06-05,26
561085075,1.47050614617958e+18,nan,19.4212957,1.0,2026-06-08,430
57134186,1.4659337904712835e+18,nan,19.42165,1.0,2026-06-07,42
655491104,1.4975015726811128e+18,nan,19.410248630943148,1.0,nan,0
103729,1.462509671229762e+18,nan,19.40809,3.0,nan,0
524071718,1.4703577492108096e+18,nan,19.48509,1.0,2026-06-14,58
541272314,1.470425545096367e+18,nan,19.4089442,1.0,2026-03-01,10
47207544,1.4627059253232476e+18,nan,19.40747,6.0,2025-07-25,1
265412089,1.468283407845765e+18,nan,19.4211242,3.0,2026-04-05,13
36572663,1.4655447394722166e+18,nan,19.3159344,1.0,2026-05-24,26
478171738,1.46379675569371e+18,nan,19.249529436845705,1.0,2026-05-22,7
578660616,1.4705816088313966e+18,nan,19.4357741,1.0,2026-06-13,25
468975737,1.470114493975761e+18,nan,19.2512,2.0,2026-06-06,32
107600256,1.467303874612961e+18,nan,19.494903374450807,2.0,2026-06-12,30
143402387,1.4684136779511427e+18,nan,19.49311502408136,1.0,nan,0
151715217,1.4684896736325903e+18,nan,19.32463,4.0,2020-03-27,0
182823263,1.468944534610166e+18,nan,19.35708,2.0,2026-05-25,24
171267772,1.468663972156697e+18,nan,19.292359405445048,2.0,2026-05-17,10
62035028,1.5393013916625818e+18,nan,19.33676,1.0,2026-05-17,4
244401531,1.4692969347239964e+18,nan,19.37144470214844,1.0,2026-04-11,6
62027626,1.4667632957170772e+18,nan,19.3269,1.0,2026-04-11,6
341185780,1.4634841774563837e+18,nan,19.47026,3.0,2026-05-23,4
8223764,1.4625643294171607e+18,nan,19.31957,7.0,2022-11-12,0
181652382,1.468753130787226e+18,nan,19.2693,3.0,2025-12-27,11
374434784,1.4697615287084495e+18,nan,19.478762025305027,1.0,2026-04-27,17
420472002,1.702592077955427e+18,nan,19.43125,1.0,nan,0
1681361866873395570,1.681362775546779e+18,nan,19.4172274,1.0,nan,0
172616705,1.4686754946835901e+18,nan,19.4096836,1.0,2026-06-12,60
127231264,1.4682794813920125e+18,nan,19.36184,1.0,2026-06-07,17
520229029,1.4703408958730255e+18,nan,19.3699,1.0,2026-05-24,2
5307709,1.4626776978014845e+18,nan,19.34293365478516,3.0,2026-06-01,1
105070553,1.4672629823861212e+18,nan,19.30431,2.0,2026-05-29,11
77118388,1.4669445534434145e+18,nan,19.37058,2.0,2023-01-14,0
394426124,1.4636011503531889e+18,nan,19.45856,4.0,2026-05-29,15
37266397,1.462674661117643e+18,nan,19.42985,4.0,2025-04-29,0
69886882,1.466865020959731e+18,nan,19.34691,5.0,2019-09-20,0
20319009,1.4626126157502484e+18,nan,19.43781,3.0,2023-05-22,0
122412264,1.4682410911231683e+18,nan,19.41517,1.0,2025-05-11,0
62304674,1.4667683754254956e+18,nan,19.29336,1.0,2025-08-09,1
171894446,1.4686691289100152e+18,nan,19.4022,3.0,2025-06-20,0
104953556,1.4628826920219569e+18,nan,19.4362789,1.0,2026-04-16,15
23158627,1.465269440053161e+18,nan,19.31066,3.0,2024-07-30,0
26034019,1.4653542075823145e+18,nan,19.436598,5.0,2022-04-22,0
73194914,1.462809932753914e+18,nan,19.4018,2.0,2025-06-30,0
88365870,1.46706119868966e+18,nan,19.42244,1.0,2026-06-04,12
263716315,1.4693948265605504e+18,nan,19.39637,1.0,nan,0
371961847,1.6554079674287785e+18,nan,19.4373731,1.0,nan,0
2333285,1.4625922812391977e+18,nan,19.42423,1.0,nan,0
272113606,1.4694365237357722e+18,nan,19.45228,355.0,nan,0
20653956,1.4631352029367117e+18,nan,19.42098,1.0,2025-03-16,0
121129832,1.4682309539676872e+18,nan,19.4414222,3.0,2025-11-04,1
377577088,1.6124705276422802e+18,nan,19.28474,1.0,nan,0
18941624,1.4630659241047744e+18,nan,19.47359,2.0,2025-04-27,0
4401504,1.4626565397607555e+18,nan,19.4034,365.0,2023-03-19,0
158484584,1.4685437846153917e+18,nan,19.42586,1.0,2026-01-25,41
312655534,1.4695874047158572e+18,nan,19.29864,2.0,2023-02-04,0
335508696,1.469649353951118e+18,nan,19.41863,1.0,2023-04-09,0
102987560,1.4672360939632195e+18,nan,19.41737,2.0,2026-05-11,1
8134981,1.462750032637508e+18,nan,19.42241,27.0,2024-11-27,0
113823774,1.4681748286593974e+18,nan,19.40311,7.0,nan,0
117661237,1.4629121932369595e+18,nan,19.4044064,1.0,2025-10-26,4
564515557,1.470516444154064e+18,nan,19.28258,1.0,nan,0
504195956,1.470266685545694e+18,nan,19.38021959744573,2.0,2023-12-18,0
136997415,1.468362645273351e+18,nan,19.288124945157197,1.0,2026-05-10,26
30245407,1.4654452223381023e+18,nan,19.41695,7.0,2026-04-03,6
7230979,1.4625598974178634e+18,nan,19.4158055,3.0,2024-07-16,0
52996268,1.4658583661906616e+18,nan,19.41506,3.0,2023-12-29,0
660437970,1.4706581899115354e+18,nan,19.32937,1.0,2025-02-26,0
474873690,1.470141157508428e+18,nan,19.4305109,1.0,2026-04-21,25
754948832,1.6551946581827005e+18,nan,19.33939647006849,2.0,2026-06-06,6
195321139,1.4690179122803313e+18,nan,19.35006,2.0,2025-08-30,5
22758914,1.4626225255590436e+18,nan,19.3899039,1.0,2025-08-30,4
227144603,1.4692091854199834e+18,nan,19.3411,2.0,2025-10-30,3
66387078,1.4627716669720095e+18,nan,19.43122289911408,1.0,2026-05-15,35
49735631,1.4627139970482883e+18,nan,19.36725,1.0,2022-07-20,0
7632571,1.462737126227664e+18,nan,19.4376953,30.0,2025-04-09,0
196907577,1.4690265734334774e+18,nan,19.407,1.0,nan,0
12451150,1.4628880513000448e+18,nan,19.41498,2.0,2026-05-31,33
45855666,1.4627015023872591e+18,nan,19.41343,1.0,2026-05-03,5
320382256,1.4634483534011505e+18,nan,19.42853,2.0,2026-06-09,55
369403303,1.469746321357399e+18,nan,19.43558,1.0,nan,0
51440298,1.4658041922994578e+18,nan,19.42052,2.0,2026-05-27,14
187717660,1.4689721611800215e+18,nan,19.41698265075684,1.0,2026-05-29,14
27983115,1.4626430004235576e+18,nan,19.41973,2.0,2026-05-30,35
24366146,1.4652871724926492e+18,nan,19.41418,62.0,nan,0
595828916,1.4706262976457539e+18,nan,19.453992771602675,23.0,2025-02-23,0
382321734,1.469782902128794e+18,nan,19.33585898762527,1.0,2025-12-01,9
161642589,1.468573257736134e+18,nan,19.39673,1.0,2026-05-10,14
66510852,1.4668218511477955e+18,nan,19.4086346,1.0,2026-05-18,20
402645901,1.4698458793819208e+18,nan,19.33759361662664,2.0,2026-03-29,12
276308401,1.4633650861298424e+18,nan,19.4401185,1.0,2026-06-12,59
117703068,1.462912288844473e+18,nan,19.37129,2.0,2026-05-14,20
290843938,1.469510707897656e+18,nan,19.39325,1.0,2026-06-11,103
1140427,1.4625380539648276e+18,nan,19.4199701,2.0,nan,0
400308409,1.4698382274761846e+18,nan,19.49,1.0,2026-06-07,51
122175936,1.4682392855098788e+18,nan,19.42927,1.0,2026-02-23,1
736443254,1.5862154048636685e+18,nan,19.30769,3.0,nan,0
64929296,1.6283179912229916e+18,nan,19.401711174576228,1.0,nan,0
722557554,1.5257347393201736e+18,nan,19.50469,1.0,2026-05-26,8
723177895,1.5283360021628196e+18,nan,19.35524,1.0,nan,0
78927516,1.4669656668925542e+18,nan,19.4102126,2.0,2026-05-12,36
278609948,1.6493101023870584e+18,nan,19.42899887263928,1.0,nan,0
501730238,1.4702560757561446e+18,nan,19.3218218608383,1.0,nan,0
405502971,1.4698556504034632e+18,nan,19.4099772,1.0,2026-06-02,40
2281290,1.4625232866061222e+18,nan,19.4264,1.0,2026-03-13,10
14864989,1.4629487274396147e+18,nan,19.44218,1.0,nan,0
127917683,1.462934747075186e+18,nan,19.4437386298903,1.0,2026-06-09,6
49887854,1.4657621046434678e+18,nan,19.379230270493476,1.0,nan,0
264515826,1.4693992997806656e+18,nan,19.43607,1.0,2026-03-17,5
103353276,1.4672409748078118e+18,nan,19.39443,1.0,2026-04-28,8
404525377,1.469852272765278e+18,nan,19.39905,1.0,nan,0
34385254,1.4655044425842568e+18,nan,19.43395,1.0,2023-11-18,0
723177895,1.5283360021628196e+18,nan,19.35628,1.0,2026-05-15,1
585662267,1.470601409373749e+18,nan,19.421768762663053,1.0,nan,0
585662267,1.470601409373749e+18,nan,19.42161895395906,1.0,nan,0
729928499,1.5575077071464215e+18,nan,19.4072438,1.0,nan,0
299351097,1.487962084846426e+18,nan,19.43517,1.0,nan,0
231815562,1.4632394925419564e+18,nan,19.37262662830745,1.0,nan,0
167485482,1.4630351831755313e+18,nan,19.4301999,1.0,nan,0
499404221,1.6095674221226184e+18,nan,19.367394951210084,1.0,nan,0
594251711,1.4706225139864338e+18,nan,19.34030554200572,1.0,2025-07-10,1
552826115,1.6967160358120266e+18,nan,19.4158962,1.0,nan,0
381307542,1.4697800550707753e+18,nan,19.4455193,3.0,2026-05-07,1
117198146,1.4681998909350584e+18,nan,19.4283359,1.0,2025-03-30,0
248942889,1.469319923330153e+18,nan,19.3806261,1.0,2026-06-06,35
653952402,1.4706440040453565e+18,nan,19.3753068,2.0,2026-04-30,7
453715496,1.4700414339133747e+18,nan,19.430788463149497,1.0,2026-05-28,15
31038748,1.4654568189076972e+18,nan,19.36434,14.0,2026-06-07,2
468592349,1.4701127779631506e+18,nan,19.42523276856517,31.0,nan,0
689133242,1.4707192372133972e+18,nan,19.4185363,2.0,2026-05-25,16
392817275,1.6168366235746908e+18,nan,19.40366172993791,1.0,2026-05-28,9
652870178,1.4639013356300626e+18,nan,19.32738114774393,1.0,nan,0
701121126,1.4707438774671908e+18,nan,19.30266,1.0,nan,0
169376863,1.468638029166224e+18,nan,19.484048869186434,1.0,nan,0
11270308,1.462861038247616e+18,nan,19.357465,5.0,nan,0
192350120,1.4690001232856343e+18,nan,19.45832,3.0,2025-01-08,0
1698162308554551751,1.6981636133809928e+18,nan,19.422056327642707,1.0,nan,0
299351097,1.487962084846426e+18,nan,19.43343134089091,1.0,2026-05-23,1
238734076,1.4692702091678083e+18,nan,19.3233236,2.0,nan,0
450314319,1.4700276539981852e+18,nan,19.42075402123944,3.0,2026-05-23,11
80568143,1.466981621828173e+18,nan,19.27971,1.0,2026-05-17,2
214207783,1.5908294547415409e+18,nan,19.37108,2.0,2026-04-29,2
559141139,1.470499870559702e+18,nan,19.3287615,1.0,2026-06-01,3
1703313734365280113,1.7033139156298685e+18,nan,19.31462,2.0,nan,0
1698051444407059776,1.698053049149425e+18,nan,19.426901792314595,1.0,nan,0
483375606,1.4701764289423956e+18,nan,19.395240551986305,1.0,2026-05-10,13
1703313734365280113,1.7033139156298685e+18,nan,19.31435,2.0,nan,0
104953556,1.4628826920219569e+18,nan,19.40601,1.0,2026-05-17,33
156093375,1.46852352324617e+18,nan,19.1927221,1.0,nan,0
6969701,1.462558712709033e+18,nan,19.3923221,1.0,2026-06-06,20
10764020,1.4625757179326413e+18,nan,19.4145506,2.0,2026-05-29,16
351795969,1.469702044798163e+18,nan,19.41459,1.0,nan,0
487725046,1.4701949935340273e+18,nan,19.4056049,1.0,nan,0
723029809,1.527680286689808e+18,nan,19.433631839884583,1.0,2026-05-24,8
543318745,1.4704336758564447e+18,nan,19.4294921,1.0,2025-05-26,0
723029809,1.527680286689808e+18,nan,19.4335825,1.0,2026-05-15,5
83403366,1.4628334073119826e+18,nan,19.43128,1.0,2026-06-08,20
571653984,1.4705493270134042e+18,nan,19.44209,1.0,nan,0
19255745,1.4630729022999002e+18,nan,19.4013522,1.0,2026-04-19,4
177880021,1.4687209653566436e+18,nan,19.40941,1.0,2026-06-15,77
91265490,1.4628507952918508e+18,nan,19.40106,1.0,2026-05-02,15
733341200,1.572898953470127e+18,nan,19.402959,2.0,2026-05-30,16
355750680,1.4697104056881247e+18,nan,19.4155994,1.0,2026-05-31,17
91872817,1.4671098199008673e+18,nan,19.40717804273894,1.0,2026-05-31,33
279033991,1.469469159004399e+18,nan,19.40978,2.0,2026-03-06,10
115011821,1.4681829173287708e+18,nan,19.43823732156909,1.0,2026-06-13,38
55998284,1.4659173389483807e+18,nan,19.43479,2.0,2026-05-30,36
703312827,1.4707478529265216e+18,nan,19.4284107,1.0,2026-06-06,27
229434849,1.4692227691804744e+18,nan,19.43388,1.0,2022-06-27,0
71720970,1.4627957491965184e+18,nan,19.42075,2.0,2026-06-08,1
244321663,1.463282990692756e+18,nan,19.440019607543945,1.0,2026-06-14,20
25080980,1.4626320551412324e+18,nan,19.436932005165044,1.0,2026-05-22,44
723213780,1.5284600397067052e+18,nan,19.42911,1.0,2026-05-28,5
105340370,1.467270821253448e+18,nan,19.44079,3.0,2024-03-02,0
519850514,1.463864827934302e+18,nan,19.430444046439558,2.0,2026-05-10,36
54497443,1.462729027023372e+18,nan,19.4368328954888,1.0,2026-03-11,5
394317655,1.4636009087493463e+18,nan,19.42721,2.0,2026-05-29,6
202364330,1.469055911042065e+18,nan,19.40217,1.0,2026-05-31,63
723213780,1.5284600397067052e+18,nan,19.43128,1.0,nan,0
571990820,1.470550390847725e+18,nan,19.43434,1.0,2026-03-08,11
12451150,1.4628880513000448e+18,nan,19.40476,2.0,2026-04-18,14
16148871,1.4629798053263913e+18,nan,19.4292875,1.0,2026-06-10,52
66522047,1.466821967464911e+18,nan,19.40607650018921,1.0,2024-12-26,0
703076467,1.4707474641000338e+18,nan,19.4348203,2.0,2026-06-14,7
276377520,1.469457340290503e+18,nan,19.436108,1.0,2026-05-31,33
47217534,1.4627059575256532e+18,nan,19.43726,1.0,nan,0
12776482,1.462583790364684e+18,nan,19.43183,2.0,2026-06-07,4
23468816,1.4626253933020677e+18,nan,19.43629,1.0,2026-05-25,34
12643959,1.4625832802698885e+18,nan,19.43572,2.0,2020-09-12,0
440049732,1.4637066888360138e+18,nan,19.2789141,1.0,nan,0
400514314,1.4698388670507315e+18,nan,19.439617156982425,1.0,2026-06-05,30
546479607,1.470445815436993e+18,nan,19.426287570883023,1.0,2026-05-29,78
447270714,1.4637240941745956e+18,nan,19.39832,1.0,2026-02-15,1
279000305,1.4694690207836705e+18,nan,19.43858,1.0,2024-09-18,0
276070768,1.680026242179074e+18,nan,19.3162525,1.0,2026-06-08,3
29920297,1.462649761081677e+18,nan,19.4395976,2.0,2026-04-04,25
60557904,1.4627456280486664e+18,nan,19.433768022311508,2.0,2025-06-07,0
452947417,1.5639494680290665e+18,nan,19.43717,7.0,2026-03-06,1
16148871,1.4629798053263913e+18,nan,19.4368444,1.0,2026-06-07,15
655491104,1.4975015726811128e+18,nan,19.414387430300454,1.0,2026-05-17,1
17942238,1.5087822176661693e+18,nan,19.43963,1.0,2026-02-23,2
23724961,1.4652777692611776e+18,nan,19.4054,2.0,2025-10-27,3
1653829768132627758,1.6538312577420186e+18,nan,19.4043841,1.0,nan,0
51447314,1.4627197755453115e+18,nan,19.4361452,4.0,2026-06-15,31
431026841,1.463683992041686e+18,nan,19.43683,2.0,2026-05-03,20
340510425,1.469666403118633e+18,nan,19.43544,2.0,2026-01-20,5
62670663,1.466773352566774e+18,nan,19.44358,1.0,2020-09-20,0
544029977,1.470436460354493e+18,nan,19.39258274778479,1.0,2026-06-13,66
37632569,1.4626758436191744e+18,nan,19.43789,5.0,2026-06-12,7
510343030,1.4702946517686753e+18,nan,19.4338502,1.0,2026-06-01,37
486771546,1.470190984491815e+18,nan,19.44263,2.0,2024-05-03,0
730224284,1.5588383365456645e+18,nan,19.4304038,1.0,nan,0
700323428,1.4707423201761938e+18,nan,19.434264798210616,1.0,2026-06-05,10
7508019,1.4627338587620547e+18,nan,19.4298,1.0,2026-06-04,44
462776536,1.4637618417342034e+18,nan,19.422977669251463,1.0,2026-05-30,59
490856795,1.4702100560251878e+18,nan,19.300115656330085,7.0,nan,0
484015207,1.470179198554408e+18,nan,19.4355991,1.0,2026-05-14,7
357529155,1.4697153270760576e+18,nan,19.42739,1.0,2026-06-14,7
114030490,1.4681762175383662e+18,nan,19.43184,1.0,2026-06-01,65
95441297,1.4671501565984315e+18,nan,19.401031,3.0,2026-05-20,8
66583431,1.4668226473241055e+18,nan,19.4152366,4.0,2026-02-07,2
40031881,1.4655973157141005e+18,nan,19.4157141,1.0,2025-11-04,2
272887142,1.469440220527028e+18,nan,19.4000014,5.0,2026-04-11,10
243033179,1.4632797134358054e+18,nan,19.43698,2.0,2026-05-29,9
426818994,1.4699345877076442e+18,nan,19.42632,1.0,2026-05-10,36
138972560,1.4629596842303729e+18,nan,19.41568,2.0,2026-05-16,18
206315604,1.4690761380662177e+18,nan,19.413277,1.0,2026-06-08,36
302431514,1.4695500943910239e+18,nan,19.403308349973447,3.0,2026-05-04,18
579386068,1.6579899894413504e+18,nan,19.3420141,1.0,2026-06-05,5
28220778,1.4654167156207086e+18,nan,19.406888,1.0,2026-05-25,56
208127004,1.4631577528063421e+18,nan,19.4131196,2.0,2026-05-31,13
487243508,1.463818490999071e+18,nan,19.4087771,2.0,2026-05-14,44
106732364,1.4672940507547218e+18,nan,19.43277,1.0,2026-06-07,2
105630028,1.46727650118499e+18,nan,19.4148479,1.0,2026-06-15,5
451100987,1.4700310648620175e+18,nan,19.41439,1.0,2025-11-16,1
398202280,1.4636098552518492e+18,nan,19.414802,1.0,2026-05-12,4
1673513641906943101,1.6735144985117284e+18,nan,19.41173,1.0,2026-06-11,1
276377520,1.469457340290503e+18,nan,19.429848,1.0,2026-03-09,15
208127004,1.4631577528063421e+18,nan,19.41278,2.0,2025-12-22,2
5570257,1.462683998196537e+18,nan,19.41095,2.0,2026-05-13,28
328195894,1.4696282238208294e+18,nan,19.4098246,2.0,nan,0
9910574,1.46282675019134e+18,nan,19.429411882420965,1.0,2026-06-07,39
51921637,1.465819247426113e+18,nan,19.4074214,2.0,nan,0
1671897634885409446,1.6719109251448955e+18,nan,19.42773,2.0,nan,0
2323816,1.4625235305466557e+18,nan,19.41559,1.0,2026-05-31,8
109123190,1.467321455284979e+18,nan,19.41238,2.0,2026-05-31,6
451100987,1.4700310648620175e+18,nan,19.41475,1.0,2024-05-25,0
719216814,1.5111767589177544e+18,nan,19.42773,1.0,2026-05-29,3
667666098,1.4706751909500155e+18,nan,19.42794186709864,1.0,2026-05-27,108
33604448,1.4626624657512195e+18,nan,19.431671142578125,1.0,2026-05-10,13
456052310,1.4700521818989435e+18,nan,19.42887365884964,2.0,2026-06-13,33
23468816,1.4626253933020677e+18,nan,19.4278413,1.0,2026-05-25,38
580567836,1.4705871544562156e+18,nan,19.393565393359246,1.0,nan,0
291477094,1.4633962117719176e+18,nan,19.43169,1.0,2026-06-03,22
732265729,1.5681753827812777e+18,nan,19.3570921,1.0,2026-06-09,1
110716361,1.4673386796406996e+18,nan,19.4295139,1.0,2026-05-24,40
307346085,1.4695693616118976e+18,nan,19.42929,10.0,nan,0
573744120,1.46388598567468e+18,nan,19.426105713264,2.0,nan,0
478836566,1.4701572140046106e+18,nan,19.421939,2.0,2026-06-07,46
106278810,1.4672888695922007e+18,nan,19.42404233505968,1.0,2026-05-31,50
72969330,1.4628093834673462e+18,nan,19.425669645531464,1.0,2026-05-31,31
546931690,1.470447603279275e+18,nan,19.42645,1.0,2026-05-17,132
467669448,1.470108471373543e+18,nan,19.4306541,2.0,2026-05-19,22
79895724,1.4669750757705856e+18,nan,19.43049,1.0,2026-05-09,19
61257507,1.4667540076086948e+18,nan,19.377662,2.0,2026-04-26,1
255898989,1.4633125841660992e+18,nan,19.4208566,28.0,nan,0
72969330,1.4628093834673462e+18,nan,19.41804,1.0,2026-05-31,33
346898763,1.463497344384113e+18,nan,19.430008480711656,1.0,2026-06-07,98
41963013,1.4656247486809295e+18,nan,19.4125929,1.0,2026-06-01,30
689517036,1.4707201144353592e+18,nan,19.4255,1.0,2026-05-09,17
670605633,1.4706811028978685e+18,nan,19.43511309509194,2.0,2026-05-31,53
732662512,1.5699267806341844e+18,nan,19.42770851630319,1.0,2026-05-09,1
3558753,1.4626325390315814e+18,nan,19.41665,2.0,2026-04-06,24
531307351,1.4703864792183327e+18,nan,19.414309,1.0,2026-06-08,29
362936865,1.4697288754024957e+18,nan,19.43744,1.0,2026-06-04,7
147706700,1.4684480047351857e+18,nan,19.43423,2.0,2026-05-11,17
104953556,1.4628826920219569e+18,nan,19.43787,1.0,2026-06-06,5
694281862,1.4707300511741893e+18,nan,19.4062732,1.0,2025-12-06,2
131087591,1.4629420036076923e+18,nan,19.42817,2.0,2026-06-01,10
114668054,1.487913823980898e+18,nan,19.4170416,3.0,2026-06-02,24
145170650,1.4629729073465715e+18,nan,19.42285,3.0,2026-05-29,20
69677929,1.4668625743347213e+18,nan,19.41775,3.0,nan,0
245618000,1.469303049838667e+18,nan,19.428454,1.0,2026-05-22,26
39071784,1.4655835288294587e+18,nan,19.41712,5.0,2026-03-15,2
1695220791444905762,1.6952209563601907e+18,nan,19.43005,1.0,2026-06-14,1
451821805,1.4700340090265347e+18,nan,19.4275996,1.0,2025-10-28,1
97693015,1.6442914185030904e+18,nan,19.4450313,3.0,nan,0
8465714,1.4627682807306486e+18,nan,19.42639,2.0,2026-06-01,37
192477907,1.4631026976081114e+18,nan,19.4343,2.0,2026-06-10,13
244230249,1.4632827689122245e+18,nan,19.4045478,1.0,2026-03-19,4
1706860265014916209,1.7068606699022625e+18,nan,19.392422869999415,1.0,nan,0
126517841,1.7037950315734487e+18,nan,19.41039138364601,1.0,nan,0
156455377,1.468526520895728e+18,nan,19.4122,1.0,2026-06-07,52
42700394,1.465634368381106e+18,nan,19.434568,1.0,2026-06-12,52
276377520,1.469457340290503e+18,nan,19.4113632,1.0,2026-06-07,34
551217022,1.4704646082284493e+18,nan,19.4170043,2.0,2025-08-03,1
711635019,1.4807248479654543e+18,nan,19.43365,2.0,2026-06-02,20
127087854,1.4682783131557025e+18,nan,19.4337831052347,1.0,2025-06-07,0
10764020,1.4625757179326413e+18,nan,19.41918,1.0,2026-06-07,29
724558698,1.5343339526653834e+18,nan,19.4361234,1.0,2026-06-13,82
42700394,1.465634368381106e+18,nan,19.43384,1.0,2026-06-04,75
49519633,1.4657563117110587e+18,nan,19.41842,1.0,2026-05-11,53
333035396,1.4696421700786975e+18,nan,19.40935,1.0,2026-06-02,52
370748632,1.4697499983257103e+18,nan,19.41710965412773,2.0,2026-04-20,19
55787612,1.4659134315725578e+18,nan,19.413563,2.0,2026-05-24,17
207448388,1.4690822482983096e+18,nan,19.42325,1.0,2026-06-08,5
47713586,1.4627075426241738e+18,nan,19.41495,3.0,2026-06-14,25
55932548,1.4659165036420224e+18,nan,19.41296,1.0,2026-06-06,32
546687292,1.4704466395888369e+18,nan,19.4217223,1.0,nan,0
240628464,1.4632735860012877e+18,nan,19.4205083,3.0,2026-02-16,2
546687292,1.4704466395888369e+18,nan,19.4217223,1.0,2025-05-27,0
157294509,1.4630004606436365e+18,nan,19.42245,2.0,2026-06-08,16
104400812,1.4672549132370714e+18,nan,19.41708445775124,1.0,2026-06-03,38
445287430,1.4700068942734444e+18,nan,19.416883074703577,1.0,2026-02-22,16
584921009,1.4705995181190467e+18,nan,19.4088,1.0,2026-01-09,3
170471909,1.4686467795695332e+18,nan,19.4220578,1.0,2026-06-09,11
509963232,1.4702928526121897e+18,nan,19.41707649145817,5.0,2026-06-13,3
477819576,1.4701530680418063e+18,nan,19.4110418,1.0,2026-06-13,9
61239858,1.4667538353252163e+18,nan,19.41629,2.0,2026-05-31,37
9902692,1.4628265678495263e+18,nan,19.4164602,5.0,2026-01-13,5
175759,1.4625117865608579e+18,nan,19.41168785095215,6.0,2026-05-22,16
106758022,1.4628874336012365e+18,nan,19.4177124,3.0,2026-04-24,5
50305161,1.4627159574618993e+18,nan,19.4184868,2.0,2026-05-27,37
426351431,1.4699327550423828e+18,nan,19.4180803,2.0,2026-05-23,23
664621187,1.470667867837114e+18,nan,19.41729,1.0,2026-06-07,26
28920775,1.4626463313577047e+18,nan,19.41345,3.0,2026-06-01,35
11512917,1.4628665131064023e+18,nan,19.42169,2.0,2025-08-14,2
2454734,1.462595541782935e+18,nan,19.4104,2.0,2026-06-14,16
51258132,1.4657973035505674e+18,nan,19.410214381422257,2.0,2026-05-31,16
572878512,1.4705532072558397e+18,nan,19.4102756,1.0,2026-06-14,67
16148871,1.4629798053263913e+18,nan,19.42183,1.0,2026-06-09,102
667662126,1.4706751805061985e+18,nan,19.4212252,1.0,2026-01-01,16
1698848304183744375,1.6988483949092557e+18,nan,19.4214571,2.0,nan,0
593565526,1.4706209580175928e+18,nan,19.422420356657497,2.0,2026-05-26,33
15322666,1.462959522009334e+18,nan,19.421986081201137,3.0,2025-12-30,6
377347465,1.469770096924853e+18,nan,19.433409046051334,2.0,nan,0
10303062,1.4628369653418296e+18,nan,19.40846,1.0,2026-05-26,44
141582838,1.468399270362887e+18,nan,19.409767505300607,1.0,2023-03-21,0
191928110,1.6682041981233398e+18,nan,19.18821,1.0,2026-05-31,2
51325188,1.4658014602006986e+18,nan,19.29283,2.0,2021-05-27,0
683227594,1.47070679655788e+18,nan,19.25895819123257,1.0,2025-06-29,1
406488552,1.4636282013575677e+18,nan,19.25619829614851,1.0,2026-06-01,3
259066065,1.4693686597261322e+18,nan,19.26447,1.0,2025-01-10,0
728750770,1.55242502867613e+18,nan,19.26502133523507,3.0,nan,0
69964501,1.462791294409472e+18,nan,19.49512127277234,1.0,2026-05-31,76
16148871,1.4629798053263913e+18,nan,19.42022,1.0,2026-06-12,93
106186128,1.4672878837856476e+18,nan,19.49290543136536,1.0,2026-06-09,80
407460341,1.4698623137672184e+18,nan,19.49219589918373,1.0,2026-06-11,29
126021898,1.4682692137343409e+18,nan,19.4998919,2.0,2026-05-09,3
730760681,1.5613275232513508e+18,nan,19.495929916636506,1.0,2026-06-06,23
108913498,1.467319119651726e+18,nan,19.3134313,2.0,2026-06-12,11
215427458,1.4631953286182746e+18,nan,19.31638,2.0,2026-06-04,23
316264544,1.463442920819045e+18,nan,19.432302,1.0,2025-03-23,0
321532977,1.7011133372139156e+18,nan,19.31020739684917,1.0,nan,0
12908488,1.4628984950013688e+18,nan,19.5050852,3.0,2026-05-12,5
233215844,1.463243293581751e+18,nan,19.42599715295733,1.0,2026-05-24,3
320661998,1.547862634708938e+18,nan,19.37845410059509,1.0,2026-02-15,1
251767707,1.4693341773994916e+18,nan,19.28013,30.0,nan,0
87915360,1.4670560918055388e+18,nan,19.350491706949494,2.0,2026-05-11,36
224986521,1.4691950687041766e+18,nan,19.43650799689953,2.0,2026-04-21,3
22265895,1.4631756096036155e+18,nan,19.30672,7.0,nan,0
749234180,1.632895073550498e+18,nan,19.40088,1.0,2026-06-11,15
691371722,1.470723958748481e+18,nan,19.42124,1.0,2026-05-29,29
452306427,1.4700359009587354e+18,nan,19.4116615,3.0,nan,0
5085423,1.4626724926460718e+18,nan,19.44213,4.0,2025-06-29,0
5755202,1.4625421823285827e+18,nan,19.44041,60.0,2025-08-04,1
204592142,1.4690673789876751e+18,nan,19.2991,1.0,2023-12-18,0
72318105,1.4668933057927552e+18,nan,19.43717,7.0,2022-10-22,0
10085542,1.4628312622362255e+18,nan,19.42963,5.0,2018-11-05,0
36879117,1.4655493604563062e+18,nan,19.39824,2.0,2025-11-12,2
106856552,1.462887685739731e+18,nan,19.45925,1.0,2019-12-27,0
150008575,1.468476357418421e+18,nan,19.41547,2.0,2026-03-07,1
107190338,1.4672992191960532e+18,nan,19.38264,729.0,2024-03-15,0
63934732,1.4667890097957384e+18,nan,19.42587,1.0,2025-10-08,1
432020780,1.4699556736920673e+18,nan,19.41607,60.0,2025-09-01,1
74712495,1.4669192841861962e+18,nan,19.36676,1.0,2025-08-02,2
307295793,1.469569187311577e+18,nan,19.42961,1.0,2020-11-22,0
105167764,1.4672641697816307e+18,nan,19.42626,1.0,2025-04-17,0
158198233,1.4685414359544243e+18,nan,19.39311,1.0,2025-12-22,3
32901307,1.465482014900792e+18,nan,19.42974764046554,15.0,nan,0
417511623,1.469897640658164e+18,nan,19.3403,7.0,2022-10-31,0
454166863,1.4637410638857907e+18,nan,19.41373,2.0,2022-11-27,0
44459873,1.4626970759377815e+18,nan,19.41654,2.0,2021-11-08,0
500045168,1.470248908087707e+18,nan,19.39233,355.0,2024-02-23,0
496963463,1.4702360790311565e+18,nan,19.4309436,1.0,2026-03-18,11
230261582,1.4842676845001247e+18,nan,19.42603,31.0,nan,0
92175722,1.4671133407072586e+18,nan,19.36363,3.0,2023-04-03,0
46957511,1.4657040621576545e+18,nan,19.43062910063103,4.0,nan,0
175887637,1.4687050560869686e+18,nan,19.41562,1.0,2024-06-16,0
142318709,1.4629668199880364e+18,nan,19.41425,2.0,2024-11-21,0
64787263,1.4627674046708567e+18,nan,19.4176119,14.0,2026-01-15,3
133630901,1.4683345872544236e+18,nan,19.4144987,4.0,2024-12-11,0
457128451,1.4700576993987858e+18,nan,19.40747,5.0,2025-07-20,1
54790139,1.4658967702684966e+18,nan,19.43735,4.0,2026-01-06,3
15415043,1.4629617437220623e+18,nan,19.4295392,3.0,2024-06-05,0
517725875,1.4703293048950292e+18,nan,19.4214023,2.0,2026-05-31,62
517725875,1.4703293048950292e+18,nan,19.4214023,2.0,2026-04-20,21
517725875,1.4703293048950292e+18,nan,19.419453,2.0,2026-05-27,44
660534144,1.6378269676056873e+18,nan,19.33998,2.0,2026-06-01,1
130190068,1.4629399580850506e+18,nan,19.35974,1.0,2025-09-22,2
222448171,1.4956751451837688e+18,nan,19.37206784563025,1.0,nan,0
464148378,1.470091529421077e+18,nan,19.4305444,2.0,2026-05-26,21
174041271,1.5025993288969306e+18,nan,19.424793568711348,1.0,nan,0
52301731,1.4658450026050545e+18,nan,19.49703,1.0,nan,0
427255679,1.4699364597500444e+18,nan,19.49861,1.0,2025-10-23,1
51921637,1.465819247426113e+18,nan,19.3511857,2.0,2026-05-23,2
285087802,1.4694916808857572e+18,nan,19.397002556718764,1.0,2025-06-30,1
30650197,1.4654510236975864e+18,nan,19.40179,2.0,nan,0
739884792,1.6045698858706476e+18,nan,19.43638,1.0,2026-05-31,9
288129664,1.4695017451196068e+18,nan,19.43526,1.0,2026-06-04,24
395031700,1.4698218752710774e+18,nan,19.4021207,3.0,2026-04-25,11
66387078,1.4627716669720095e+18,nan,19.43126009291861,1.0,2026-06-01,41
5755202,1.4625421823285827e+18,nan,19.42881,2.0,2026-05-11,10
529450406,1.4703794955348319e+18,nan,19.42,1.0,2024-02-11,0
485304566,1.4701846948220396e+18,nan,19.4086346,2.0,2026-05-24,10
43610468,1.5521010859898115e+18,nan,19.41263,1.0,2026-06-15,1
123969574,1.4682524003447575e+18,nan,19.406505614127266,3.0,nan,0
157210716,1.4630002525860078e+18,nan,19.4244349,1.0,nan,0
501435477,1.6176600272843645e+18,nan,19.27147541613581,1.0,2026-06-07,1
74700631,1.701810415459806e+18,nan,19.4361437,2.0,nan,0
110497249,1.4673362658487665e+18,nan,19.30222,1.0,nan,0
689517036,1.4707201144353592e+18,nan,19.42745,3.0,2026-04-10,2
106278810,1.4672888695922007e+18,nan,19.408033981790084,1.0,nan,0
374357375,1.4697613569294024e+18,nan,19.3626,1.0,2023-08-30,0
712196819,1.4827784663500902e+18,nan,19.43573091605388,1.0,2026-01-18,2
358250534,1.469717485799219e+18,nan,19.43792,1.0,2026-05-16,1
178267752,1.4630697843509373e+18,nan,19.34047,3.0,2023-08-23,0
30672063,1.4626523933010383e+18,nan,19.423141479492188,2.0,2026-05-11,19
333035396,1.4696421700786975e+18,nan,19.40444,1.0,2026-05-12,12
477819576,1.4701530680418063e+18,nan,19.4344442,1.0,2026-06-12,29
23382111,1.465272540411874e+18,nan,19.4192263008159,1.0,2023-06-17,0
477819576,1.4701530680418063e+18,nan,19.4348047,1.0,2026-05-17,12
37101658,1.465552530763449e+18,nan,19.41759,3.0,2026-03-30,14
105762659,1.467281477413103e+18,nan,19.40602,2.0,2026-05-28,17
569838375,1.4705328493825367e+18,nan,19.42563720468537,1.0,2026-05-31,61
418331469,1.4636532682067515e+18,nan,19.42539,2.0,2026-05-31,53
28400985,1.4654192313460595e+18,nan,19.41777,2.0,2026-05-25,14
497678990,1.6966105381339333e+18,nan,19.4157502,2.0,nan,0
6529931,1.4627087848380795e+18,nan,19.41443,1.0,2026-03-16,13
117514394,1.4682024610051512e+18,nan,19.409924,2.0,2026-04-27,14
489719135,1.4702044030450237e+18,nan,19.4108913,1.0,2026-05-28,5
452306427,1.4700359009587354e+18,nan,19.409195,1.0,2025-05-03,0
297668799,1.6052835913845036e+18,nan,19.3676912,2.0,2026-05-20,2
555278412,1.4778412757853274e+18,nan,19.28421734855197,1.0,2026-05-19,9
46239312,1.462702780895586e+18,nan,19.30371738701352,1.0,2026-05-30,25
1695900437432341930,1.6959016698004086e+18,nan,19.46553,2.0,2026-06-10,4
454903616,1.4700465965043172e+18,nan,19.40415,1.0,2026-05-30,57
543307256,1.4704336322777329e+18,nan,19.3727424,1.0,2026-01-21,1
91379820,1.4671045919327695e+18,nan,19.452884148920017,2.0,2026-06-12,37
333125960,1.5691250527272957e+18,nan,19.3083957,2.0,2026-06-12,1
91861366,1.6841498543652465e+18,nan,19.402809107546325,1.0,nan,0
79876409,1.466974917171911e+18,nan,19.40956,2.0,2026-05-21,22
1669278541852690842,1.669278634108048e+18,nan,19.32358864476707,1.0,nan,0
45820944,1.4656842303196767e+18,nan,19.46827,1.0,nan,0
137377215,1.462956097248325e+18,nan,19.38744,2.0,2026-06-14,11
428630314,1.469942284411607e+18,nan,19.34973,1.0,2025-04-20,0
352221310,1.4697032188334843e+18,nan,19.40658569335937,1.0,2026-06-14,22
460972994,1.4700760797835402e+18,nan,19.45882126173453,1.0,2026-04-10,5
1699989575292572016,1.6999898867766162e+18,nan,19.416536431140997,1.0,2026-06-15,2
493320631,1.4702211573575918e+18,nan,19.3055549,1.0,2026-05-10,1
22758914,1.4626225255590436e+18,nan,19.4089964,1.0,2026-04-21,2
468258884,1.4701112083142272e+18,nan,19.37757,1.0,2026-05-13,35
147704999,1.4684479953365437e+18,nan,19.35248,1.0,2026-06-06,19
682363606,1.4689020709892142e+18,nan,19.406807996515205,2.0,2026-06-12,7
180364941,1.4687412863683668e+18,nan,19.416213485367077,1.0,2026-05-17,17
471558859,1.4701268382503764e+18,nan,19.460885,1.0,2026-06-13,84
142843295,1.4629679703686659e+18,nan,19.44103,1.0,2026-06-02,67
218513158,1.469149904269954e+18,nan,19.346,2.0,2026-05-30,6
57413777,1.462737188703514e+18,nan,19.44285889851412,1.0,2025-12-29,2
25349548,1.4626331824326415e+18,nan,19.44475,2.0,2020-04-05,0
243026665,1.4632796963210202e+18,nan,19.40092197300376,3.0,nan,0
49836026,1.4657612511421396e+18,nan,19.35192108154297,3.0,2026-05-09,17
242151737,1.4632776412431634e+18,nan,19.4288305,2.0,2026-06-02,32
241632404,1.4692837434856468e+18,nan,19.39298,4.0,2026-05-26,5
495362279,1.4702295401766129e+18,nan,19.398431,1.0,2026-02-22,19
523491697,1.4703552097366088e+18,nan,19.39773792627993,2.0,2025-03-01,0
431160829,1.463684404830938e+18,nan,19.4315511,1.0,2026-05-29,40
451159548,1.4700312738137226e+18,nan,19.41045,1.0,2026-06-03,16
164186036,1.468596247183065e+18,nan,19.39485935814222,2.0,2026-06-16,1
66583431,1.4668226473241055e+18,nan,19.41516876220703,1.0,2026-02-24,5
734791842,1.5793077303393956e+18,nan,19.4277521,1.0,2026-05-24,13
308157042,1.5923854449398246e+18,nan,19.3945506,1.0,2026-05-24,17
5507751,1.4626825021438907e+18,nan,19.34744,3.0,2026-05-05,23
18218315,1.4630389531580196e+18,nan,19.40593,3.0,2025-11-02,1
517121872,1.4703264220668508e+18,nan,19.43210808272416,3.0,2026-04-18,17
122920296,1.4629239378073585e+18,nan,19.43372,1.0,2026-06-13,16
46682221,1.4627042247410376e+18,nan,19.42715,2.0,2026-03-29,16
13677387,1.462918988330988e+18,nan,19.43736,1.0,2026-06-10,25
709276521,1.472161032311671e+18,nan,19.4326022,3.0,nan,0
335393886,1.463472406320653e+18,nan,19.4382308,1.0,2026-05-21,5
16453362,1.6964073776075195e+18,nan,19.4142532,2.0,2026-06-12,1
230034141,1.469226234076014e+18,nan,19.4321,2.0,2019-12-30,0
336352467,1.5320668912275305e+18,nan,19.434162656632825,2.0,2026-06-08,17
394557130,1.4698204218508818e+18,nan,19.43424,3.0,2026-06-11,53
12216741,1.4625816096648753e+18,nan,19.428985595703125,1.0,2026-06-12,45
723213780,1.5284600397067052e+18,nan,19.42917,1.0,2026-06-11,1
237879950,1.4632556755478287e+18,nan,19.43273,4.0,2026-06-14,36
51374046,1.462719532741296e+18,nan,19.428768157958984,3.0,2026-06-09,28
105880627,1.467284416733409e+18,nan,19.42406,1.0,2026-06-14,172
106278810,1.4672888695922007e+18,nan,19.40965,1.0,2026-06-01,21
85500663,1.4628380974769254e+18,nan,19.40662,2.0,2025-12-21,2
263742098,1.4693949376530606e+18,nan,19.42515,1.0,2026-03-30,1
261044377,1.4693796156254935e+18,nan,19.4303,1.0,2023-02-26,0
333035396,1.4696421700786975e+18,nan,19.43605,1.0,2026-06-08,61
447270714,1.4637240941745956e+18,nan,19.42880532704805,1.0,2026-04-23,18
299351097,1.487962084846426e+18,nan,19.43472,1.0,nan,0
571990820,1.470550390847725e+18,nan,19.43434,1.0,2026-05-01,10
227035886,1.4692084002253046e+18,nan,19.428226,1.0,2026-03-23,26
750882252,1.639297134510201e+18,nan,19.40357,1.0,nan,0
27547226,1.4626414246989745e+18,nan,19.4388135,5.0,2026-06-12,1
147402158,1.4684455148460357e+18,nan,19.43537,14.0,2025-07-08,1
48626499,1.4657369832281439e+18,nan,19.41158,1.0,2026-05-27,15
564519829,1.4705166623067474e+18,nan,19.4382,1.0,2026-06-09,3
48626499,1.4657369832281439e+18,nan,19.411458187286485,1.0,2026-06-07,21
41963013,1.4656247486809295e+18,nan,19.411735812471964,2.0,2026-06-02,27
333035396,1.4696421700786975e+18,nan,19.408903795472813,1.0,2026-06-12,59
348719139,1.4635023360450488e+18,nan,19.403613171171667,1.0,2026-05-31,52
31540218,1.4626553962848108e+18,nan,19.4075349110557,2.0,2026-05-30,13
517725875,1.4703293048950292e+18,nan,19.41573521427323,1.0,2026-06-06,36
22296267,1.4626206488876022e+18,nan,19.4135956,1.0,2026-06-13,55
130510961,1.4683075884343124e+18,nan,19.4071761,2.0,2026-06-06,63
104953556,1.4628826920219569e+18,nan,19.41299,1.0,2026-06-07,25
49662719,1.4657585293657485e+18,nan,19.41423,1.0,2026-06-06,11
3040937,1.4626157502398408e+18,nan,19.43826,3.0,2026-06-14,17
31540218,1.4626553962848108e+18,nan,19.406576,2.0,2026-05-17,17
10764020,1.4625757179326413e+18,nan,19.41337,2.0,2026-06-08,9
23223557,1.4652703144648312e+18,nan,19.403522647247453,14.0,2025-03-03,0
123924423,1.468252049796578e+18,nan,19.43268,2.0,2026-05-24,23
138635365,1.4683758416335933e+18,nan,19.43685,15.0,2025-12-18,3
66522047,1.466821967464911e+18,nan,19.412617,1.0,2026-06-02,59
1700425342644886020,1.7008037323436168e+18,nan,19.41231,2.0,2026-05-26,22
333035396,1.4696421700786975e+18,nan,19.41041,1.0,2026-06-06,60
385520519,1.4697922453296965e+18,nan,19.412578582763672,1.0,2025-12-21,1
655316492,1.4639049098173256e+18,nan,19.4137323,1.0,2026-06-07,20
540705,1.4625211757620861e+18,nan,19.41561,1.0,2026-06-11,31
214812414,1.46912540392803e+18,nan,19.41539,1.0,2026-05-28,34
573744120,1.46388598567468e+18,nan,19.4365898,1.0,nan,0
370800739,1.5307969152508795e+18,nan,19.43474,1.0,2026-06-07,14
156455377,1.468526520895728e+18,nan,19.4328347,1.0,2026-05-31,36
134946923,1.4629508087810527e+18,nan,19.4203,1.0,2026-05-30,1
432085023,1.4699560052007178e+18,nan,19.41935,2.0,2026-06-13,42
68267733,1.466843810347495e+18,nan,19.41,2.0,2026-05-17,32
31987542,1.4626570216965146e+18,nan,19.42093,1.0,2026-06-01,3
8305381,1.462765060107528e+18,nan,19.4106,1.0,2026-06-07,19
554533748,1.5292922873040863e+18,nan,19.42288,1.0,2026-06-10,12
234325486,1.4692479133860616e+18,nan,19.45618,1.0,2023-10-15,0
10764020,1.4625757179326413e+18,nan,19.41287347256665,1.0,nan,0
701708408,1.470744940079813e+18,nan,19.40481,1.0,2025-06-27,2
109060191,1.4673207784580365e+18,nan,19.45393,2.0,nan,0
525948879,1.4703655337709235e+18,nan,19.43905,1.0,2023-08-27,0
477157961,1.4701503629792097e+18,nan,19.42761,2.0,2026-05-31,30
535009916,1.4704008866737114e+18,nan,19.4062536,1.0,2025-07-26,1
159641450,1.4685536419121372e+18,nan,19.38719,2.0,2025-04-28,0
161364087,1.689389831566416e+18,nan,19.43243,1.0,2026-05-29,1
44882747,1.4656663020924285e+18,nan,19.33989,2.0,nan,0
91265490,1.4628507952918508e+18,nan,19.401,1.0,2026-06-06,28
126106513,1.4682699192743355e+18,nan,19.43874,1.0,2026-06-13,26
96433818,1.4628624977694812e+18,nan,19.43122,1.0,2026-05-17,19
316264544,1.463442920819045e+18,nan,19.4323026,1.0,2025-02-02,0
52321355,1.4658456340323994e+18,nan,19.43672,2.0,2026-06-07,60
659752422,1.470357793746457e+18,nan,19.4303029,1.0,2026-06-01,37
17630122,1.463014598440642e+18,nan,19.4269,1.0,2026-06-14,47
470688992,1.4701228016526075e+18,nan,19.432511,1.0,2026-05-15,33
476518734,1.4701479116655334e+18,nan,19.4304438,1.0,2026-05-14,61
114030490,1.4681762175383662e+18,nan,19.43309,1.0,2026-05-26,66
703312827,1.4707478529265216e+18,nan,19.4284107,1.0,2026-05-24,2
449266966,1.4637290371678336e+18,nan,19.431709,1.0,2026-05-28,29
22207571,1.463174224117682e+18,nan,19.43449,1.0,2026-06-04,84
723213780,1.5284600397067052e+18,nan,19.42953,1.0,2026-05-10,2
555362089,1.4638782943320218e+18,nan,19.43991,1.0,2026-06-12,11
244193620,1.469295818498363e+18,nan,19.432442,1.0,2026-04-21,14
6573910,1.462709896909015e+18,nan,19.39906,1.0,2026-05-20,56
369403303,1.469746321357399e+18,nan,19.433850317393198,1.0,2026-05-17,45
194051392,1.4631063980667704e+18,nan,19.43496,2.0,2026-06-14,5
156632464,1.4685280384988915e+18,nan,19.43801,1.0,2026-05-04,22
203049198,1.4690595422314962e+18,nan,19.4395976,1.0,2026-06-10,15
48106570,1.4627087598598666e+18,nan,19.437531,2.0,2026-06-11,40
522027263,1.700047278967227e+18,nan,19.4194586,1.0,nan,0
1251914,1.487878418860332e+18,nan,19.42913,2.0,2026-06-04,46
130054937,1.4683036921964498e+18,nan,19.43912,1.0,2025-12-20,7
722216087,1.5270661678725612e+18,nan,19.4332832,1.0,2026-06-06,21
113463511,1.462903132813988e+18,nan,19.4305956,3.0,2026-05-11,17
10764020,1.4625757179326413e+18,nan,19.4148111,1.0,2026-05-10,29
740236121,1.598736540420503e+18,nan,19.40636,1.0,2026-05-29,5
91265490,1.4628507952918508e+18,nan,19.43431,1.0,2026-06-15,47
227002676,1.4692082073847347e+18,nan,19.399425439718502,30.0,nan,0
714317485,1.4909510261796797e+18,nan,19.4302934,1.0,2026-02-07,3
546373835,1.4704454317492918e+18,nan,19.430334942364688,1.0,nan,0
730254531,1.5589594983322665e+18,nan,19.43999,1.0,2026-06-13,13
162857799,1.4685848658875896e+18,nan,19.40887586362845,2.0,2026-06-05,40
78865635,1.4669649949120307e+18,nan,19.43352038762312,1.0,2026-06-13,5
453185929,1.470039406389367e+18,nan,19.4331137,2.0,2026-06-14,41
8515348,1.4627693315315448e+18,nan,19.4056623993921,2.0,2026-05-24,26
298615475,1.4634098053742372e+18,nan,19.428816322378985,1.0,nan,0
354583163,1.4697086076319432e+18,nan,19.43069,2.0,2026-06-06,16
134946923,1.4629508087810527e+18,nan,19.41891,1.0,2026-06-05,21
13856055,1.6900273612860828e+18,nan,19.4142706,1.0,2026-06-06,4
473342978,1.4701347515082614e+18,nan,19.424139994091465,1.0,2025-11-04,7
522466211,1.4703507617352466e+18,nan,19.409858956493643,1.0,2026-06-02,7
590408297,1.4706131954234348e+18,nan,19.41411897140322,2.0,nan,0
85775355,1.4670333353899525e+18,nan,19.42864,1.0,2026-04-18,9
384578345,1.4635780824377892e+18,nan,19.41010093688965,2.0,2026-06-07,9
46248409,1.465692422512748e+18,nan,19.421442734432883,1.0,2026-05-31,38
42436205,1.4656309244042913e+18,nan,19.4252799,2.0,2026-06-09,17
679965194,1.470700502083842e+18,nan,19.4318314,1.0,nan,0
278251121,1.46336956737387e+18,nan,19.41904,1.0,2026-06-14,29
546687292,1.4704466395888369e+18,nan,19.4217223,1.0,2025-02-24,0
145531910,1.4629737247157394e+18,nan,19.4170931735726,1.0,2026-05-29,49
594251711,1.4706225139864338e+18,nan,19.419453,1.0,2026-06-01,57
229771227,1.4692247304840061e+18,nan,19.4336999,2.0,2026-06-14,35
72969330,1.4628093834673462e+18,nan,19.42806,1.0,2026-05-31,52
728027949,1.5494519395732045e+18,nan,19.4191444,1.0,nan,0
498701635,1.47024317220322e+18,nan,19.4050351,2.0,2025-08-17,1
16148871,1.4629798053263913e+18,nan,19.4262259,1.0,2026-06-13,28
370800739,1.5307969152508795e+18,nan,19.43524,1.0,nan,0
46812606,1.465701694280494e+18,nan,19.41185194996334,2.0,2026-06-08,25
99676557,1.4671980910375772e+18,nan,19.416635932210166,2.0,2026-05-29,34
392268590,1.4635961216803128e+18,nan,19.43065,3.0,2026-02-23,7
526123832,1.4703662150584873e+18,nan,19.4302984,1.0,2026-06-13,41
454330571,1.4700440667530166e+18,nan,19.419209248358783,1.0,2026-06-04,22
42700394,1.465634368381106e+18,nan,19.4346568,1.0,2026-06-14,81
724558698,1.5343339526653834e+18,nan,19.4361234,1.0,2026-06-07,65
5126969,1.4625390607403942e+18,nan,19.4091783959116,1.0,2026-05-26,2
508969370,1.4702880133151588e+18,nan,19.40501,1.0,2026-05-22,38
13097902,1.4629030733559757e+18,nan,19.40952,5.0,nan,0
4296667,1.462652977911283e+18,nan,19.40893,1.0,2026-05-18,36
42436804,1.4656309277768233e+18,nan,19.41794154960932,2.0,2026-04-22,24
20186254,1.4631011226667756e+18,nan,19.41804,2.0,2026-05-30,46
290529905,1.4695097119170834e+18,nan,19.41066941356397,2.0,nan,0
664621187,1.470667867837114e+18,nan,19.41729,1.0,2026-06-01,27
727859901,1.5486639546068303e+18,nan,19.4059002,1.0,2026-05-26,24
302431514,1.4695500943910239e+18,nan,19.41558,1.0,nan,0
454330571,1.4700440667530166e+18,nan,19.41701,2.0,2026-06-02,43
664185502,1.4706667379298836e+18,nan,19.4156877,3.0,2026-06-11,49
664484148,1.4706675034219295e+18,nan,19.41284,1.0,2026-05-05,33
23021265,1.462623563543943e+18,nan,19.4091902,1.0,2026-05-24,11
19753224,1.4626105642908237e+18,nan,19.430845851366257,2.0,2026-05-03,18
128486840,1.4682898930852393e+18,nan,19.4218313,15.0,2026-05-01,1
50305161,1.4627159574618993e+18,nan,19.4099991,1.0,2026-05-30,20
51022416,1.4657914943497528e+18,nan,19.42187,1.0,2026-05-31,48
50305161,1.4627159574618993e+18,nan,19.4215908,2.0,nan,0
655491104,1.4975015726811128e+18,nan,19.410162619049327,1.0,nan,0
782583,1.4625141881709522e+18,nan,19.41404,2.0,2026-05-17,14
123609459,1.462925236478644e+18,nan,19.31327,1.0,2026-05-31,1
168051135,1.463036356345884e+18,nan,19.3108,2.0,2019-12-01,0
52181121,1.462722170944554e+18,nan,19.253482495914927,2.0,2026-06-12,22
696495302,1.463944317106173e+18,nan,19.261801579525685,1.0,2025-12-02,1
374574994,1.4697620266452516e+18,nan,19.35608706515036,1.0,2026-05-31,65
102433624,1.467229153861438e+18,nan,19.3413987,2.0,2026-05-31,6
681432316,1.470703356481005e+18,nan,19.3736911984935,1.0,2025-10-26,2
427697129,1.5245889698228974e+18,nan,19.37895275395375,1.0,2026-06-10,32
588882115,1.4706096202901868e+18,nan,19.285302,3.0,2026-06-05,13
230933405,1.4692314164253066e+18,nan,19.41147,1.0,2021-06-04,0
54012934,1.4658775085250253e+18,nan,19.44077,2.0,2019-09-22,0
273848979,1.469445037774781e+18,nan,19.41588,5.0,2026-06-01,20
452306427,1.4700359009587354e+18,nan,19.417784,3.0,2023-10-07,0
23534726,1.462625629515663e+18,nan,19.42333,1.0,2026-07-01,48
228133279,1.4692149631635507e+18,nan,19.363,30.0,2025-12-12,7
8995867,1.4625675962885048e+18,nan,19.4118,1.0,2020-12-10,0
221253091,1.4632086232966769e+18,nan,19.40305,2.0,nan,0
250898270,1.4693298836713935e+18,nan,19.446,2.0,2022-10-31,0
415225495,1.4698890219550536e+18,nan,19.41645,3.0,2024-07-17,0
176682857,1.4687117658826906e+18,nan,19.4328934,1.0,2026-06-15,71
142318709,1.4629668199880364e+18,nan,19.41417,2.0,2024-04-24,0
706199341,1.4692201330444849e+18,nan,19.4344442,1.0,2026-03-01,23
33370128,1.4654884305654461e+18,nan,19.4132253,3.0,2025-07-06,1
16148871,1.4629798053263913e+18,nan,19.406012,1.0,2025-12-30,3
150172688,1.4684775447368284e+18,nan,19.43552,60.0,nan,0
517725875,1.4703293048950292e+18,nan,19.4214023,2.0,2026-05-25,42
539593081,1.4638716441860237e+18,nan,19.41301929331801,1.0,2026-05-29,62
37406674,1.4655597676864732e+18,nan,19.38291,4.0,2021-08-14,0
232651100,1.469239988733996e+18,nan,19.30105,1.0,nan,0
1668148035462879467,1.6681480812066289e+18,nan,19.3113634,1.0,nan,0
111777957,1.4673504443080494e+18,nan,19.4085915,1.0,2026-05-29,26
427986382,1.4699395265687332e+18,nan,19.3436,4.0,2021-11-22,0
247112495,1.4632902947513382e+18,nan,19.4376,1.0,2026-05-30,16
34037742,1.4654974170511892e+18,nan,19.4167487,1.0,nan,0
122575838,1.4682423079159818e+18,nan,19.46439,5.0,nan,0
68925230,1.462788774684307e+18,nan,19.42356,14.0,nan,0
660259657,1.4706578541854031e+18,nan,19.44063,1.0,nan,0
525943684,1.4703655198841969e+18,nan,19.39856,1.0,2024-01-14,0
492741845,1.4702186479037612e+18,nan,19.2279856,1.0,nan,0
571653984,1.4705493270134042e+18,nan,19.43534618216222,1.0,nan,0
1653829768132627758,1.6538312577420186e+18,nan,19.40804,1.0,nan,0
9139905,1.4627959119413235e+18,nan,19.4112624,1.0,2025-12-21,2
1668408338762066239,1.6684084907430502e+18,nan,19.30707213270508,1.0,nan,0
20456562,1.4631082424951347e+18,nan,19.29506,30.0,2026-04-30,1
127205373,1.4682792703379167e+18,nan,19.41719,1.0,2026-03-22,7
425200125,1.4699282241807754e+18,nan,19.42289,1.0,2026-04-15,22
334523770,1.6936468676769838e+18,nan,19.36737,1.0,2026-06-13,1
546205403,1.4704447330938112e+18,nan,19.39779,1.0,nan,0
133009400,1.468329462197659e+18,nan,19.37031,1.0,nan,0
45614603,1.4656777767770373e+18,nan,19.3578,2.0,2025-09-03,6
685086523,1.4639394424611261e+18,nan,19.42086,1.0,2025-03-22,0
62098789,1.69103180114518e+18,nan,19.38967423483664,1.0,nan,0
741148195,1.6019221564969695e+18,nan,19.37215,1.0,nan,0
373788437,1.4697596242014246e+18,nan,19.3226663,1.0,2026-04-09,4
3585075,1.4626331632648507e+18,nan,19.41943,2.0,2026-05-25,5
684411082,1.470709193618544e+18,nan,19.42444658419422,1.0,2025-09-28,1
261044377,1.4693796156254935e+18,nan,19.430633,1.0,2026-05-21,32
259224980,1.469369461337545e+18,nan,19.3987057,1.0,nan,0
744881441,1.6159849221138145e+18,nan,19.42794,1.0,nan,0
255607641,1.67864621527213e+18,nan,19.39578,2.0,nan,0
478833975,1.4701572043894508e+18,nan,19.4168211,2.0,2026-05-14,31
207673666,1.4690833867112576e+18,nan,19.4364644,1.0,2026-05-13,9
533158457,1.4703937233508275e+18,nan,19.41075,1.0,2026-05-10,35
78350818,1.4669596604429865e+18,nan,19.42017711074675,1.0,2025-09-14,1
577040397,1.470576765073943e+18,nan,19.4010493,1.0,nan,0
87188504,1.4670486523506988e+18,nan,19.42797,1.0,2026-06-14,24
285709351,1.4694936839206264e+18,nan,19.41907,1.0,2026-05-17,14
390114123,1.469806756736128e+18,nan,19.43932952912332,1.0,2026-05-10,30
51355210,1.4658019679765473e+18,nan,19.4321332,1.0,nan,0
730367222,1.5595135430119836e+18,nan,19.43576,1.0,2026-04-11,14
296082854,1.4695258224725358e+18,nan,19.4362543,1.0,2026-04-05,7
552018107,1.4704677478708052e+18,nan,19.446099311618507,1.0,2026-05-11,1
249788980,1.4693241439134656e+18,nan,19.3693058,2.0,2026-05-21,11
106319953,1.46728941815099e+18,nan,19.36542123381852,2.0,nan,0
122735513,1.468243496516835e+18,nan,19.3682209,1.0,nan,0
306296865,1.4634257689810957e+18,nan,19.530056971381345,1.0,nan,0
98253538,1.4671823012416212e+18,nan,19.432277849844866,1.0,nan,0
16610227,1.46259856300936e+18,nan,19.4105174,1.0,2026-05-12,1
23382111,1.465272540411874e+18,nan,19.416728885350143,2.0,2026-05-29,17
154865741,1.4685149220639823e+18,nan,19.42073,2.0,2026-05-24,47
55822879,1.4659140511820308e+18,nan,19.42436,2.0,2026-04-20,7
219531075,1.463204864642137e+18,nan,19.44106,1.0,nan,0
672349895,1.4706846737203707e+18,nan,19.415660542365053,2.0,2026-06-08,42
164321678,1.4685974072152742e+18,nan,19.43161,1.0,2026-05-23,28
133958197,1.4683372224065375e+18,nan,19.439852774136632,5.0,2025-12-14,1
62328035,1.4667687259121464e+18,nan,19.416711,2.0,2026-03-29,14
729928499,1.5575077071464215e+18,nan,19.4072438,1.0,nan,0
38177706,1.4655713428983944e+18,nan,19.4355942,1.0,2026-06-10,10
23382111,1.465272540411874e+18,nan,19.42433,2.0,2026-02-23,5
53165048,1.4658626791399263e+18,nan,19.41315,2.0,2026-05-28,39
365954577,1.469737096720172e+18,nan,19.42989,1.0,2026-01-01,1
131935729,1.6783823957632835e+18,nan,19.38513,1.0,nan,0
51622446,1.4658086087518305e+18,nan,19.3878975,1.0,2024-02-27,0
101241711,1.467214723321021e+18,nan,19.3926721,1.0,2026-05-17,12
198072741,1.4690319892596383e+18,nan,19.29100198076383,3.0,2025-06-27,1
35394453,1.4655229254255606e+18,nan,19.39357,2.0,2021-07-04,0
46248409,1.465692422512748e+18,nan,19.4091178,1.0,2026-05-31,49
122994537,1.4682455257600806e+18,nan,19.3974281,2.0,nan,0
79556629,1.4669718974161116e+18,nan,19.35647,1.0,2024-11-02,0
187296857,1.6971314575143388e+18,nan,19.413853222882352,1.0,nan,0
59343380,1.4667149788719288e+18,nan,19.43286,2.0,2018-11-18,0
340976858,1.6190105760153334e+18,nan,19.428570757200795,2.0,2026-04-20,1
31420954,1.4654620483580388e+18,nan,19.42040364266424,2.0,2026-02-16,1
26541586,1.465368453425156e+18,nan,19.327546293062696,1.0,2026-03-13,15
713182793,1.486519113979003e+18,nan,19.3884044,1.0,2026-02-18,2
552454873,1.5739217778075633e+18,nan,19.49858,1.0,nan,0
748528876,1.6336148449257436e+18,nan,19.4228669,1.0,2026-05-31,10
191451385,1.4689948087242783e+18,nan,19.33526,1.0,nan,0
584578702,1.4705983832036142e+18,nan,19.42102682334857,1.0,2024-10-21,0
182232780,1.4687584465303478e+18,nan,19.3699101,1.0,nan,0
163580141,1.4685917356479734e+18,nan,19.311962,1.0,nan,0
75420730,1.4669268801733742e+18,nan,19.465687897295812,1.0,nan,0
1697140365061873792,1.6971406370833308e+18,nan,19.40904049960182,1.0,nan,0
16610227,1.46259856300936e+18,nan,19.4105174,1.0,2024-07-20,0
579816652,1.4705849545864625e+18,nan,19.42812,2.0,2026-05-25,29
501218890,1.4702539610566026e+18,nan,19.42877,1.0,2026-05-11,4
348389387,1.4696919313406205e+18,nan,19.479754004929877,1.0,2026-05-31,11
323697994,1.4696146125479327e+18,nan,19.3134717,1.0,2026-05-29,54
161267446,1.4685692114958602e+18,nan,19.356106634690924,15.0,nan,0
368772660,1.515462941282191e+18,nan,19.27735,1.0,2026-02-07,1
1703313734365280113,1.7033139156298685e+18,nan,19.3135453,1.0,nan,0
156257788,1.677233682575415e+18,nan,19.28454196726116,1.0,2026-06-14,12
35813380,1.6851215954487724e+18,nan,19.391929027538367,1.0,nan,0
35171526,1.4655191445874714e+18,nan,19.4347606,2.0,2026-05-14,45
201144867,1.4879500074069327e+18,nan,19.43307,1.0,2026-06-06,58
151035471,1.4684842098864015e+18,nan,19.428970336914062,2.0,2026-04-20,17
510343030,1.4702946517686753e+18,nan,19.432898001996417,1.0,2026-05-21,63
591251249,1.470615241416456e+18,nan,19.4324469,1.0,2026-06-10,44
49904872,1.462714556951691e+18,nan,19.40197,2.0,2026-05-29,34
91265490,1.4628507952918508e+18,nan,19.40093,1.0,2026-06-12,54
91265490,1.4628507952918508e+18,nan,19.3994,1.0,2026-06-11,44
7518430,1.4627341239681472e+18,nan,19.43723,2.0,2026-06-01,8
516375974,1.4703229907909924e+18,nan,19.43928,1.0,2026-05-30,29
706104175,1.4707528914422892e+18,nan,19.4237427,1.0,2026-04-20,4
658143138,1.670570635389092e+18,nan,19.40082,1.0,2026-05-28,3
9409059,1.5979264227646556e+18,nan,19.41208,1.0,2026-06-13,9
751070305,1.6400248093649892e+18,nan,19.4263847,1.0,2026-06-07,2
357529155,1.4697153270760576e+18,nan,19.4269975,1.0,2026-06-11,21
124633129,1.4629274166443308e+18,nan,19.427751792782228,2.0,2026-06-12,22
43039281,1.4656391010096673e+18,nan,19.432249,1.0,2026-06-09,28
451100987,1.4700310648620175e+18,nan,19.41279,1.0,2026-02-01,4
703312827,1.4707478529265216e+18,nan,19.4284107,1.0,2026-06-07,12
2462278,1.4625957585867889e+18,nan,19.43863,2.0,2026-06-03,31
334125971,1.46964535271893e+18,nan,19.43703,1.0,2026-05-29,25
23382111,1.465272540411874e+18,nan,19.43554072119542,1.0,2026-06-07,44
180184731,1.6598426327303695e+18,nan,19.42815,2.0,nan,0
126806043,1.462932238123972e+18,nan,19.43975,2.0,2026-06-11,21
430268454,1.4699488127175447e+18,nan,19.4322754,2.0,2026-05-09,21
114030490,1.4681762175383662e+18,nan,19.43262,1.0,2026-05-31,73
560689517,1.4705049036045745e+18,nan,19.4359765,1.0,2026-06-04,77
504908068,1.4702698324495521e+18,nan,19.438753794332,2.0,2026-06-05,29
731949373,1.5668298909511324e+18,nan,19.43745,2.0,2026-06-01,11
330636838,1.582274649752706e+18,nan,19.4300409,2.0,2026-05-10,8
208262122,1.4690864183468997e+18,nan,19.43746728059193,2.0,2026-05-31,41
403856807,1.4698500778444014e+18,nan,19.43327,1.0,2026-02-13,6
243035087,1.4692900254368975e+18,nan,19.40492,2.0,2026-05-23,21
83763891,1.462834224532338e+18,nan,19.43675,1.0,2026-06-13,1
38177706,1.4655713428983944e+18,nan,19.4361051,2.0,2026-05-31,44
515054008,1.4703169068607654e+18,nan,19.41495237701392,1.0,2026-06-12,66
504772915,1.4769898580714632e+18,nan,19.4367542,1.0,2026-05-31,16
83763891,1.462834224532338e+18,nan,19.43772,1.0,nan,0
91265490,1.4628507952918508e+18,nan,19.39922,1.0,2026-06-04,28
171037813,1.468662105470831e+18,nan,19.4365965,1.0,2026-05-26,15
754684866,1.6542020506340012e+18,nan,19.4377703,1.0,2026-05-14,7
724418156,1.533679123625286e+18,nan,19.43225211848155,1.0,2026-05-31,23
91265490,1.4628507952918508e+18,nan,19.39907,1.0,2026-06-07,59
469306201,1.4701161718580037e+18,nan,19.44345706078496,2.0,2026-05-23,6
512906360,1.4703068979589335e+18,nan,19.42608,2.0,2026-06-08,25
446533659,1.4700114418845568e+18,nan,19.427128,1.0,2026-05-10,37
94889950,1.4628589200132997e+18,nan,19.4439,2.0,2026-06-04,11
498701635,1.47024317220322e+18,nan,19.4352059,2.0,2025-01-03,0
552176005,1.470468346516791e+18,nan,19.4345864,1.0,2026-03-29,8
486926564,1.4638177136539515e+18,nan,19.4344652,1.0,2026-05-16,15
1714875,1.4625764917793006e+18,nan,19.4355,2.0,2026-04-18,19
130510961,1.4683075884343124e+18,nan,19.4067,1.0,2026-06-14,50
50305161,1.4627159574618993e+18,nan,19.40730095,1.0,2026-04-26,17
451159548,1.4700312738137226e+18,nan,19.44601,1.0,2026-06-10,35
4296667,1.462652977911283e+18,nan,19.44416,2.0,2026-05-05,26
333035396,1.4696421700786975e+18,nan,19.43763396143529,1.0,2026-06-05,56
387188833,1.4697976683865713e+18,nan,19.4380121,1.0,2026-04-25,16
380460606,1.4635683474427686e+18,nan,19.43952,1.0,2026-02-24,1
14978763,1.4629514100368666e+18,nan,19.43409,2.0,2026-04-22,9
32545678,1.462658876930162e+18,nan,19.43772,1.0,2026-06-03,15
83816826,1.4670139612481165e+18,nan,19.4380838,3.0,2026-04-13,16
94889950,1.4628589200132997e+18,nan,19.4380121,2.0,2026-05-10,3
61653835,1.4667586386036383e+18,nan,19.415524,2.0,2025-08-13,2
16148871,1.4629798053263913e+18,nan,19.4374303,1.0,2026-06-07,13
72588766,1.4668962281187983e+18,nan,19.43031830852784,2.0,2026-05-17,4
3919211,1.462532572654125e+18,nan,19.43081,2.0,2026-05-31,39
27841247,1.4654108845627377e+18,nan,19.43678,1.0,2026-02-21,1
30026600,1.46265012994906e+18,nan,19.43712,1.0,2026-03-16,9
187641129,1.4630911829533504e+18,nan,19.43262427613749,2.0,2026-05-30,4
139011955,1.682291933709386e+18,nan,19.4355942,1.0,2026-06-02,10
187480022,1.463090792063425e+18,nan,19.431697694735263,1.0,2026-06-05,10
38177706,1.4655713428983944e+18,nan,19.43445,2.0,2026-06-09,4
453185929,1.470039406389367e+18,nan,19.4039347,2.0,2026-05-31,1
141557915,1.462965227104143e+18,nan,19.43577,3.0,2026-01-04,8
55157241,1.4659041961512366e+18,nan,19.44266,2.0,2026-05-17,14
5424904,1.4626805232846702e+18,nan,19.42798,2.0,2025-12-14,2
13005810,1.4629008274610673e+18,nan,19.4020994,2.0,nan,0
46655820,1.4627041428591752e+18,nan,19.43399,2.0,2026-06-01,37
741455649,1.6029934624239188e+18,nan,19.4374624,2.0,2026-06-11,3
103125792,1.4672382197889124e+18,nan,19.4107975,7.0,2025-01-05,0
1690965000555587639,1.690966078588011e+18,nan,19.4339834,2.0,2026-06-12,3
714317485,1.4909510261796797e+18,nan,19.431071391514163,1.0,2026-05-30,2
515240052,1.4703177123134333e+18,nan,19.43050201555818,1.0,2026-05-25,4
4297862,1.462653003238064e+18,nan,19.43072,1.0,2026-06-12,14
446070290,1.4700096552676844e+18,nan,19.4444688,2.0,2025-11-20,4
302431514,1.4695500943910239e+18,nan,19.43289,3.0,2026-05-25,30
90542552,1.4628491477248328e+18,nan,19.43448,2.0,2026-02-23,6
302431514,1.4695500943910239e+18,nan,19.4283931,3.0,2026-05-27,32
35255741,1.4626680906639173e+18,nan,19.4364495,1.0,2026-05-31,19
355750680,1.4697104056881247e+18,nan,19.4239305,2.0,2026-02-25,1
16148871,1.4629798053263913e+18,nan,19.4292875,1.0,2026-06-12,116
94889950,1.4628589200132997e+18,nan,19.4304778,2.0,2026-06-10,21
91265490,1.4628507952918508e+18,nan,19.40117,1.0,2026-06-09,16
3047298,1.4625277397218537e+18,nan,19.4352,1.0,2026-05-19,23
686577240,1.4707137350203238e+18,nan,19.402671608106296,1.0,2026-05-25,5
48626499,1.4657369832281439e+18,nan,19.4103973,1.0,2026-04-17,8
17228147,1.4626014584631299e+18,nan,19.3999246,1.0,2026-06-04,25
13043415,1.462584826770362e+18,nan,19.399145402635902,1.0,2026-06-03,61
50694473,1.4657777819312737e+18,nan,19.44414,2.0,2026-05-10,7
56940938,1.4627358734142254e+18,nan,19.39975,1.0,2026-04-23,17
91265490,1.4628507952918508e+18,nan,19.43397,1.0,2026-06-14,41
227826265,1.474321237100963e+18,nan,19.43556,1.0,2026-05-11,5
91265490,1.4628507952918508e+18,nan,19.43414,1.0,2026-06-05,70
706104175,1.4707528914422892e+18,nan,19.4237427,1.0,2026-05-11,5
22315817,1.463176839633618e+18,nan,19.4138566,3.0,2026-06-09,40
385007514,1.4697906395785439e+18,nan,19.43446,1.0,2026-05-31,18
369403303,1.469746321357399e+18,nan,19.436575725923078,1.0,2026-06-07,32
91265490,1.4628507952918508e+18,nan,19.434,1.0,2026-05-18,33
250181130,1.4632986684266831e+18,nan,19.41101732731424,2.0,2025-03-31,0
727873515,1.548705717736418e+18,nan,19.4378395,1.0,2026-06-10,30
106851340,1.467295428992972e+18,nan,19.43786,2.0,2026-05-11,7
212084967,1.46910747325237e+18,nan,19.43492,2.0,2026-06-03,3
130069372,1.6457875855619182e+18,nan,19.423099090164904,2.0,nan,0
522066292,1.4703490119457283e+18,nan,19.40005,1.0,2024-04-25,0
541272314,1.470425545096367e+18,nan,19.4336795,1.0,2026-05-30,38
340510425,1.469666403118633e+18,nan,19.43613,2.0,2026-05-27,8
2178728,1.4625883990090358e+18,nan,19.415303116542724,1.0,2026-05-22,17
66522047,1.466821967464911e+18,nan,19.40521,1.0,2026-05-16,5
3196723,1.462622368575073e+18,nan,19.42475,1.0,nan,0
72969330,1.4628093834673462e+18,nan,19.42090508996717,1.0,2026-01-29,29
72933799,1.4668999904289042e+18,nan,19.4141201,2.0,2026-05-31,46
148416075,1.468453513860843e+18,nan,19.43790709656115,2.0,2026-06-13,8
192477907,1.4631026976081114e+18,nan,19.4337253,2.0,2026-05-22,30
91265490,1.4628507952918508e+18,nan,19.4344,1.0,nan,0
541272314,1.470425545096367e+18,nan,19.4336795,1.0,2026-05-20,33
65155381,1.4627684238869878e+18,nan,19.43469,1.0,2026-05-30,51
121395047,1.4682331261943985e+18,nan,19.4007,14.0,2026-05-24,7
208127004,1.4631577528063421e+18,nan,19.414056405249816,2.0,2026-05-11,15
726587923,1.54318054759108e+18,nan,19.402388371186547,1.0,2026-06-10,35
7799414,1.462741519465334e+18,nan,19.4037919,1.0,2026-05-16,12
46498758,1.4627036046339566e+18,nan,19.408197861912846,1.0,2026-06-12,9
114030490,1.4681762175383662e+18,nan,19.43201900316948,1.0,2026-05-30,51
18355259,1.4630525962712136e+18,nan,19.4282334,14.0,2026-05-02,2
689275866,1.4707195934198336e+18,nan,19.43054,1.0,nan,0
519988973,1.470339749297892e+18,nan,19.4378532,4.0,2026-05-11,13
40613074,1.4656050552479073e+18,nan,19.43936789665197,3.0,2026-04-25,11
139314505,1.468381048552355e+18,nan,19.43901,2.0,2026-05-05,26
669724341,1.4706794267029176e+18,nan,19.4328,1.0,2025-09-17,1
147626655,1.468447339134197e+18,nan,19.42815,3.0,2021-11-14,0
285087802,1.4694916808857572e+18,nan,19.396841924712334,1.0,2026-05-30,8
66583431,1.4668226473241055e+18,nan,19.4152366,2.0,2026-05-17,4
17179386,1.4626012708839086e+18,nan,19.43604,1.0,2026-06-07,26
107826964,1.4673064852489836e+18,nan,19.41381109727226,2.0,2026-06-02,14
38925581,1.4655815016911124e+18,nan,19.43431,4.0,2025-12-17,1
546373835,1.4704454317492918e+18,nan,19.430314706777292,1.0,2024-09-16,0
302431514,1.4695500943910239e+18,nan,19.3926831,1.0,2026-05-25,7
93885284,1.4628566891737075e+18,nan,19.43111,2.0,2026-03-03,2
13349759,1.4629092116902141e+18,nan,19.401785505420555,2.0,2026-04-23,6
61030249,1.4667512998774354e+18,nan,19.4347627,1.0,2026-03-22,21
5036713,1.4626713041793116e+18,nan,19.40503,1.0,nan,0
498701635,1.47024317220322e+18,nan,19.4352059,2.0,2025-08-17,3
498701635,1.47024317220322e+18,nan,19.4352059,2.0,2026-03-05,1
91265490,1.4628507952918508e+18,nan,19.40061,1.0,2025-12-27,28
1514999,1.4625185851610358e+18,nan,19.41856087528205,2.0,2026-05-31,21
517725875,1.4703293048950292e+18,nan,19.41597,1.0,2026-04-25,23
333035396,1.4696421700786975e+18,nan,19.41249,1.0,2026-05-28,54
112580335,1.4673590077310377e+18,nan,19.415568063275558,1.0,2026-05-16,14
245618000,1.469303049838667e+18,nan,19.412535,1.0,2026-05-22,37
683545871,1.47070743653168e+18,nan,19.4148081,1.0,2026-05-31,1
367124945,1.469740245195708e+18,nan,19.410943,2.0,2026-05-03,18
16174345,1.462980380572449e+18,nan,19.422019595167104,1.0,2026-06-14,42
451100987,1.4700310648620175e+18,nan,19.41401,1.0,2022-08-28,0
187855337,1.4689730167748506e+18,nan,19.40764,1.0,2026-05-29,40
56919106,1.46593042366717e+18,nan,19.43301,1.0,2026-06-03,12
301428049,1.4695459139578565e+18,nan,19.418159,1.0,2026-01-31,5
5126969,1.4625390607403942e+18,nan,19.41885708748621,1.0,2026-05-03,32
94889950,1.4628589200132997e+18,nan,19.4414677,2.0,2026-05-03,12
213646258,1.469117151381563e+18,nan,19.4218,3.0,2026-05-10,17
359265212,1.4697199860406103e+18,nan,19.4099235534668,1.0,2026-06-14,91
687634099,1.4707159395437865e+18,nan,19.4228126,1.0,2026-06-07,9
57676637,1.4666914917043922e+18,nan,19.41814935859592,1.0,2026-06-14,39
50002951,1.4657641111229788e+18,nan,19.43442,2.0,nan,0
354583163,1.4697086076319432e+18,nan,19.43009,1.0,2026-06-05,29
101953877,1.4672234194680274e+18,nan,19.40942,1.0,2026-05-22,63
88315276,1.467060710892947e+18,nan,19.41008208668356,1.0,2026-05-30,65
458459262,1.470064259754206e+18,nan,19.42431,2.0,2026-04-03,25
584326251,1.4705976748507277e+18,nan,19.42874596822428,1.0,2026-05-29,62
23021265,1.462623563543943e+18,nan,19.40855,1.0,2025-12-20,4
694281862,1.4707300511741893e+18,nan,19.4062732,1.0,2025-12-14,13
143960859,1.46841797653441e+18,nan,19.4277677,1.0,2026-06-01,10
33829292,1.4654945705426573e+18,nan,19.41092,1.0,nan,0
2281290,1.4625232866061222e+18,nan,19.42613,1.0,2026-06-06,26
731698857,1.64373496345696e+18,nan,19.41598,1.0,2026-06-14,15
678471432,1.4706972782145436e+18,nan,19.4206748,1.0,2026-06-07,11
485072430,1.470183675694824e+18,nan,19.43708,1.0,nan,0
452306427,1.4700359009587354e+18,nan,19.4065073,1.0,2026-06-09,6
91381792,1.462851056020773e+18,nan,19.432081,1.0,2026-01-30,14
93182531,1.46285516959723e+18,nan,19.41687174817684,1.0,2026-04-28,20
140804959,1.468392382360695e+18,nan,19.42938,2.0,2026-05-30,21
48110345,1.4627087746098353e+18,nan,19.4230604,2.0,2026-05-31,55
480716713,1.470165086912868e+18,nan,19.4140893,1.0,2025-10-30,7
95192561,1.474921459927695e+18,nan,19.42392,1.0,2026-05-21,25
454330571,1.4700440667530166e+18,nan,19.4253891,2.0,2026-06-06,37
498701635,1.47024317220322e+18,nan,19.4055875,2.0,nan,0
175843581,1.4687046718516344e+18,nan,19.41674,2.0,2021-06-05,0
16148871,1.4629798053263913e+18,nan,19.4180224,1.0,2026-06-02,90
469527331,1.4637775913061816e+18,nan,19.41669,1.0,2026-05-18,38
749243315,1.6329262473091108e+18,nan,19.41352082020854,1.0,2026-06-12,7
312050625,1.4634361769781379e+18,nan,19.40758,1.0,2026-05-05,24
318396398,1.469602289956788e+18,nan,19.41019877114524,1.0,2024-02-25,0
104953556,1.4628826920219569e+18,nan,19.4151062,1.0,2026-05-04,2
503108078,1.4702619388143094e+18,nan,19.4144032,1.0,2026-03-10,10
46498758,1.4627036046339566e+18,nan,19.4159502,1.0,2026-06-14,14
1421181,1.4625179613928325e+18,nan,19.4073521,2.0,2024-10-12,0
14852202,1.4625918662728576e+18,nan,19.42021378357184,2.0,2026-05-26,1
147991285,1.4684502079773578e+18,nan,19.41515,2.0,2024-08-22,0
333035396,1.4696421700786975e+18,nan,19.40948,1.0,2026-06-08,54
742894831,1.6082634836913329e+18,nan,19.4219577,1.0,2026-06-14,17
5755202,1.4625421823285827e+18,nan,19.42804,2.0,2026-05-09,12
431026841,1.463683992041686e+18,nan,19.4287835,2.0,nan,0
539407308,1.4704182740308032e+18,nan,19.4318432,1.0,2026-05-10,4
404092674,1.463623234223642e+18,nan,19.42120551844028,1.0,2026-05-09,81
159801209,1.4630066272024346e+18,nan,19.42038,1.0,2026-06-05,30
498701635,1.47024317220322e+18,nan,19.4055875,2.0,nan,0
61397008,1.4667555575804314e+18,nan,19.4168331,1.0,nan,0
464148378,1.470091529421077e+18,nan,19.42962,2.0,2026-05-25,19
209997109,1.4690956569701545e+18,nan,19.41858,1.0,2026-04-10,1
40243564,1.4656001236647895e+18,nan,19.43314,2.0,2026-06-12,28
12266166,1.4628838291931036e+18,nan,19.43083,1.0,2026-06-05,79
86379397,1.4670394601681585e+18,nan,19.42679,2.0,2026-06-12,43
117372120,1.5341786782973816e+18,nan,19.43728665925444,1.0,nan,0
285015196,1.4694913643716867e+18,nan,19.4130337,1.0,2026-05-27,34
171895,1.688627818563865e+18,nan,19.43584,1.0,nan,0
702085373,1.4707457297752202e+18,nan,19.4685205,2.0,2025-11-16,1
225934240,1.4632216045474706e+18,nan,19.42767,1.0,2024-09-23,0
44110125,1.465655218830957e+18,nan,19.4209868,1.0,2026-04-21,1
3733602,1.6982889618305364e+18,nan,19.435640383954198,3.0,nan,0
102285417,1.46722746246788e+18,nan,19.40326454189905,5.0,nan,0
547379024,1.4704492415466573e+18,nan,19.40786,1.0,2026-05-28,1
205133722,1.4690700648921784e+18,nan,19.3214809792802,1.0,nan,0
152651388,1.4684971821116646e+18,nan,19.4014055,2.0,2026-05-30,8
142524406,1.4684070068412636e+18,nan,19.40148,3.0,2026-05-11,13
72933799,1.4668999904289042e+18,nan,19.41326,2.0,2026-05-30,15
1692922473449630756,1.6929225574165153e+18,nan,19.3974696,1.0,nan,0
348389387,1.4696919313406205e+18,nan,19.47762,1.0,2026-05-31,40
52698856,1.462723774162942e+18,nan,19.33845,1.0,nan,0
363190266,1.6371463715100035e+18,nan,19.450306349976188,1.0,nan,0
542732012,1.4704313275516767e+18,nan,19.44792,1.0,2026-05-30,4
68572018,1.4668472170903634e+18,nan,19.2924112,30.0,nan,0
278986673,1.4694689706425106e+18,nan,19.45361,3.0,2025-11-28,1
358957622,1.4697191790453765e+18,nan,19.42888,1.0,2026-06-03,119
84070137,1.4670164447373512e+18,nan,19.41392658656162,1.0,2026-01-25,9
119965661,1.4682217376849244e+18,nan,19.42849,2.0,2025-11-01,1
23468816,1.4626253933020677e+18,nan,19.41473,1.0,2026-04-13,17
17493758,1.462602608736495e+18,nan,19.43638,1.0,2026-06-08,36
346898763,1.463497344384113e+18,nan,19.43298431397923,1.0,2026-01-18,14
42620139,1.4656332635800253e+18,nan,19.4278897,1.0,nan,0
735267088,1.581472193283445e+18,nan,19.32022,1.0,nan,0
21386144,1.4626170051414129e+18,nan,19.399645964732606,3.0,nan,0
551271684,1.6175475209450373e+18,nan,19.38832,2.0,2026-04-10,1
439147633,1.4699835901337976e+18,nan,19.42864,1.0,2022-12-30,0
372303869,1.5681099813258097e+18,nan,19.44431732342871,4.0,nan,0
700323428,1.4707423201761938e+18,nan,19.4331987,1.0,2026-05-28,14
567772105,1.470526512602177e+18,nan,19.3929505,7.0,nan,0
68591071,1.4627879682119373e+18,nan,19.38849,3.0,2022-10-31,0
2337914,1.462592400088996e+18,nan,19.421149274978028,3.0,2023-02-25,0
524318981,1.470358788709583e+18,nan,19.41832,7.0,nan,0
55208781,1.4659051364746875e+18,nan,19.3945,14.0,2026-03-31,6
278565343,1.4770168951610304e+18,nan,19.44061,1.0,2026-06-13,12
163707859,1.463027142875842e+18,nan,19.41243,2.0,2025-12-23,2
56460981,1.465923982259935e+18,nan,19.41307,2.0,2026-06-08,16
344303631,1.469679693690019e+18,nan,19.4123465,1.0,2026-05-26,23
23407363,1.4652728889501358e+18,nan,19.424761467093635,1.0,2026-05-31,64
408627428,1.469866605280416e+18,nan,19.4263567,1.0,2026-06-10,35
346898763,1.463497344384113e+18,nan,19.43207,1.0,2026-05-10,15
431487549,1.463685413044872e+18,nan,19.40942118167017,1.0,2026-05-31,40
752394553,1.6451900300763407e+18,nan,19.430480317128232,1.0,nan,0
23468816,1.4626253933020677e+18,nan,19.40367,1.0,2026-06-06,3
5126969,1.4625390607403942e+18,nan,19.44424,1.0,2026-05-31,29
177436632,1.468717553926815e+18,nan,19.4290318,1.0,2026-05-31,30
538905152,1.4704163496536468e+18,nan,19.4637391,15.0,nan,0
12908766,1.4628984991842767e+18,nan,19.4172591,1.0,nan,0
140293987,1.4683885058906496e+18,nan,19.4274,2.0,2026-05-31,9
264099579,1.4693969567722112e+18,nan,19.2129,1.0,2026-05-31,10
106732364,1.4672940507547218e+18,nan,19.4337729,1.0,2026-06-05,52
4123262,1.4626480042020127e+18,nan,19.43972176105561,1.0,2026-06-08,25
147983518,1.4850658759107046e+18,nan,19.4388137,2.0,2026-02-28,6
127233194,1.4682794946221064e+18,nan,19.43751,1.0,2026-05-16,33
430486630,1.4699496772521014e+18,nan,19.30090067217627,1.0,nan,0
455566463,1.4700498319687741e+18,nan,19.4166878,2.0,nan,0
159787885,1.4685548015645048e+18,nan,19.3002537,1.0,nan,0
34599331,1.4626658591122972e+18,nan,19.41209,1.0,2020-02-02,0
18420925,1.463053937002238e+18,nan,19.43768,1.0,2026-06-11,2
274802529,1.529328050061201e+18,nan,19.42079,1.0,2025-12-23,2
484015207,1.470179198554408e+18,nan,19.4355991,1.0,2025-12-21,1
208015912,1.4690851243258125e+18,nan,19.29603,1.0,2026-06-12,2
652245770,1.4706403746774574e+18,nan,19.3113506,1.0,2026-05-29,33
71483193,1.4627951260956134e+18,nan,19.47816,1.0,2026-05-31,4
387158044,1.6030315583395072e+18,nan,19.3131824,1.0,nan,0
387839162,1.4697997120111255e+18,nan,19.40961633908832,1.0,nan,0
201869594,1.6350812092087693e+18,nan,19.300188125616195,2.0,nan,0
365317802,1.4697353570503496e+18,nan,19.42887,1.0,2026-03-28,9
546479607,1.470445815436993e+18,nan,19.42618671197267,1.0,2026-05-31,79
157291355,1.468533767959279e+18,nan,19.4146547,1.0,2026-02-15,13
401594530,1.6384218677680274e+18,nan,19.42127,1.0,2026-06-06,10
64059986,1.4667905417250002e+18,nan,19.40727,2.0,nan,0
263742098,1.4693949376530606e+18,nan,19.4265318846376,1.0,2026-04-21,30
83955839,1.70471678886712e+18,nan,19.4353,2.0,nan,0
338533246,1.689463324871819e+18,nan,19.43671532875596,1.0,nan,0
700323428,1.4707423201761938e+18,nan,19.43216,1.0,2026-05-10,4
25749855,1.4653498639560614e+18,nan,19.40392,10.0,2026-06-02,1
687634099,1.4707159395437865e+18,nan,19.4157502,1.0,2026-05-28,1
15219834,1.4629571393135368e+18,nan,19.43869,2.0,2026-06-04,40
189582097,1.4689831847023163e+18,nan,19.42927,2.0,2026-05-11,22
22718304,1.4631866173120576e+18,nan,19.43208,1.0,2026-06-11,55
51025387,1.4627184190348063e+18,nan,19.41772,1.0,2023-06-04,0
462383500,1.4700832232620216e+18,nan,19.4112624,2.0,2023-08-27,0
128481232,1.4682898570701606e+18,nan,19.30495,1.0,2026-03-29,1
486015169,1.4701877589952072e+18,nan,19.4151605,1.0,nan,0
566980923,1.64451432471319e+18,nan,19.409129627934625,1.0,2026-05-29,8
661567996,1.6567433255939594e+18,nan,19.312461295237508,1.0,nan,0
1699731406747031088,1.6997377131371505e+18,nan,19.30142,2.0,nan,0
487725046,1.4701949935340273e+18,nan,19.4056049,1.0,nan,0
468361945,1.470111787074671e+18,nan,19.4288849,2.0,2026-05-10,35
414972989,1.4636458829417303e+18,nan,19.29612,1.0,nan,0
34037742,1.4654974170511892e+18,nan,19.41908,1.0,2026-05-28,39
30794501,1.4654534229983808e+18,nan,19.29773,3.0,nan,0
447270714,1.4637240941745956e+18,nan,19.40817,1.0,2026-05-31,2
420000911,1.46990738646499e+18,nan,19.3602,1.0,2026-03-03,3
559893601,1.4705023402632223e+18,nan,19.4081987,1.0,2026-05-29,58
247729116,1.4632919630426609e+18,nan,19.292261,1.0,2026-06-10,41
111463742,1.4628988427374446e+18,nan,19.41506,4.0,2026-05-31,19
130054937,1.4683036921964498e+18,nan,19.422097179339573,2.0,2026-02-23,17
483067335,1.4701751277058092e+18,nan,19.3512475,2.0,nan,0
239794839,1.463271544761061e+18,nan,19.35365871752904,1.0,2024-10-19,0
155020568,1.4685161929466289e+18,nan,19.4055875,1.0,2026-06-12,2
5697443,1.4626871504864637e+18,nan,19.40508,3.0,nan,0
18062302,1.4626047253638968e+18,nan,19.30432,2.0,2026-03-01,3
694281862,1.4707300511741893e+18,nan,19.4062732,1.0,nan,0
4952759,1.4626692387599465e+18,nan,19.378436242286035,1.0,nan,0
10764020,1.4625757179326413e+18,nan,19.4133514,1.0,2026-06-03,3
329615350,1.4696322165600248e+18,nan,19.419041269983047,1.0,2026-05-28,19
404983209,1.4698539272472397e+18,nan,19.28995,1.0,2026-05-29,21
64790559,1.6814263040414208e+18,nan,19.4153,3.0,nan,0
91800650,1.4671090674295785e+18,nan,19.280889276084636,1.0,nan,0
113139883,1.462902481359021e+18,nan,19.27984,1.0,2026-05-30,21
255989344,1.463312816988332e+18,nan,19.4155646,1.0,2026-05-11,12
168010575,1.468625222611653e+18,nan,19.435359269925247,1.0,2026-05-19,37
15219834,1.4629571393135368e+18,nan,19.4053,1.0,2024-06-28,0
66125707,1.4668174439580506e+18,nan,19.41376,1.0,nan,0
51187314,1.4627189516873797e+18,nan,19.43639,1.0,2026-06-01,96
676885108,1.4706938690152233e+18,nan,19.408742799679267,1.0,2026-05-28,2
28585930,1.5126914179100247e+18,nan,19.41197,2.0,2026-05-27,7
362936865,1.4697288754024957e+18,nan,19.43566447426525,1.0,2026-06-01,26
220958128,1.4691670724507185e+18,nan,19.44347,4.0,2026-05-01,3
418694430,1.4699023161873075e+18,nan,19.38393740457641,1.0,nan,0
283116598,1.4694844850000264e+18,nan,19.2853872895257,1.0,2025-01-30,0
2547499,1.4625248688361838e+18,nan,19.43784,1.0,2026-06-12,81
1674880336142478572,1.674881549897511e+18,nan,19.4283667,1.0,nan,0
1684962215703692035,1.6849648788182433e+18,nan,19.315974162752006,1.0,nan,0
661238399,1.4706600938566408e+18,nan,19.445488909966805,1.0,2026-05-29,18
43301845,1.465643015235406e+18,nan,19.432774,2.0,2026-05-25,9
447270714,1.4637240941745956e+18,nan,19.40494672419946,1.0,2026-05-10,4
83576000,1.467011514092801e+18,nan,19.35951,2.0,2023-09-27,0
595299279,1.7072647731380918e+18,nan,19.44267,1.0,nan,0
29961344,1.4654414064611197e+18,nan,19.42193,2.0,nan,0
518746644,1.4703341319118848e+18,nan,19.4478113,2.0,2026-05-15,9
18013376,1.4626045448555763e+18,nan,19.39969,3.0,nan,0
167075131,1.4686183287580134e+18,nan,19.315404741323945,2.0,2026-03-29,9
180824479,1.468745384874109e+18,nan,19.40122,7.0,nan,0
2337914,1.462592400088996e+18,nan,19.43035,3.0,nan,0
1695213464604814924,1.695213552295805e+18,nan,19.43253305103573,1.0,2026-06-13,2
523766032,1.4703563883659292e+18,nan,19.4102069,3.0,2026-06-14,19
136423189,1.5225371877695332e+18,nan,19.2869478,1.0,nan,0
358250534,1.469717485799219e+18,nan,19.40428,2.0,2026-05-17,21
299351097,1.487962084846426e+18,nan,19.433412712694576,1.0,nan,0
363336647,1.6980346205838986e+18,nan,19.2844181,1.0,nan,0
70075729,1.683491789593072e+18,nan,19.282783741044646,1.0,nan,0
717441190,1.5038495963701783e+18,nan,19.4040595,1.0,2026-06-13,2
13321914,1.4629085618203182e+18,nan,19.4317387,1.0,2026-06-12,17
545911546,1.4704436430414787e+18,nan,19.46394889443387,2.0,2025-11-15,5
141007769,1.622522664839964e+18,nan,19.2736581,1.0,2026-03-15,1
162940923,1.4685857033934367e+18,nan,19.40344,1.0,2026-05-31,40
13226879,1.4629062557151183e+18,nan,19.42969,5.0,2026-01-08,3
103681575,1.4628793143785444e+18,nan,19.4314846,1.0,2026-05-11,13
389990150,1.4698063045688532e+18,nan,19.42828,1.0,2023-02-26,0
33078207,1.465484357538791e+18,nan,19.411243587643064,2.0,2026-05-24,38
439147633,1.4699835901337976e+18,nan,19.4275,1.0,2024-06-10,0
151017996,1.4684840786713021e+18,nan,19.43246,2.0,2025-11-29,2
501218890,1.4702539610566026e+18,nan,19.42773,1.0,2026-05-28,15
413492080,1.4636429376581704e+18,nan,19.40044,1.0,2025-11-26,5
492843327,1.7001388687505357e+18,nan,19.307285588076464,2.0,nan,0
28587752,1.4654219533086564e+18,nan,19.40077,2.0,2025-09-22,1
376768668,1.538404656930289e+18,nan,19.4308854,2.0,nan,0
43786587,1.462694883787775e+18,nan,19.4227502,1.0,2026-06-02,1
264515826,1.4693992997806656e+18,nan,19.43768,1.0,2025-12-22,1
42436205,1.4656309244042913e+18,nan,19.4027032,2.0,2026-06-12,6
91265490,1.4628507952918508e+18,nan,19.39964,1.0,2025-04-23,0
355750680,1.4697104056881247e+18,nan,19.3984559,2.0,2026-06-04,18
64587399,1.4667986580698573e+18,nan,19.4229933,3.0,2020-02-07,0
130096379,1.468304068017351e+18,nan,19.43614,1.0,2026-06-03,80
83763891,1.462834224532338e+18,nan,19.4366722,1.0,2026-05-17,1
156071332,1.462997428811896e+18,nan,19.4291128,1.0,2026-05-10,8
19336959,1.463076470791881e+18,nan,19.373885862702267,1.0,2025-11-04,11
585662267,1.470601409373749e+18,nan,19.4280713,1.0,2026-06-05,14
741446216,1.6029685166199662e+18,nan,19.4312718,2.0,nan,0
495721004,1.6842945377113219e+18,nan,19.3086516,1.0,nan,0
495047012,1.470228254256143e+18,nan,19.40496,1.0,2026-03-16,3
304596097,1.469559988405779e+18,nan,19.28572,7.0,nan,0
704239079,1.4707494595111662e+18,nan,19.23255,1.0,nan,0
316154540,1.6885641180369833e+18,nan,19.4207973,1.0,nan,0
65155381,1.4627684238869878e+18,nan,19.43306,1.0,2026-05-30,76
172003772,1.463055784768586e+18,nan,19.41616,5.0,2024-03-29,0
92535232,1.467118530232381e+18,nan,19.43164247421789,2.0,nan,0
140028854,1.462961936847719e+18,nan,19.414445149760315,2.0,2026-05-13,33
23468816,1.4626253933020677e+18,nan,19.4148557,1.0,nan,0
358250534,1.469717485799219e+18,nan,19.43872,1.0,2026-05-30,3
358250534,1.469717485799219e+18,nan,19.43745,1.0,2026-05-31,3
33752359,1.4654934527390292e+18,nan,19.42005,1.0,2026-04-22,5
596224948,1.4706272403378988e+18,nan,19.30181,1.0,nan,0
6463513,1.4627070637941384e+18,nan,19.4128155,3.0,nan,0
125511097,1.4682650288972096e+18,nan,19.27801847874055,2.0,nan,0
571653984,1.4705493270134042e+18,nan,19.38328,1.0,nan,0
71962148,1.4627963549022415e+18,nan,19.445027320289284,5.0,2024-03-08,0
16148871,1.4629798053263913e+18,nan,19.4262259,1.0,2026-06-13,211
282436180,1.4633770113511939e+18,nan,19.45267,1.0,2026-02-23,1
75678304,1.4669294547362816e+18,nan,19.41246,1.0,2025-03-31,0
299551502,1.469539148425607e+18,nan,19.435136795043945,1.0,2025-03-16,0
222974538,1.4691814840860815e+18,nan,19.4310218,2.0,2026-05-30,43
263742098,1.4693949376530606e+18,nan,19.4265528,1.0,2026-05-13,22
367713552,1.4635408674264684e+18,nan,19.383763,1.0,2023-08-23,0
756048967,1.6596849846828946e+18,nan,19.3940564151384,1.0,nan,0
50756460,1.465779000976791e+18,nan,19.35631,2.0,nan,0
55026129,1.4659020417295276e+18,nan,19.36107,2.0,nan,0
79917416,1.6996216133961736e+18,nan,19.38564052171669,2.0,nan,0
10764020,1.4625757179326413e+18,nan,19.4149751,1.0,2026-05-03,12
742114334,1.605407575960887e+18,nan,19.2959,1.0,nan,0
36882079,1.4655493861649723e+18,nan,19.3202,1.0,nan,0
343317175,1.4696763310739812e+18,nan,19.46374,1.0,nan,0
750872325,1.6392715925835095e+18,nan,19.3771687,1.0,nan,0
106775703,1.4672945351143214e+18,nan,19.37238,1.0,nan,0
1701758226962704183,1.701759469290486e+18,nan,19.37502678532913,1.0,nan,0
520229029,1.4703408958730255e+18,nan,19.36877,1.0,2025-12-11,5
27841247,1.4654108845627377e+18,nan,19.41421,1.0,2026-02-15,1
1673610749826604846,1.6736237642702556e+18,nan,19.3718525,1.0,nan,0
420087812,1.4699077299300718e+18,nan,19.23818,2.0,2022-05-29,0
67194608,1.4668303065732306e+18,nan,19.37502116315342,2.0,2022-12-19,0
700594026,1.4698641803488195e+18,nan,19.26789,1.0,2026-02-15,2
580018334,1.4705855167089823e+18,nan,19.39264,1.0,2026-05-29,1
190296192,1.4630975073616353e+18,nan,19.42122392460093,25.0,2024-04-02,0
190296192,1.4630975073616353e+18,nan,19.42172,13.0,2026-04-25,1
155339583,1.4685186295066327e+18,nan,19.428880010620038,1.0,2026-04-04,20
547379024,1.4704492415466573e+18,nan,19.40786,1.0,nan,0
386441323,1.4697952051769615e+18,nan,19.43547,1.0,nan,0
580605160,1.4705872564276997e+18,nan,19.46967,1.0,2026-06-08,99
544105893,1.4704368321914212e+18,nan,19.45655,1.0,nan,0
30608938,1.465450439326515e+18,nan,19.35859,20.0,nan,0
365954577,1.469737096720172e+18,nan,19.42823,1.0,2026-06-08,20
367858852,1.644211417454131e+18,nan,19.27038,1.0,nan,0
27841247,1.4654108845627377e+18,nan,19.4384,1.0,2026-04-24,4
35300175,1.4626682371499528e+18,nan,19.4228,1.0,nan,0
15359500,1.4625937955104975e+18,nan,19.4298558,1.0,2026-05-19,49
150505212,1.4684800890385198e+18,nan,19.41816,3.0,2026-02-16,5
713176677,1.7012677758533665e+18,nan,19.24864504568037,1.0,nan,0
551584443,1.4704660139039014e+18,nan,19.33559,1.0,nan,0
16000069,1.4629757822857646e+18,nan,19.41614,3.0,2026-01-04,2
11978282,1.4625806829332037e+18,nan,19.407613180783024,1.0,nan,0
76924488,1.4669425866513467e+18,nan,19.26271,2.0,nan,0
261857354,1.463328946083264e+18,nan,19.4128743,1.0,2026-05-26,14
301428049,1.4695459139578565e+18,nan,19.41693,1.0,2025-09-14,1
391527450,1.4698108117431148e+18,nan,19.4337207,1.0,nan,0
569838375,1.4705328493825367e+18,nan,19.4315117,1.0,2026-05-24,31
492066501,1.470215619464121e+18,nan,19.426,1.0,2023-10-26,0
357701035,1.4697158038362514e+18,nan,19.42312,1.0,2025-12-07,2
130639325,1.4629409645485212e+18,nan,19.41512,2.0,2026-06-13,11
221470007,1.4632091159753408e+18,nan,19.426162364100392,1.0,2026-05-31,55
92721773,1.4671205081289787e+18,nan,19.419265992211457,2.0,2026-05-26,24
703177347,1.4707475979269688e+18,nan,19.42757,2.0,2026-06-01,31
42498458,1.5770622678866237e+18,nan,19.42623,2.0,nan,0
105748894,1.4672806591349704e+18,nan,19.42962765973046,2.0,2026-05-30,16
48819451,1.4657414854104812e+18,nan,19.4252799,2.0,2026-05-31,38
91265490,1.4628507952918508e+18,nan,19.4325,1.0,2026-06-14,82
190169087,1.5819787031605292e+18,nan,19.4331217,1.0,2026-06-12,3
131935733,1.4629439516277307e+18,nan,19.42234,1.0,2025-12-16,2
177436632,1.468717553926815e+18,nan,19.42987,1.0,2026-05-24,22
227930351,1.469214016948448e+18,nan,19.4251,1.0,2026-06-14,112
15359500,1.4625937955104975e+18,nan,19.4277736,1.0,2026-06-05,26
217805722,1.4691455281584865e+18,nan,19.4235568,1.0,2026-01-04,2
23468816,1.4626253933020677e+18,nan,19.42738,1.0,2026-06-01,9
23382111,1.465272540411874e+18,nan,19.42311,1.0,2026-06-05,27
131935733,1.4629439516277307e+18,nan,19.42108,1.0,2026-05-17,26
517725875,1.4703293048950292e+18,nan,19.4167031,1.0,2026-05-31,30
127205373,1.4682792703379167e+18,nan,19.41223,1.0,2024-11-02,0
9053332,1.4627937497400133e+18,nan,19.414658358552227,1.0,2026-04-27,20
169900101,1.4686424548150528e+18,nan,19.42905,2.0,2026-05-29,38
679965194,1.470700502083842e+18,nan,19.4318314,1.0,2026-01-02,4
541272314,1.470425545096367e+18,nan,19.428454,1.0,2026-06-12,157
679965194,1.470700502083842e+18,nan,19.4318314,1.0,nan,0
683755109,1.470707855940832e+18,nan,19.4238306,1.0,2026-05-11,9
30967222,1.465455898782697e+18,nan,19.4277,2.0,2026-06-01,51
23468816,1.4626253933020677e+18,nan,19.42976,1.0,2026-06-09,18
1663272362562971956,1.6632724482982433e+18,nan,19.4233333,1.0,2026-05-31,3
478992259,1.4701578579679283e+18,nan,19.41697060693127,2.0,2026-05-27,31
24749725,1.4653139285049556e+18,nan,19.41945,2.0,2026-04-19,16
197149380,1.469027753832771e+18,nan,19.42212,1.0,2026-05-17,22
747324294,1.6402640902462113e+18,nan,19.318527612052232,1.0,nan,0
582675510,1.5023798670963564e+18,nan,19.4196511,1.0,nan,0
431591745,1.6270478689133906e+18,nan,19.4173163,1.0,2026-06-07,15
161016544,1.4685665162896594e+18,nan,19.43425691657594,2.0,2026-06-05,31
110207357,1.4673330697404344e+18,nan,19.43637558151592,2.0,2026-06-08,54
123609459,1.462925236478644e+18,nan,19.31745,1.0,2021-08-19,0
64224272,1.466792937146978e+18,nan,19.434257,2.0,2026-06-08,49
21063880,1.4631457169808538e+18,nan,19.41598,2.0,2026-05-24,23
50305161,1.4627159574618993e+18,nan,19.43639946,2.0,2026-06-04,47
18420925,1.463053937002238e+18,nan,19.4367206,1.0,2026-06-11,16
193410880,1.469006531626156e+18,nan,19.43476,1.0,2026-06-14,21
465415314,1.47009767932692e+18,nan,19.42738,2.0,2026-05-09,16
51440298,1.4658041922994578e+18,nan,19.419703455364807,1.0,nan,0
506415155,1.6261249213408707e+18,nan,19.437198,1.0,2026-06-11,5
408076348,1.4879712631227466e+18,nan,19.4199746,1.0,nan,0
478836566,1.4701572140046106e+18,nan,19.421939,2.0,2026-06-09,41
546931690,1.470447603279275e+18,nan,19.4275035,1.0,2025-12-30,15
110207357,1.4673330697404344e+18,nan,19.43651580810547,2.0,2026-06-13,47
192477907,1.4631026976081114e+18,nan,19.437198,2.0,2026-05-07,2
67345658,1.6285789520844462e+18,nan,19.438694671982823,1.0,2026-06-01,17
403856807,1.4698500778444014e+18,nan,19.4307831,1.0,2026-06-04,5
515054008,1.4703169068607654e+18,nan,19.41735208833623,1.0,2026-03-04,15
23468816,1.4626253933020677e+18,nan,19.42134,1.0,2026-05-11,38
1684237530207168993,1.6843471676903775e+18,nan,19.4249386,1.0,nan,0
40272803,1.4656004909865894e+18,nan,19.4211038,2.0,2025-05-19,0
515054008,1.4703169068607654e+18,nan,19.416196859863007,1.0,2026-06-10,22
172389290,1.635808178792585e+18,nan,19.4385591,1.0,2026-05-31,6
3919211,1.462532572654125e+18,nan,19.439951977050622,2.0,nan,0
480222039,1.4701629888645906e+18,nan,19.420421964759026,2.0,2026-05-21,19
16148871,1.4629798053263913e+18,nan,19.4328758,1.0,nan,0
34213141,1.462664573025247e+18,nan,19.42089,1.0,2026-05-29,52
726565274,1.6495918748411336e+18,nan,19.430179815219592,2.0,nan,0
244155129,1.6312815832561265e+18,nan,19.4400422,1.0,2026-06-06,12
47517288,1.4627069115397368e+18,nan,19.4253,2.0,2026-05-07,16
79911918,1.4669752199706424e+18,nan,19.43219640235207,1.0,2026-05-17,54
96211594,1.4628619529884362e+18,nan,19.4244,1.0,2026-05-02,4
510556651,1.46386111131465e+18,nan,19.4233356,1.0,2026-05-11,18
81948064,1.476331625181815e+18,nan,19.423553,2.0,2026-06-14,20
150118484,1.4629841114633236e+18,nan,19.4204,1.0,2026-05-31,31
1140427,1.4625380539648276e+18,nan,19.41994,2.0,2026-05-28,37
106278810,1.4672888695922007e+18,nan,19.425905555779284,1.0,2026-05-31,41
10764020,1.4625757179326413e+18,nan,19.415838827225112,1.0,2026-06-08,30
408627428,1.469866605280416e+18,nan,19.4365484,1.0,2026-06-06,19
671935678,1.4706838249805368e+18,nan,19.43899,1.0,nan,0
407989141,1.4698642352330322e+18,nan,19.4149512,2.0,2026-06-12,27
67472234,1.4668337342478866e+18,nan,19.438027,2.0,2026-05-11,17
340120411,1.4696648753439383e+18,nan,19.4347642,1.0,2026-06-09,62
49585733,1.465757364210325e+18,nan,19.434103336287546,1.0,2026-06-15,40
6522855,1.462545998824031e+18,nan,19.427989093925905,1.0,2026-04-28,15
49585733,1.465757364210325e+18,nan,19.434021182747863,1.0,2026-06-11,24
24124081,1.4652834541366428e+18,nan,19.428,1.0,2026-05-11,1
104953556,1.4628826920219569e+18,nan,19.437198,1.0,2026-06-07,6
207658931,1.4631567511601272e+18,nan,19.4336999,2.0,2026-04-06,11
569838375,1.4705328493825367e+18,nan,19.4315117,1.0,2026-06-07,34
84034560,1.4670161181338657e+18,nan,19.43346762345134,2.0,nan,0
307888271,1.4695708444625992e+18,nan,19.41745,3.0,2026-05-31,40
16148871,1.4629798053263913e+18,nan,19.4371989,1.0,nan,0
447462835,1.4700150180231741e+18,nan,19.4278301,1.0,2026-06-14,35
91265490,1.4628507952918508e+18,nan,19.43264,1.0,2026-06-09,32
190466951,1.4689887309114875e+18,nan,19.43035,3.0,2026-05-29,31
113825849,1.4629038889882043e+18,nan,19.44636,3.0,2025-12-21,5
57311826,1.46593734520927e+18,nan,19.4051142,3.0,2026-05-26,40
575443118,1.470571871927353e+18,nan,19.404407181840217,2.0,2026-05-31,7
70270847,1.4668698584298038e+18,nan,19.41795,4.0,2026-05-31,29
144655227,1.462971770712114e+18,nan,19.40193,1.0,2026-05-26,5
276418505,1.4694575700820157e+18,nan,19.404641549570258,3.0,2026-02-22,2
302431514,1.4695500943910239e+18,nan,19.423584249366822,2.0,2026-05-31,37
541263158,1.4704255093028244e+18,nan,19.40859,1.0,2026-06-12,46
2543963,1.4625248492824722e+18,nan,19.41948447981214,1.0,2026-05-28,13
16148871,1.4629798053263913e+18,nan,19.4366285,1.0,2026-05-17,22
93182531,1.46285516959723e+18,nan,19.43671,2.0,2026-04-08,2
4093881,1.4626472281578808e+18,nan,19.431456313259037,4.0,2026-02-07,2
377130552,1.4697694504465213e+18,nan,19.443807606500272,2.0,nan,0
541272314,1.470425545096367e+18,nan,19.428454,1.0,2026-06-01,100
520584992,1.4703424203455916e+18,nan,19.4358497,2.0,2026-05-31,19
437776502,1.6966424112525082e+18,nan,19.425184219917856,1.0,nan,0
156455377,1.468526520895728e+18,nan,19.4328347,1.0,2026-04-20,6
276377520,1.469457340290503e+18,nan,19.4320956,1.0,nan,0
50305161,1.4627159574618993e+18,nan,19.4193145,2.0,2026-06-05,27
410577783,1.4636370128013545e+18,nan,19.40523,1.0,2026-06-12,44
9417392,1.4625694733721057e+18,nan,19.43306,4.0,2023-06-13,0
370748632,1.4697499983257103e+18,nan,19.4054094768944,2.0,2026-05-30,8
824425,1.4625305297611878e+18,nan,19.4234564,1.0,2026-05-15,12
32422542,1.4654760195187195e+18,nan,19.41852,3.0,nan,0
16148871,1.4629798053263913e+18,nan,19.4180224,1.0,2026-06-11,166
36166922,1.4655371610591962e+18,nan,19.41451,2.0,2026-06-02,25
54984549,1.4659013618175132e+18,nan,19.4196573,2.0,2026-06-12,4
245618000,1.469303049838667e+18,nan,19.4311389,1.0,2026-05-31,49
237840372,1.4692654650765814e+18,nan,19.43007,2.0,2026-06-01,39
2350772,1.4625236956769585e+18,nan,19.41459385270474,2.0,2026-03-30,8
107475129,1.4673025728341087e+18,nan,19.40867,3.0,2026-05-14,11
50929609,1.465789011792601e+18,nan,19.415182003906875,1.0,2026-05-31,24
83429754,1.4628334626698432e+18,nan,19.44498,3.0,2024-07-08,0
286161576,1.4633836484088102e+18,nan,19.4208797,4.0,nan,0
515415932,1.4703185169493765e+18,nan,19.41281493036661,3.0,2024-08-08,0
517725875,1.4703293048950292e+18,nan,19.4167031,1.0,2026-06-07,43
213646258,1.469117151381563e+18,nan,19.4205,3.0,2025-12-28,6
55981868,1.462733214312793e+18,nan,19.41570854187012,2.0,2026-06-08,35
665220444,1.4706692089779267e+18,nan,19.40764,3.0,2026-05-06,5
547379024,1.4704492415466573e+18,nan,19.40786,1.0,nan,0
392541181,1.469814120336359e+18,nan,19.415383649979493,2.0,2026-05-28,52
1364085,1.4625438088192873e+18,nan,19.43318,14.0,2022-03-05,0
27411678,1.465404712915062e+18,nan,19.425077341765977,2.0,2026-06-12,74
48110345,1.4627087746098353e+18,nan,19.4231742,1.0,2026-05-31,49
148231748,1.4684520644477084e+18,nan,19.423617305243027,2.0,2026-05-25,30
438211202,1.4699801657422502e+18,nan,19.40260550834665,15.0,2026-05-15,6
354583163,1.4697086076319432e+18,nan,19.43073,2.0,2026-02-22,5
550889307,1.4704632695888445e+18,nan,19.42043,15.0,2026-06-01,7
50929609,1.465789011792601e+18,nan,19.418070789760574,1.0,2026-06-05,50
15400999,1.4629614270279823e+18,nan,19.42095,10.0,2026-01-24,1
5126969,1.4625390607403942e+18,nan,19.3777413769652,1.0,2026-05-31,10
690396049,1.6458231377715392e+18,nan,19.436693315384044,1.0,2026-05-31,4
16148871,1.4629798053263913e+18,nan,19.4344442,1.0,2026-05-24,28
104953556,1.4628826920219569e+18,nan,19.41537,1.0,2026-06-08,24
541272314,1.470425545096367e+18,nan,19.409791946411133,1.0,2026-06-01,12
217787232,1.4632008653411538e+18,nan,19.41376,1.0,2026-05-11,32
285721097,1.4694937379760264e+18,nan,19.414096370974736,1.0,2026-06-07,42
72969330,1.4628093834673462e+18,nan,19.41241,1.0,2026-06-01,4
181617791,1.6792573181794353e+18,nan,19.42287,1.0,2026-06-11,4
539285128,1.4704178208667233e+18,nan,19.4191676,1.0,2025-02-09,0
261857354,1.463328946083264e+18,nan,19.4129624,1.0,2026-04-19,7
2323816,1.4625235305466557e+18,nan,19.41567,1.0,2026-04-01,6
431591745,1.6270478689133906e+18,nan,19.416367003506288,1.0,nan,0
352959504,1.4635126839724887e+18,nan,19.422834,1.0,2026-05-31,42
510556651,1.46386111131465e+18,nan,19.4233356,1.0,2026-03-24,18
478836566,1.4701572140046106e+18,nan,19.421939,2.0,2026-06-10,34
368577440,1.4697442215789642e+18,nan,19.42199,1.0,2026-05-25,39
101508636,1.4672177698377244e+18,nan,19.40532,1.0,2026-05-25,26
53165048,1.4658626791399263e+18,nan,19.41314,2.0,2026-06-08,41
656839950,1.6812837012991194e+18,nan,19.41366,1.0,2026-05-25,3
49745514,1.4657598245306278e+18,nan,19.41559,1.0,2026-05-11,30
422351629,1.469916692758105e+18,nan,19.4107,1.0,2026-04-27,8
333035396,1.4696421700786975e+18,nan,19.40873,1.0,2026-05-03,24
584365534,1.4705977524900093e+18,nan,19.4167274,1.0,2026-05-30,65
2872228,1.4625267696043233e+18,nan,19.43432,1.0,2026-06-14,37
658252405,1.4706534018835523e+18,nan,19.4186149,1.0,2026-06-14,457
106400756,1.4672902666299348e+18,nan,19.4107332,2.0,2026-05-28,53
539407308,1.4704182740308032e+18,nan,19.4039131,1.0,2026-05-17,22
583508679,1.4705954569878866e+18,nan,19.4107035,1.0,nan,0
121348707,1.468232766014156e+18,nan,19.410838307990733,2.0,2026-06-09,9
101508636,1.4672177698377244e+18,nan,19.40623319163341,1.0,2026-06-03,32
277955645,1.4633689820289608e+18,nan,19.41082,1.0,2026-05-26,56
169764252,1.4686414042152092e+18,nan,19.40222,1.0,2024-10-28,0
118343372,1.4629136913777436e+18,nan,19.41633,1.0,2026-06-08,36
91173565,1.4671022515155745e+18,nan,19.4169576,2.0,2026-06-06,24
445287430,1.4700068942734444e+18,nan,19.4175,1.0,2026-01-27,2
333035396,1.4696421700786975e+18,nan,19.4081331,1.0,2026-06-10,40
567731597,1.4705263220514202e+18,nan,19.4159922,1.0,nan,0
50305161,1.4627159574618993e+18,nan,19.410921273425704,2.0,2025-11-07,15
313092340,1.469588703394374e+18,nan,19.406549538548905,1.0,2026-06-08,35
584921009,1.4705995181190467e+18,nan,19.4088,1.0,2026-02-02,18
130064594,1.4683037813290222e+18,nan,19.4101459,1.0,2026-06-01,47
692842982,1.4707269577071258e+18,nan,19.41792342410036,2.0,2026-02-24,2
16148871,1.4629798053263913e+18,nan,19.41117174631435,1.0,2026-05-18,1
513134846,1.4703079359287588e+18,nan,19.40609,1.0,2024-03-18,0
492083592,1.470215680045005e+18,nan,19.406650973652468,1.0,2026-05-26,3
23382111,1.465272540411874e+18,nan,19.41809,1.0,2026-05-11,18
198242918,1.46903292803045e+18,nan,19.4173575,1.0,2026-06-07,53
42436205,1.4656309244042913e+18,nan,19.41126,2.0,2026-06-09,4
677786553,1.4706958436213837e+18,nan,19.38011079916826,1.0,2026-06-05,22
270184727,1.4694273014381238e+18,nan,19.4345604,2.0,2026-05-31,45
81097044,1.4669867824632448e+18,nan,19.41869,2.0,2026-05-25,11
76218688,1.466935199815619e+18,nan,19.411717881398765,2.0,2026-06-06,25
583508679,1.4705954569878866e+18,nan,19.4107035,1.0,2026-05-31,26
546687292,1.4704466395888369e+18,nan,19.4091796,1.0,2026-06-12,5
724558698,1.5343339526653834e+18,nan,19.4361234,1.0,2026-06-10,67
546687292,1.4704466395888369e+18,nan,19.4091796,1.0,2025-07-12,2
42700394,1.465634368381106e+18,nan,19.43459,1.0,2026-06-08,73
160362299,1.46300802987771e+18,nan,19.46633,2.0,2026-04-26,13
701146336,1.4707439154988547e+18,nan,19.4031381,1.0,2026-06-05,21
23468816,1.4626253933020677e+18,nan,19.40947,1.0,2026-06-02,18
121938932,1.462921813444116e+18,nan,19.4161,2.0,2026-05-31,45
665095287,1.4706689181738107e+18,nan,19.40299128186036,1.0,2026-05-31,32
465366549,1.4700974712152353e+18,nan,19.409871738224773,2.0,2025-04-15,0
36166922,1.4655371610591962e+18,nan,19.41126,1.0,2026-06-08,18
424327718,1.4699246942335995e+18,nan,19.405561,1.0,2026-05-31,65
44077706,1.4656547450182182e+18,nan,19.4166176,2.0,2026-06-11,38
55997072,1.4659173349455534e+18,nan,19.40943256860652,2.0,2026-06-12,8
110207357,1.4673330697404344e+18,nan,19.435460386284102,2.0,2026-06-12,40
521493479,1.4703465743505068e+18,nan,19.4138022,1.0,nan,0
431026841,1.463683992041686e+18,nan,19.4344442,2.0,2026-05-25,27
368665519,1.469744455051901e+18,nan,19.4130477,1.0,nan,0
460530254,1.4637564596311276e+18,nan,19.417094426235906,1.0,2025-11-12,4
440741099,1.4699896375298184e+18,nan,19.41456,1.0,2026-05-31,21
51254214,1.4657972734547866e+18,nan,19.423899693839736,2.0,2026-04-26,12
135995109,1.4683547257022702e+18,nan,19.42279,2.0,nan,0
23382111,1.465272540411874e+18,nan,19.41840592271476,1.0,2026-05-03,17
1664988895657547941,1.6649890031600497e+18,nan,19.40609192495091,3.0,nan,0
6671822,1.4625467275427958e+18,nan,19.41068,4.0,2026-05-26,24
18420925,1.463053937002238e+18,nan,19.4367206,1.0,2026-06-10,8
67230,1.4625082230374387e+18,nan,19.4153382,3.0,nan,0
90632904,1.4628493557716703e+18,nan,19.41797,1.0,2026-05-28,48
29804898,1.4654393888541243e+18,nan,19.41208,4.0,2026-05-30,18
740236121,1.598736540420503e+18,nan,19.391591889775142,1.0,2026-06-10,3
486597554,1.5871759025163607e+18,nan,19.4180803,3.0,nan,0
3333511,1.462626077774814e+18,nan,19.42924,1.0,2026-05-21,54
546687292,1.4704466395888369e+18,nan,19.4217223,1.0,2025-06-20,1
18325185,1.4626056968403133e+18,nan,19.4162928,3.0,2025-09-15,1
56420122,1.4659234284829286e+18,nan,19.4097391,2.0,2026-06-03,41
16148871,1.4629798053263913e+18,nan,19.41818,1.0,2026-06-08,4
101364324,1.46287345224812e+18,nan,19.4169081,1.0,2026-05-10,2
522827330,1.4703523483256125e+18,nan,19.40883,1.0,2026-05-10,1
219999923,1.4691603997745787e+18,nan,19.4198868,1.0,2026-06-14,42
12868592,1.6517465143570783e+18,nan,19.42078484099681,1.0,2026-06-06,2
35255741,1.4626680906639173e+18,nan,19.4134428,1.0,2026-05-31,58
23021265,1.462623563543943e+18,nan,19.40659,1.0,2026-02-21,7
538067865,1.4704132249316086e+18,nan,19.4092346,1.0,2026-01-20,5
63676447,1.4667858830212111e+18,nan,19.4053869,2.0,2025-11-02,1
447270714,1.4637240941745956e+18,nan,19.40645598656628,1.0,2026-03-12,6
333035396,1.4696421700786975e+18,nan,19.42081,1.0,2026-06-11,11
171716426,1.4686676173433231e+18,nan,19.41777,1.0,2026-05-15,45
106278810,1.4672888695922007e+18,nan,19.4095674,1.0,2026-05-18,11
3887359,1.4625323971293793e+18,nan,19.42589,1.0,2026-05-18,12
39266750,1.4655864386478157e+18,nan,19.41661,1.0,2026-05-30,29
44061536,1.4656544776520387e+18,nan,19.41108,3.0,2024-02-08,0
180230936,1.468740030394774e+18,nan,19.42095,1.0,2026-06-07,64
7508019,1.4627338587620547e+18,nan,19.41108,1.0,2026-06-13,35
705986409,1.4870674109923715e+18,nan,19.4184683,2.0,2026-06-04,43
358250534,1.469717485799219e+18,nan,19.4183937,1.0,nan,0
292671315,1.4633985592394053e+18,nan,19.40752,1.0,2026-04-24,3
370429796,1.4697491486902257e+18,nan,19.43190297230969,5.0,2026-05-13,12
1886913,1.4625809340910236e+18,nan,19.4115,3.0,2021-07-18,0
2346707,1.4625236580598318e+18,nan,19.4240896,1.0,2026-06-05,29
40411520,1.4626844934622595e+18,nan,19.4170398,1.0,2026-06-01,47
358250534,1.469717485799219e+18,nan,19.4183937,1.0,nan,0
398011789,1.4636094311005123e+18,nan,19.41686778335249,2.0,2026-06-14,13
1700425342644886020,1.7008037323436168e+18,nan,19.4104,2.0,2026-06-01,32
123335218,1.468247639872485e+18,nan,19.40899743158035,3.0,2026-05-22,1
287923496,1.5338037907612928e+18,nan,19.417868930133118,2.0,nan,0
439127169,1.469983516323319e+18,nan,19.4185,1.0,2026-06-07,39
3977177,1.462644090642328e+18,nan,19.4202,2.0,2026-06-09,24
70335642,1.4668706623365422e+18,nan,19.4242257,1.0,2026-06-15,65
168233210,1.468627108932192e+18,nan,19.42365040905988,1.0,2026-06-02,43
209997109,1.4690956569701545e+18,nan,19.41856,1.0,nan,0
127917683,1.462934747075186e+18,nan,19.4199701,1.0,nan,0
751827157,1.6429531185793684e+18,nan,19.41743,1.0,2026-05-24,2
10764020,1.4625757179326413e+18,nan,19.424545288085938,1.0,2025-04-19,0
658252405,1.4706534018835523e+18,nan,19.4186149,1.0,2026-04-30,52
597508643,1.4706301809416082e+18,nan,19.41733095531393,2.0,2026-05-22,16
499836247,1.470247937191652e+18,nan,19.414209,1.0,2026-05-20,3
80926242,1.4628278595300785e+18,nan,19.4178482,1.0,2026-02-23,9
193333392,1.463104612622093e+18,nan,19.409860610961918,1.0,2026-06-14,30
10764020,1.4625757179326413e+18,nan,19.417193,1.0,2026-05-10,8
31483807,1.465462792467356e+18,nan,19.41745,2.0,2025-04-02,0
313092340,1.469588703394374e+18,nan,19.40656977709532,1.0,2026-05-28,30
124743956,1.46292766382576e+18,nan,19.4073157,1.0,nan,0
568998415,1.4705301875927613e+18,nan,19.4200874,2.0,2026-05-26,15
546687292,1.4704466395888369e+18,nan,19.4155679,1.0,2026-06-06,34
245618000,1.469303049838667e+18,nan,19.423483,1.0,2026-05-20,42
492168443,1.4702161584454275e+18,nan,19.34209,2.0,2026-02-23,12
164513576,1.4685989841149358e+18,nan,19.43435,3.0,2026-06-09,29
26560489,1.4653686923141688e+18,nan,19.42019,2.0,2026-05-12,2
61264670,1.4667541048120553e+18,nan,19.4158571,2.0,2025-12-13,2
751906158,1.681449574710457e+18,nan,19.42187,1.0,nan,0
414947167,1.4698881396693857e+18,nan,19.4198706,2.0,2026-04-05,11
10731286,1.4625755709538557e+18,nan,19.419641648296277,1.0,nan,0
537923635,1.470412628593163e+18,nan,19.4207989,2.0,2024-07-05,0
168645151,1.468631147809745e+18,nan,19.43533,3.0,2026-06-03,8
514027701,1.4703120413361106e+18,nan,19.4232363,1.0,2026-01-31,6
229164612,1.4632315846892713e+18,nan,19.423407064368696,1.0,2026-06-01,61
196443126,1.469024194654254e+18,nan,19.4143158,1.0,2025-10-18,3
38474367,1.4655755479399414e+18,nan,19.4111629,3.0,2026-02-20,2
23021265,1.462623563543943e+18,nan,19.4091902,1.0,2026-03-31,9
16596208,1.462990412454305e+18,nan,19.40988,3.0,2026-02-16,3
178427450,1.468725207178033e+18,nan,19.4091525,1.0,2026-05-25,16
15694839,1.4629683911759473e+18,nan,19.41024,1.0,2026-06-08,25
225780667,1.4632210378959112e+18,nan,19.4066925,5.0,2026-04-23,8
50929609,1.465789011792601e+18,nan,19.4106885,1.0,2026-05-31,33
302431514,1.4695500943910239e+18,nan,19.4122839,2.0,2026-05-15,25
584478844,1.4705981559719672e+18,nan,19.4142903,2.0,2026-03-20,5
171894446,1.4686691289100152e+18,nan,19.4147721,3.0,2026-06-01,26
357701035,1.4697158038362514e+18,nan,19.4235,1.0,2026-04-01,23
36166922,1.4655371610591962e+18,nan,19.41158,2.0,2026-05-28,25
57785,1.4625079086183398e+18,nan,19.41003,5.0,2025-11-05,1
127205373,1.4682792703379167e+18,nan,19.411146,1.0,2025-11-01,3
715682744,1.496432384357454e+18,nan,19.4186699,1.0,2026-05-19,32
3333511,1.462626077774814e+18,nan,19.403024673461918,1.0,2026-01-02,16
1684117318574336851,1.6841373751141596e+18,nan,19.4120726,1.0,nan,0
82125851,1.466996984832094e+18,nan,19.4119,2.0,2020-03-15,0
452306427,1.4700359009587354e+18,nan,19.4115198,3.0,nan,0
459480186,1.4637539699625736e+18,nan,19.41484,4.0,2026-02-14,1
28920775,1.4626463313577047e+18,nan,19.41152,3.0,2026-06-06,19
482538796,1.47017295030156e+18,nan,19.4202,1.0,2026-04-27,9
658252405,1.4706534018835523e+18,nan,19.4186149,1.0,2026-05-31,89
19354650,1.4630768767139264e+18,nan,19.42004,3.0,2022-11-03,0
129182033,1.4682959141680305e+18,nan,19.40620628856264,5.0,2026-06-07,12
19753224,1.4626105642908237e+18,nan,19.4162,1.0,2026-02-21,9
452306427,1.4700359009587354e+18,nan,19.4116615,3.0,2025-07-17,1
9455479,1.462814583203297e+18,nan,19.41614,4.0,2025-01-13,0
104953556,1.4628826920219569e+18,nan,19.4043574,1.0,nan,0
10764020,1.4625757179326413e+18,nan,19.424545288085938,1.0,2026-05-29,7
66387078,1.4627716669720095e+18,nan,19.43071,1.0,2026-06-01,25
359265212,1.4697199860406103e+18,nan,19.4235825,1.0,2026-06-08,76
9767619,1.46257107509164e+18,nan,19.412725193179348,7.0,2026-04-05,1
380130411,1.4635676747484644e+18,nan,19.40937337152675,1.0,2026-05-20,9
302431514,1.4695500943910239e+18,nan,19.42051,2.0,2026-05-17,19
315003717,1.4634409752018964e+18,nan,19.41144371032715,30.0,2026-05-01,6
478836566,1.4701572140046106e+18,nan,19.421939,2.0,2026-06-03,37
5036713,1.4626713041793116e+18,nan,19.40597,15.0,2022-08-09,0
166635189,1.4686149875781542e+18,nan,19.41257,3.0,2026-03-31,1
10211713,1.4628344843287706e+18,nan,19.42054,10.0,2026-04-26,3
10764020,1.4625757179326413e+18,nan,19.40865830457086,2.0,2026-02-15,1
5974590,1.4626943433145728e+18,nan,19.40860939025879,1.0,2026-05-27,14
421166436,1.4636597859091436e+18,nan,19.43433103226998,2.0,2026-05-19,12
2872228,1.4625267696043233e+18,nan,19.43427,1.0,2026-05-18,39
333035396,1.4696421700786975e+18,nan,19.409148071316054,1.0,2026-06-06,10
416155974,1.4683228557489308e+18,nan,19.40885,2.0,2026-05-09,19
11548035,1.4625790342561928e+18,nan,19.40921531576205,2.0,2026-05-30,34
10764020,1.4625757179326413e+18,nan,19.422447204589844,1.0,2026-04-22,26
1698848304183744375,1.6988483949092557e+18,nan,19.4214571,2.0,nan,0
326252866,1.4696225224424358e+18,nan,19.421649643567367,1.0,2026-06-01,44
471105419,1.4701247982138043e+18,nan,19.4092292,1.0,2025-12-20,10
471105419,1.4701247982138043e+18,nan,19.4092292,2.0,2026-04-22,8
50305161,1.4627159574618993e+18,nan,19.4099991,1.0,2026-06-05,36
193333392,1.463104612622093e+18,nan,19.42159937074794,2.0,2026-05-31,42
16148871,1.4629798053263913e+18,nan,19.4220121,1.0,2026-06-05,7
245618000,1.469303049838667e+18,nan,19.4074085,1.0,2026-05-30,35
66510852,1.4668218511477955e+18,nan,19.40716,1.0,2026-05-25,1
245618000,1.469303049838667e+18,nan,19.4078711,1.0,2026-04-01,13
89345059,1.4670829605150272e+18,nan,19.4079157,3.0,2026-05-10,40
48110345,1.4627087746098353e+18,nan,19.42246,2.0,2026-05-31,46
333035396,1.4696421700786975e+18,nan,19.42104,1.0,2026-06-06,49
655491104,1.4975015726811128e+18,nan,19.4101525,1.0,nan,0
10764020,1.4625757179326413e+18,nan,19.4212101,1.0,2026-04-04,5
357701035,1.4697158038362514e+18,nan,19.42178,1.0,2026-04-27,4
10764020,1.4625757179326413e+18,nan,19.42141,1.0,nan,0
411898901,1.4698780991159414e+18,nan,19.4092913,2.0,2026-06-07,54
103519661,1.4628791045957847e+18,nan,19.42104,1.0,2026-05-23,17
539285128,1.4704178208667233e+18,nan,19.4210293,1.0,2024-01-30,0
251637911,1.469333572116051e+18,nan,19.4221281,1.0,2026-06-07,11
148419640,1.4684535348806513e+18,nan,19.42268,1.0,2026-05-11,26
10764020,1.4625757179326413e+18,nan,19.42120933532715,1.0,2025-02-26,0
31963755,1.4626569455159882e+18,nan,19.421268998703184,3.0,2026-02-21,5
96233968,1.4628620049970744e+18,nan,19.40786116105948,3.0,2026-04-19,10
38177706,1.4655713428983944e+18,nan,19.43474196602101,3.0,2026-06-10,41
1698848304183744375,1.6988483949092557e+18,nan,19.4214571,2.0,nan,0
42700394,1.465634368381106e+18,nan,19.434333129829103,1.0,2026-06-12,7
667662126,1.4706751805061985e+18,nan,19.4212266,1.0,2026-05-16,1
377347465,1.469770096924853e+18,nan,19.4345604,2.0,2026-05-24,24
68961525,1.4668525867161516e+18,nan,19.409489,5.0,2026-05-31,8
85361866,1.4670293270948754e+18,nan,19.40907,1.0,2026-05-20,25
31540218,1.4626553962848108e+18,nan,19.40706499714173,1.0,2026-04-03,3
270037282,1.6595397263487025e+18,nan,19.408097,6.0,nan,0
48576392,1.4657361176592758e+18,nan,19.40867,14.0,nan,0
101508636,1.4672177698377244e+18,nan,19.407963,1.0,nan,0
88696967,1.4670760861639283e+18,nan,19.42835,1.0,2021-11-09,0
47505415,1.4657167123619855e+18,nan,19.40946,1.0,2026-05-31,47
8641274,1.4627725776678648e+18,nan,19.40371,1.0,2026-06-11,16
724730,1.4625273989466516e+18,nan,19.41101,2.0,nan,0
22309912,1.686312755846101e+18,nan,19.43589,1.0,2026-06-13,1
176192488,1.4630652369864271e+18,nan,19.30645,1.0,2026-05-29,40
373657870,1.46355417225631e+18,nan,19.29506,1.0,2026-06-07,13
267178325,1.463342475509309e+18,nan,19.21826,1.0,2024-11-03,0
160294584,1.4630078644401162e+18,nan,19.25815773010254,2.0,2026-06-07,17
310472254,1.4634330437767173e+18,nan,19.25874,3.0,2024-08-04,0
71187468,1.4627943791397368e+18,nan,19.24943,1.0,2026-05-17,7
526732201,1.4703687106579492e+18,nan,19.32714043996236,1.0,2026-05-31,50
488693114,1.4701994094751662e+18,nan,19.24635,1.0,2026-05-03,27
128993582,1.4682943159761948e+18,nan,19.21443,1.0,nan,0
748335484,1.6293534112277734e+18,nan,19.24308,1.0,2026-06-01,1
115496613,1.468186583869927e+18,nan,19.372120121414262,2.0,2026-02-23,3
321717003,1.463450119707497e+18,nan,19.3217,3.0,2026-04-10,7
245798287,1.646724970351481e+18,nan,19.419556,1.0,2026-06-06,21
241037466,1.463274569349203e+18,nan,19.29858,1.0,2024-11-24,0
424302528,1.5981411428972672e+18,nan,19.5173611,1.0,2026-05-25,3
107600256,1.467303874612961e+18,nan,19.49318,2.0,2026-06-12,28
752767357,1.6468593019987177e+18,nan,19.3685094,1.0,nan,0
185686726,1.468960422429261e+18,nan,19.4962227,2.0,2026-05-28,48
540263897,1.46387191947222e+18,nan,19.32569007634597,1.0,2026-06-06,17
307154112,1.4695688447925962e+18,nan,19.49576,1.0,2025-11-02,3
375225503,1.4697638820519954e+18,nan,19.49201,1.0,2026-05-31,1
752904293,1.6544276974666458e+18,nan,19.5296,1.0,2026-06-08,4
182398028,1.4687599152515986e+18,nan,19.299308145717006,10.0,nan,0
662186230,1.470662234765107e+18,nan,19.3523134,2.0,2026-05-24,5
432318085,1.469957002417438e+18,nan,19.28658,2.0,2024-11-18,0
555278412,1.4778412757853274e+18,nan,19.282804,1.0,2026-04-19,3
368772660,1.515462941282191e+18,nan,19.27752,1.0,2025-12-07,9
65956316,1.4668154575379274e+18,nan,19.48827,3.0,2026-06-10,21
306296865,1.4634257689810957e+18,nan,19.530190317601253,1.0,2026-01-20,8
102641023,1.4672315586568804e+18,nan,19.34792,1.0,2026-05-14,13
95666783,1.4671525855834452e+18,nan,19.35501,2.0,nan,0
382366936,1.469783032806225e+18,nan,19.37982455868773,2.0,2026-06-07,17
136597640,1.462954429292158e+18,nan,19.33679,1.0,2026-03-27,18
175466630,1.468701374173575e+18,nan,19.38481,1.0,nan,0
445702112,1.6787279157740536e+18,nan,19.33398419500235,1.0,nan,0
122920296,1.4629239378073585e+18,nan,19.33835,1.0,2026-05-26,2
111586571,1.662736628284393e+18,nan,19.4852349,2.0,2026-05-31,2
530701864,1.4638684971765258e+18,nan,19.4798944,1.0,2026-06-01,9
530701864,1.4638684971765258e+18,nan,19.4798944,1.0,2026-05-03,26
181788734,1.46875437795833e+18,nan,19.36531,3.0,2026-03-16,11
118678090,1.4682116625733688e+18,nan,19.34917,7.0,2026-02-09,4
95767439,1.65306059734392e+18,nan,19.42516,2.0,2026-06-13,28
273082314,1.469441199372905e+18,nan,19.2874,1.0,2025-03-03,0
483338356,1.470176294629018e+18,nan,19.4277,2.0,2026-05-29,16
1680828305112907544,1.6808291531127447e+18,nan,19.39768,1.0,nan,0
193503893,1.576443373334024e+18,nan,19.44661147683103,1.0,2026-06-13,11
520175203,1.4703406455425393e+18,nan,19.38643,1.0,2025-12-15,4
68594238,1.4668474539149601e+18,nan,19.403077891129488,1.0,2026-05-10,6
396365387,1.4698260770702812e+18,nan,19.28295,1.0,2026-06-12,59
396365387,1.4698260770702812e+18,nan,19.2827394,1.0,2026-06-15,42
118261631,1.4682082810590595e+18,nan,19.28519,2.0,2026-06-12,18
288553524,1.4633885245264061e+18,nan,19.28328,1.0,2026-05-16,20
163380081,1.6965854781817656e+18,nan,19.2788621,1.0,2026-06-07,1
118261631,1.4682082810590595e+18,nan,19.28339,1.0,2026-03-31,16
118978002,1.4682140489036096e+18,nan,19.28650911061108,2.0,2026-05-31,28
288553524,1.4633885245264061e+18,nan,19.28195,1.0,2026-04-30,32
403848214,1.4698500494135286e+18,nan,19.3601662,1.0,2026-06-14,78
9008734,1.4627925994003994e+18,nan,19.30945,1.0,2026-05-31,48
542401701,1.470430040044414e+18,nan,19.30468,1.0,2026-06-14,42
51551775,1.4658066289946624e+18,nan,19.4640347,1.0,2026-02-16,14
556126510,1.4704838161309732e+18,nan,19.34948159382765,1.0,2026-01-30,5
27449159,1.4654051480429292e+18,nan,19.3625103,1.0,2026-05-21,12
84995402,1.4915486332373048e+18,nan,19.3051828,1.0,2025-12-31,2
21570721,1.463158556685884e+18,nan,19.36862,2.0,2026-02-22,7
1562506,1.4625617811259564e+18,nan,19.2988,1.0,2026-06-06,20
418920118,1.4699032351980815e+18,nan,19.36482,1.0,2026-04-26,14
749346738,1.6333761099571878e+18,nan,19.29535649117548,1.0,nan,0
529319116,1.470379017665046e+18,nan,19.27352848159048,1.0,2026-05-31,25
719745482,1.5134344835664591e+18,nan,19.2895728,1.0,2025-10-26,3
158850943,1.5293234551393923e+18,nan,19.330710740626444,2.0,nan,0
309979940,1.4634322156489377e+18,nan,19.33283907609867,2.0,2023-02-06,0
468188466,1.4701109717687242e+18,nan,19.2879622,1.0,2026-06-06,8
27449159,1.4654051480429292e+18,nan,19.3623787,1.0,2026-06-10,47
506854761,1.4702784455205466e+18,nan,19.3679778,1.0,nan,0
245686209,1.4693033661749668e+18,nan,19.46549,2.0,2025-08-28,2
506854761,1.4702784455205466e+18,nan,19.3679778,1.0,nan,0
395546641,1.4698235243381002e+18,nan,19.3290436,2.0,2026-05-11,5
316839734,1.469598854379875e+18,nan,19.3906465,2.0,2026-02-23,14
506854761,1.4702784455205466e+18,nan,19.3679778,1.0,nan,0
506854761,1.4702784455205466e+18,nan,19.3679778,1.0,nan,0
17468617,1.4626025197998385e+18,nan,19.33876,1.0,2020-02-02,0
92550315,1.4628536927177628e+18,nan,19.40122,1.0,2026-05-04,19
247129143,1.4693108967441096e+18,nan,19.400787786219297,1.0,2026-06-12,55
455989965,1.4700519458164416e+18,nan,19.299638630174623,2.0,2026-06-03,45
300999387,1.463414510407196e+18,nan,19.28594,1.0,2019-12-31,0
247248270,1.6473046112133798e+18,nan,19.28003,1.0,nan,0
370203483,1.4697485514026286e+18,nan,19.44163,1.0,2026-05-31,85
710990985,1.4812408553440046e+18,nan,19.48504,1.0,2026-06-15,64
396275764,1.4698258084364106e+18,nan,19.47028287060108,1.0,2026-04-15,17
255608287,1.469350824262063e+18,nan,19.46383,2.0,2026-05-31,44
210719888,1.4690995028313603e+18,nan,19.40097,3.0,2026-02-16,3
406343624,1.4698584448433925e+18,nan,19.30107,2.0,2026-01-30,3
300588350,1.675474075403205e+18,nan,19.44741,1.0,2026-05-29,2
1658362360022465225,1.6583624902374932e+18,nan,19.451411,1.0,nan,0
374613808,1.4697621193727263e+18,nan,19.47028,2.0,2026-02-16,13
130445565,1.4629405118977876e+18,nan,19.45165,2.0,2020-03-25,0
250548538,1.4693281372004347e+18,nan,19.44176,2.0,2026-05-25,14
67974983,1.6602860201256015e+18,nan,19.2898,3.0,nan,0
399257582,1.4698348281405036e+18,nan,19.46785,2.0,2026-06-15,6
566557814,1.4638829007641116e+18,nan,19.48537,1.0,2026-06-15,45
159653337,1.4630062833314324e+18,nan,19.4490603,1.0,2026-06-02,56
250548538,1.4693281372004347e+18,nan,19.440882,2.0,2026-05-04,13
724816373,1.5355921171960543e+18,nan,19.400022929219947,1.0,2026-06-08,17
83537736,1.467011115595881e+18,nan,19.29457,1.0,nan,0
83537736,1.467011115595881e+18,nan,19.29604,1.0,nan,0
285297238,1.4633819704623373e+18,nan,19.3802949,2.0,nan,0
159801209,1.4630066272024346e+18,nan,19.46134,1.0,nan,0
47488803,1.4627067997974694e+18,nan,19.37685087566104,2.0,2026-04-24,2
487058503,1.6845891765550339e+18,nan,19.45241,1.0,nan,0
657839555,1.470652618364177e+18,nan,19.44134550403045,1.0,2026-06-13,21
654517022,1.4706451708157852e+18,nan,19.39712,1.0,2026-05-31,57
207240505,1.463155906889771e+18,nan,19.46141,1.0,2026-05-30,2
194017889,1.463106318521874e+18,nan,19.30419,1.0,2026-05-10,5
441551872,1.6439296925563218e+18,nan,19.31485388081868,1.0,nan,0
508706875,1.4702868198481725e+18,nan,19.40303,1.0,2026-05-30,10
236192385,1.4692570836258076e+18,nan,19.385350613,2.0,2026-05-31,25
247112495,1.4632902947513382e+18,nan,19.3984421,1.0,2026-05-21,38
29981217,1.4654416846307794e+18,nan,19.40372,1.0,2026-06-07,19
257853661,1.4633179923334656e+18,nan,19.357902799740383,1.0,2026-05-28,63
94813527,1.4671433308578488e+18,nan,19.37647778028004,1.0,2025-09-12,1
328753628,1.46962965293477e+18,nan,19.40404,3.0,2026-05-31,32
196024404,1.5829585262584387e+18,nan,19.40175989456322,1.0,2026-06-05,42
439894109,1.469986388687539e+18,nan,19.487248400662327,3.0,2026-05-10,14
297933321,1.4695325718642516e+18,nan,19.4351018,1.0,2026-01-25,1
157199784,1.5492460862525693e+18,nan,19.29237,2.0,2026-05-29,1
22482638,1.4626213539396547e+18,nan,19.28901,1.0,2026-04-26,6
474234834,1.4701384177273864e+18,nan,19.47999,3.0,2026-06-07,37
6051711,1.4626965526104558e+18,nan,19.4642311,2.0,2026-06-13,40
360931731,1.4697238968413972e+18,nan,19.35898,1.0,2026-01-20,4
672265118,1.4706844678299318e+18,nan,19.469324221515866,1.0,2026-05-29,68
262520373,1.469388242597716e+18,nan,19.3154,3.0,2026-06-14,2
339235477,1.4696613278059146e+18,nan,19.46368,1.0,nan,0
526336233,1.4703670537585137e+18,nan,19.3546424,1.0,2026-05-30,1
27449159,1.4654051480429292e+18,nan,19.36238,1.0,2026-04-20,3
595150825,1.4706247418067261e+18,nan,19.332966949121637,2.0,2026-05-27,8
659092246,1.4706552738226908e+18,nan,19.303483457278144,5.0,2026-05-09,6
166080200,1.4686109614034767e+18,nan,19.47303,1.0,2026-03-21,4
154484160,1.4685118553882767e+18,nan,19.34569667282485,2.0,2026-04-18,4
155783215,1.4685210301767982e+18,nan,19.3325,2.0,2026-06-13,11
564452256,1.4705162622025434e+18,nan,19.3751838,1.0,2026-06-12,46
520175203,1.4703406455425393e+18,nan,19.3856695,1.0,2026-06-01,2
438770252,1.469982164154614e+18,nan,19.30183,3.0,2026-04-24,25
371646836,1.4697528328354803e+18,nan,19.34081,3.0,2026-05-30,7
98047252,1.4671804908116672e+18,nan,19.31144,7.0,2025-04-15,0
7316458,1.462728828232498e+18,nan,19.33293,7.0,nan,0
736103232,1.695652051324382e+18,nan,19.340198143934085,4.0,nan,0
27449159,1.4654051480429292e+18,nan,19.362431,1.0,2026-06-10,47
688779431,1.4707184603390856e+18,nan,19.32831413395821,4.0,nan,0
98047252,1.4671804908116672e+18,nan,19.31137,7.0,2025-12-06,1
424179270,1.7010591991775834e+18,nan,19.28585737374048,5.0,nan,0
42436205,1.4656309244042913e+18,nan,19.3560927,2.0,2026-06-04,7
68864192,1.4706711937897603e+18,nan,19.3555541489792,1.0,nan,0
123661790,1.4682499044533084e+18,nan,19.30341,3.0,nan,0
49735631,1.4627139970482883e+18,nan,19.36729,1.0,2026-04-30,8
215534670,1.4691300364698097e+18,nan,19.29671,3.0,2025-11-30,1
25327047,1.4653402887184433e+18,nan,19.29641,2.0,2025-11-28,1
213349786,1.4631905327214587e+18,nan,19.48004,3.0,2022-11-08,0
51622893,1.4658086120247764e+18,nan,19.46922,1.0,2026-05-07,14
380493587,1.4697775016887519e+18,nan,19.394102,1.0,2023-02-26,0
418920118,1.4699032351980815e+18,nan,19.36519788736981,1.0,2026-06-04,17
696497299,1.4707345545770609e+18,nan,19.3862944863213,3.0,2026-05-10,16
46556925,1.4627038068088238e+18,nan,19.288214409742046,1.0,2026-03-29,1
5575628,1.6662484831297336e+18,nan,19.27186,1.0,nan,0
746612418,1.624109460953113e+18,nan,19.2918375,1.0,nan,0
703312827,1.4707478529265216e+18,nan,19.4628383,1.0,2026-05-29,13
130500890,1.462940639325795e+18,nan,19.36926,2.0,2026-05-21,16
223344367,1.4691840295611517e+18,nan,19.3664,1.0,2026-06-02,26
122384716,1.6399851942939784e+18,nan,19.39449,1.0,nan,0
730541984,1.5603387367093064e+18,nan,19.4736839,1.0,nan,0
356218677,1.4697116446160522e+18,nan,19.44841,2.0,2026-02-23,2
27449159,1.4654051480429292e+18,nan,19.362431,1.0,2026-06-06,14
722822882,1.5271394342036833e+18,nan,19.3886857,1.0,2026-06-01,20
98839746,1.467187850397418e+18,nan,19.40302,1.0,2026-05-28,33
506854761,1.4702784455205466e+18,nan,19.3679778,1.0,nan,0
87841329,1.46705537393328e+18,nan,19.40027,1.0,2026-04-22,9
528884135,1.4703772787630843e+18,nan,19.3968924,1.0,2026-06-07,65
144671792,1.6186115440822129e+18,nan,19.3986903,1.0,2026-04-21,3
211339392,1.4631858854147087e+18,nan,19.33074,1.0,2026-05-16,3
286551243,1.469496215562065e+18,nan,19.40587,1.0,2026-05-31,14
172417987,1.5872530140064036e+18,nan,19.44164,1.0,2026-06-01,7
210216448,1.4690968322779423e+18,nan,19.45156478881836,1.0,2026-04-21,6
516541119,1.470323766477808e+18,nan,19.419312,1.0,2025-03-17,0
569898446,1.4638843466218135e+18,nan,19.45795,1.0,2026-05-31,31
61169043,1.4627471906639035e+18,nan,19.45642,1.0,2026-05-10,11
54428745,1.4658866022131003e+18,nan,19.44766,2.0,2026-05-16,44
152651388,1.4684971821116646e+18,nan,19.45275,2.0,2026-06-13,24
423494345,1.4699213805475546e+18,nan,19.417784085462003,1.0,2026-05-28,5
17468617,1.4626025197998385e+18,nan,19.34574,1.0,2024-07-17,0
17468617,1.4626025197998385e+18,nan,19.34606,1.0,2026-04-12,1
14716996,1.4629452293106747e+18,nan,19.33399,2.0,2026-03-09,8
30558500,1.4626519950081395e+18,nan,19.44733,2.0,2026-06-07,3
71889167,1.4668887544210038e+18,nan,19.4294,2.0,2026-05-28,28
660074532,1.463911480878335e+18,nan,19.41871123496108,1.0,2026-02-23,4
94919668,1.4671444298252083e+18,nan,19.42081,1.0,2026-02-24,7
529319116,1.470379017665046e+18,nan,19.27437,1.0,2026-05-22,5
305386916,1.463424232138658e+18,nan,19.41424643344444,1.0,2026-04-22,5
516541119,1.470323766477808e+18,nan,19.419312,1.0,2025-07-21,1
693385752,1.47072810977017e+18,nan,19.4263323,1.0,nan,0
499140126,1.4702450899878687e+18,nan,19.42925011786096,1.0,nan,0
483338356,1.470176294629018e+18,nan,19.42572,2.0,2026-05-30,16
227850132,1.4632276803551153e+18,nan,19.28197,2.0,2026-03-16,3
585343694,1.470600460588785e+18,nan,19.365024588312185,2.0,2026-06-08,62
120096125,1.4682227665041638e+18,nan,19.37079594804185,2.0,2026-05-03,17
26867557,1.46538387535708e+18,nan,19.36606,2.0,2026-05-22,48
566277781,1.4705217986047386e+18,nan,19.4235133,2.0,2026-05-30,34
63557308,1.4627535430890002e+18,nan,19.43146,1.0,2026-04-22,1
37323616,1.4655580938056963e+18,nan,19.33888,2.0,2026-05-31,53
1680730156908810746,1.6807302348652805e+18,nan,19.36849568931728,1.0,2026-06-15,11
169862836,1.468642151833566e+18,nan,19.3450572,2.0,2026-04-05,12
105837410,1.4672839556535496e+18,nan,19.37441,2.0,nan,0
94011901,1.4628569852452774e+18,nan,19.363280555192805,1.0,2026-05-09,6
242823993,1.687683758985166e+18,nan,19.337884088693677,1.0,2026-05-29,1
4745918,1.462664597590489e+18,nan,19.41947,1.0,2026-05-28,7
549020514,1.4704559530577969e+18,nan,19.3758265,1.0,2026-04-21,29
361876412,1.469726380332556e+18,nan,19.34498616502144,1.0,2026-06-09,7
308955664,1.4634303908813809e+18,nan,19.32314,2.0,2025-11-25,1
243326419,1.4692914988330624e+18,nan,19.34035,1.0,2026-06-07,11
157199784,1.5492460862525693e+18,nan,19.292156179404703,3.0,2026-05-24,5
429316808,1.4699451466144507e+18,nan,19.37544822692871,1.0,2026-04-21,22
143421564,1.698636011441738e+18,nan,19.4194098,1.0,nan,0
305728200,1.463424943447579e+18,nan,19.4225939,1.0,2026-05-30,63
206736130,1.469078541293612e+18,nan,19.33547,1.0,2026-06-12,50
381133249,1.4697795982476037e+18,nan,19.32461398491787,2.0,2026-05-30,11
105722146,1.6892147225645215e+18,nan,19.32706951568036,2.0,nan,0
508573250,1.470286196119948e+18,nan,19.4160076,2.0,2026-04-26,10
1694661203633917583,1.6946619349393887e+18,nan,19.323537,1.0,nan,0
1669278541852690842,1.669278634108048e+18,nan,19.324173877575667,1.0,nan,0
123365526,1.6653196225957368e+18,nan,19.330862086284704,1.0,nan,0
1669278541852690842,1.669278634108048e+18,nan,19.32153,1.0,nan,0
1669278541852690842,1.669278634108048e+18,nan,19.32125,1.0,nan,0
52883729,1.4658568363299139e+18,nan,19.35105,3.0,2019-10-06,0
148697278,1.4629809407988652e+18,nan,19.45602,1.0,2026-04-28,13
534240319,1.4703977484352259e+18,nan,19.447807,1.0,2025-12-15,7
723213780,1.5284600397067052e+18,nan,19.35709,1.0,2026-06-11,11
25416724,1.465342143349027e+18,nan,19.33415,2.0,2025-06-22,1
250883400,1.469329815439631e+18,nan,19.34134,2.0,2026-06-10,2
181652382,1.468753130787226e+18,nan,19.27472,3.0,2026-04-12,8
348389387,1.4696919313406205e+18,nan,19.47985,1.0,2026-06-01,36
348389387,1.4696919313406205e+18,nan,19.47986,1.0,2026-05-30,46
137908575,1.468370011610259e+18,nan,19.33458,2.0,2026-04-25,2
206441656,1.4690768550177592e+18,nan,19.35168,1.0,2025-12-22,2
230412353,1.4692285179020475e+18,nan,19.43047,1.0,2026-05-10,5
206441656,1.4690768550177592e+18,nan,19.35171,1.0,2025-09-22,2
425028857,1.4699275064094546e+18,nan,19.44572,1.0,2026-06-15,50
221725158,1.463209733836242e+18,nan,19.28515,28.0,2025-02-28,0
87562677,1.4670525044550275e+18,nan,19.451147,1.0,nan,0
1684497016255087218,1.6844974000827064e+18,nan,19.33078,1.0,nan,0
571320150,1.4705376529014671e+18,nan,19.289589097206573,3.0,2026-06-14,12
484757280,1.4701822795649275e+18,nan,19.292746552959464,3.0,2026-04-10,9
1694661203633917583,1.6946619349393887e+18,nan,19.32354712442781,1.0,nan,0
79142025,1.462823838152274e+18,nan,19.2824,4.0,2026-01-10,2
255183842,1.4693486924908106e+18,nan,19.4569,2.0,2026-05-12,1
206037374,1.4690746767141107e+18,nan,19.455855184765984,2.0,2026-06-09,4
161668133,1.468573512389231e+18,nan,19.45727882477581,1.0,2026-05-17,29
304919424,1.4695613749509862e+18,nan,19.26835596158288,5.0,2025-08-25,2
178226449,1.6195803572455841e+18,nan,19.34333,1.0,2026-03-16,2
120401382,1.4682252438517852e+18,nan,19.34544,1.0,nan,0
3942303,1.4625326850530798e+18,nan,19.33563,2.0,2023-10-14,0
68690116,1.4668494363630643e+18,nan,19.362707138061523,3.0,2026-05-29,6
46052167,1.4656878693739676e+18,nan,19.35816904098904,4.0,2026-01-07,1
239014536,1.4692715680977859e+18,nan,19.3667161,3.0,2026-06-05,13
221725158,1.463209733836242e+18,nan,19.2844,5.0,2025-11-28,2
406292062,1.4698582660495444e+18,nan,19.3480426,2.0,2026-05-31,17
681157484,1.470702839020727e+18,nan,19.44741621710588,1.0,2026-06-07,1
64821107,1.4627675174977518e+18,nan,19.46669,1.0,2026-05-30,45
348389387,1.4696919313406205e+18,nan,19.47971,1.0,2026-02-10,29
20187997,1.4631011413751532e+18,nan,19.36326011706285,1.0,2026-04-20,7
401077698,1.4636164882546263e+18,nan,19.470032613282488,2.0,2026-01-09,2
387698666,1.4697992382387807e+18,nan,19.4485618663661,2.0,2026-01-03,15
683979313,1.4872839995241802e+18,nan,19.3399464,1.0,2026-05-25,1
210719888,1.4690995028313603e+18,nan,19.40208,3.0,2026-05-11,3
19661124,1.4630874849361116e+18,nan,19.4486451,1.0,2026-04-08,15
136232057,1.5797250852436524e+18,nan,19.45313,2.0,nan,0
358209199,1.4635220588662697e+18,nan,19.45163,2.0,2026-02-24,4
16457181,1.4629871660925358e+18,nan,19.3419202,1.0,2026-01-16,2
687715252,1.47071609669322e+18,nan,19.44990363159624,2.0,2026-04-22,11
348389387,1.4696919313406205e+18,nan,19.47768,1.0,2026-05-12,22
72776041,1.4668982294496207e+18,nan,19.4569485,2.0,2026-06-10,13
304919424,1.4695613749509862e+18,nan,19.267955780029297,5.0,2026-02-03,3
374434784,1.4697615287084495e+18,nan,19.478762025305027,1.0,2026-05-17,41
121264149,1.4629203063256579e+18,nan,19.38018,1.0,2026-04-06,27
14791549,1.462946967012848e+18,nan,19.36045,6.0,2026-05-16,2
359943588,1.4697215059381757e+18,nan,19.38029,4.0,2026-01-07,6
581691374,1.4705903157045105e+18,nan,19.4472604,7.0,nan,0
230418692,1.4692285506975747e+18,nan,19.28588,7.0,2021-01-31,0
500768639,1.6183950285318505e+18,nan,19.3232,1.0,2026-05-31,2
156481146,1.4629984587731978e+18,nan,19.46481757875976,7.0,2025-07-26,1
440167382,1.469987515557328e+18,nan,19.358726501464844,3.0,2025-01-08,0
184714397,1.4689547545080612e+18,nan,19.33166,2.0,2025-02-01,0
253142805,1.463306378076765e+18,nan,19.40581,2.0,2026-06-05,31
693385752,1.47072810977017e+18,nan,19.4263323,1.0,nan,0
693385752,1.47072810977017e+18,nan,19.4263323,1.0,nan,0
573034946,1.4705536989157164e+18,nan,19.42073,1.0,2026-06-12,54
52053506,1.4658220488208996e+18,nan,19.44753882099793,1.0,2026-05-28,5
227002676,1.4692082073847347e+18,nan,19.363224715036687,30.0,nan,0
411507264,1.469876706417081e+18,nan,19.453215,1.0,2025-11-05,1
134387911,1.468340804242932e+18,nan,19.47137,1.0,2024-11-30,0
360931731,1.4697238968413972e+18,nan,19.35962,1.0,2026-04-11,15
238790589,1.6320286298669484e+18,nan,19.41436,2.0,2026-05-30,8
64800096,1.4627674389028106e+18,nan,19.32404267964729,1.0,nan,0
262162645,1.4693861927333665e+18,nan,19.41560201962617,1.0,2026-05-28,24
206888201,1.4631550552110031e+18,nan,19.41551,1.0,2026-05-25,55
127917683,1.462934747075186e+18,nan,19.41613284511376,1.0,2026-03-23,5
127917683,1.462934747075186e+18,nan,19.416664073709605,1.0,2026-05-17,13
261318312,1.6878903684775846e+18,nan,19.41712702971304,2.0,nan,0
284997200,1.4694912960470444e+18,nan,19.37551,1.0,2026-03-27,26
132692930,1.6764856163963505e+18,nan,19.3459856,1.0,2026-05-24,2
104026015,1.700943170346867e+18,nan,19.44871,1.0,2026-06-08,1
369265858,1.4697460115432256e+18,nan,19.337347038534467,1.0,2026-06-03,28
86392849,1.4628399718101184e+18,nan,19.33966,1.0,2022-07-27,0
222913428,1.4691810574907215e+18,nan,19.4106731,1.0,2026-05-31,64
225442181,1.469197919690046e+18,nan,19.46026,30.0,2019-10-01,0
429129853,1.4699443448538765e+18,nan,19.45790546968632,5.0,2026-05-31,9
124413818,1.4682559231270884e+18,nan,19.30032,1.0,2026-05-31,90
338492852,1.6388987132592212e+18,nan,19.31229,1.0,nan,0
411254705,1.4698758181297871e+18,nan,19.316860551565547,1.0,2026-05-25,20
109505227,1.4673254969547238e+18,nan,19.30861,1.0,2026-01-28,8
1678675315532753188,1.678676023066197e+18,nan,19.30524,1.0,2026-06-11,5
380435469,1.469777336716598e+18,nan,19.302538,2.0,2026-05-03,12
400206005,1.4636145048959178e+18,nan,19.308898440643667,1.0,2026-05-22,28
206495014,1.46907712672686e+18,nan,19.30527877807617,1.0,2026-06-14,29
1669278541852690842,1.669278634108048e+18,nan,19.3079582334586,1.0,nan,0
1669278541852690842,1.669278634108048e+18,nan,19.30743,1.0,nan,0
1669278541852690842,1.669278634108048e+18,nan,19.31945,1.0,nan,0
134702781,1.4629502312668209e+18,nan,19.3078871,1.0,2026-06-12,10
750909613,1.639379274323018e+18,nan,19.30018,1.0,2026-06-11,1
96322077,1.5840524472176223e+18,nan,19.31603,2.0,nan,0
1669278541852690842,1.669278634108048e+18,nan,19.32049,1.0,nan,0
439398165,1.6838005712678528e+18,nan,19.29462313177399,1.0,nan,0
270542827,1.4694289947509348e+18,nan,19.30354,2.0,2022-12-17,0
465897933,1.4701001006743186e+18,nan,19.37562,2.0,2026-06-12,25
111921931,1.4673519934078886e+18,nan,19.3805,5.0,2018-04-30,0
256220665,1.4693539135071183e+18,nan,19.38015,1.0,nan,0
145230124,1.4684278897872466e+18,nan,19.413368848697733,1.0,2026-06-08,13
207181572,1.469080882340107e+18,nan,19.29614664361921,1.0,2026-05-30,5
474908046,1.4701413098054124e+18,nan,19.4137502,1.0,2026-06-14,54
512476924,1.4703047878626125e+18,nan,19.4115111,2.0,2026-05-10,17
46403005,1.4627032908855542e+18,nan,19.35666,3.0,2026-02-11,4
47529826,1.4657170815539564e+18,nan,19.31518,6.0,2026-03-11,5
445119784,1.4700062277134188e+18,nan,19.43102369394409,1.0,2026-06-01,13
164157180,1.5987361807605957e+18,nan,19.388,1.0,2026-06-10,2
104354505,1.4672544096463022e+18,nan,19.414606046756,1.0,2026-05-10,27
236849686,1.469260564798654e+18,nan,19.31484,2.0,2019-03-17,0
682363606,1.4689020709892142e+18,nan,19.40833,2.0,2026-06-11,23
355536592,1.4697099892727068e+18,nan,19.4372861,1.0,2026-05-10,3
373906622,1.4697600976644065e+18,nan,19.410091,1.0,2026-05-29,19
355536592,1.4697099892727068e+18,nan,19.437326,1.0,2022-04-04,0
471892575,1.4701283909712963e+18,nan,19.4381084,1.0,2024-02-26,0
1421181,1.4625179613928325e+18,nan,19.36928,2.0,2026-05-04,10
48683674,1.4627105946734287e+18,nan,19.3877146,2.0,2026-02-23,5
107885741,1.4673071327555044e+18,nan,19.382967142290976,1.0,2026-02-22,8
181544160,1.4687520671208663e+18,nan,19.38789,2.0,2026-04-22,13
212857246,1.4631894152889247e+18,nan,19.40638,1.0,2026-05-11,11
101055644,1.467212735408409e+18,nan,19.40988,2.0,2024-03-18,0
687418622,1.4707154884279173e+18,nan,19.4138773,1.0,2026-05-18,31
94011901,1.4628569852452774e+18,nan,19.362845107372607,1.0,nan,0
101852867,1.4628746895848123e+18,nan,19.40979431819269,1.0,2026-06-10,60
734745415,1.579112652584939e+18,nan,19.4191955,1.0,2026-04-26,41
342962056,1.4696753406560666e+18,nan,19.388803486142574,2.0,2026-05-18,18
137138449,1.4629555966845965e+18,nan,19.38236,1.0,2026-05-11,4
675393465,1.4706907641479962e+18,nan,19.41844644354937,1.0,2026-05-28,18
407300011,1.4698616242195471e+18,nan,19.381407,1.0,2025-06-08,0
755492988,1.6574479469611151e+18,nan,19.303541051786794,1.0,nan,0
182062604,1.4630782344599987e+18,nan,19.40566,1.0,2026-05-02,5
1697296671955025415,1.697342677203295e+18,nan,19.41320792918566,1.0,nan,0
379888343,1.463567163483679e+18,nan,19.4164882,1.0,2026-05-30,52
191788117,1.6915102177669573e+18,nan,19.4105074,1.0,nan,0
690468735,1.4955912825357778e+18,nan,19.40531,1.0,2026-05-29,25
220443608,1.4691636261333952e+18,nan,19.295836926143625,1.0,nan,0
55447102,1.4659086920741752e+18,nan,19.40724,1.0,2019-03-18,0
479953374,1.4638008859199488e+18,nan,19.41786,2.0,2026-05-08,21
43538318,1.4656464854545083e+18,nan,19.4358015,1.0,2026-06-14,123
329615350,1.4696322165600248e+18,nan,19.41885,1.0,2026-05-08,10
176682857,1.4687117658826906e+18,nan,19.43368,1.0,2026-05-31,112
241976123,1.4692852578501064e+18,nan,19.38462,2.0,2024-08-18,0
182766728,1.4687632586255557e+18,nan,19.436765424206836,1.0,2026-06-01,69
298615909,1.4695353798507574e+18,nan,19.41790057516762,1.0,2026-05-10,4
74372661,1.466915580584617e+18,nan,19.41835,1.0,2022-06-29,0
452275244,1.4700357923769326e+18,nan,19.38781,1.0,nan,0
108589107,1.467315544685726e+18,nan,19.4345,1.0,2026-06-07,68
167030060,1.463034204498584e+18,nan,19.45932,2.0,2026-05-18,24
113317162,1.4681714571241556e+18,nan,19.44976213561337,1.0,2026-06-14,49
24977518,1.4626316305968084e+18,nan,19.31548,2.0,nan,0
253382745,1.4693419030255132e+18,nan,19.44412,1.0,2026-05-30,37
20079494,1.4630988036656676e+18,nan,19.4533825,2.0,nan,0
177739479,1.4687198723133768e+18,nan,19.44518,1.0,2026-05-31,28
75113827,1.4628145142893138e+18,nan,19.459,1.0,2026-02-11,7
662226811,1.4706623164936998e+18,nan,19.44709842938964,1.0,2026-05-09,10
544101116,1.470436812697931e+18,nan,19.4364153,1.0,2026-05-28,20
351757117,1.4697019252200307e+18,nan,19.45929,2.0,2026-05-11,14
31178224,1.4654587677233364e+18,nan,19.42317,2.0,2026-05-28,11
476416470,1.470147452442091e+18,nan,19.4184448,1.0,2026-05-30,32
704775099,1.4707505155336717e+18,nan,19.35716,1.0,2026-06-14,88
555991522,1.4704828956219827e+18,nan,19.352767306172684,2.0,2026-05-31,3
273428710,1.4694428044253417e+18,nan,19.36060905456543,1.0,2026-06-12,55
756619991,1.6626198433579878e+18,nan,19.4070148,1.0,2026-05-30,11
165114307,1.4686038353995e+18,nan,19.40924,1.0,2026-06-13,148
598211576,1.516892869292074e+18,nan,19.40990215715474,1.0,2026-05-29,9
221783176,1.4691728908166292e+18,nan,19.36124,2.0,2026-06-14,58
752893912,1.6473155225924987e+18,nan,19.30257,2.0,2026-06-12,12
704775099,1.4707505155336717e+18,nan,19.3569,1.0,2026-06-13,118
552605802,1.4706281155108838e+18,nan,19.3065513,2.0,2026-04-24,9
394314962,1.463600901720414e+18,nan,19.35499254858548,2.0,2026-05-16,16
548314227,1.470452980287551e+18,nan,19.3613082,1.0,2026-04-25,16
709474328,1.6088410606273475e+18,nan,19.30049699795041,1.0,nan,0
165114307,1.4686038353995e+18,nan,19.411318734640453,1.0,2026-06-14,109
580833607,1.4705879042116826e+18,nan,19.32000233994811,1.0,2026-05-17,1
395161626,1.4698222594705185e+18,nan,19.38936,2.0,2025-07-07,1
1672127635697756187,1.6968333567976643e+18,nan,19.3828712,1.0,nan,0
42436205,1.4656309244042913e+18,nan,19.3537052,2.0,2026-06-10,11
375724524,1.4635589970948654e+18,nan,19.312974961256337,1.0,2026-06-12,36
49027779,1.4627116987238556e+18,nan,19.38655,1.0,2026-06-13,81
333677533,1.4696440203175708e+18,nan,19.41892,2.0,2026-05-30,10
81303145,1.4879073386556385e+18,nan,19.412344939112263,1.0,2026-05-30,33
706409374,1.4710688974309898e+18,nan,19.389727650690062,1.0,2026-06-07,8
391972863,1.4698123276783946e+18,nan,19.4381084,1.0,2026-02-22,1
81303145,1.4879073386556385e+18,nan,19.412346,1.0,2026-06-07,25
5867085,1.4626916658422966e+18,nan,19.38430773117911,2.0,2026-06-12,43
738325621,1.6706736350744855e+18,nan,19.3085,1.0,2026-05-30,1
114621602,1.4681804006956657e+18,nan,19.4190632,1.0,2026-05-19,39
284602243,1.4694896629172987e+18,nan,19.44609332267077,2.0,2026-02-23,1
195213399,1.4690173552809124e+18,nan,19.45281112404773,1.0,2025-11-09,4
18151616,1.462605052757158e+18,nan,19.35313,2.0,2026-06-09,18
66583431,1.4668226473241055e+18,nan,19.36260414123535,1.0,2026-05-30,26
39260522,1.4655863383395779e+18,nan,19.362525486695287,1.0,2026-04-19,61
11480508,1.462578702362991e+18,nan,19.37019483907165,1.0,2026-06-07,1
679743178,1.4706999876184425e+18,nan,19.361426669217234,1.0,2026-05-31,5
467838160,1.4701092966629793e+18,nan,19.4298076,1.0,2026-06-12,25
117514394,1.4682024610051512e+18,nan,19.3625152,2.0,2026-06-01,21
147704999,1.4684479953365437e+18,nan,19.352812713603115,1.0,2026-05-31,33
452306427,1.4700359009587354e+18,nan,19.4306206,1.0,2026-05-14,1
29805612,1.465439394774132e+18,nan,19.3626045,2.0,2026-05-17,2
204827560,1.4690685902729748e+18,nan,19.35623,2.0,2026-05-02,19
70715528,1.4668753331021565e+18,nan,19.43336,7.0,2026-05-24,5
147704999,1.4684479953365437e+18,nan,19.35248565673828,1.0,2026-06-07,41
422351629,1.469916692758105e+18,nan,19.41992,1.0,2026-06-13,14
113054600,1.4673637801034168e+18,nan,19.367645,1.0,2026-05-24,40
438770252,1.469982164154614e+18,nan,19.36389,2.0,2026-06-09,56
6890179,1.4625477519663967e+18,nan,19.3518,2.0,2026-06-01,5
242787012,1.469288733249397e+18,nan,19.368025975197156,2.0,2026-06-14,1
33040363,1.4654838372831908e+18,nan,19.37643,2.0,2026-06-08,25
245618000,1.469303049838667e+18,nan,19.3684701,1.0,2026-06-05,5
171155292,1.46866305866056e+18,nan,19.35398,1.0,2024-10-28,0
105070007,1.467262905561417e+18,nan,19.36212,1.0,2025-03-17,0
359265212,1.4697199860406103e+18,nan,19.4307831,1.0,2026-06-05,22
280717691,1.469476363489036e+18,nan,19.38654,2.0,2021-07-17,0
51528289,1.4627200392200532e+18,nan,19.3843,1.0,2026-05-12,29
113054600,1.4673637801034168e+18,nan,19.367645,1.0,2026-06-06,40
18256545,1.462605448785316e+18,nan,19.41176,1.0,2025-12-23,10
488530391,1.4701986211839736e+18,nan,19.40645,2.0,2026-06-07,19
27640175,1.4654081428947036e+18,nan,19.35965413004403,1.0,2026-02-05,3
429812787,1.4699472263228344e+18,nan,19.401277397354093,1.0,2025-10-31,1
476671360,1.470148515824581e+18,nan,19.4086123,1.0,2026-05-24,17
87174743,1.467048567805084e+18,nan,19.4079,1.0,2026-05-27,58
517717031,1.4703292677143757e+18,nan,19.4307762,1.0,2026-05-11,52
359265212,1.4697199860406103e+18,nan,19.4307831,1.0,2026-06-13,123
485805036,1.4638149972750994e+18,nan,19.39729637353558,1.0,2026-03-28,25
72881918,1.4628091649276273e+18,nan,19.36712,2.0,2026-03-01,6
103150638,1.4672385404023951e+18,nan,19.3647094,2.0,2026-05-30,13
10764020,1.4625757179326413e+18,nan,19.430652618408203,2.0,2026-05-15,5
77194583,1.4669452622876014e+18,nan,19.371886499247328,2.0,2026-03-15,8
88227612,1.4670596156872735e+18,nan,19.37484,1.0,2026-02-28,3
220011425,1.4632058645613225e+18,nan,19.447477490863587,1.0,2026-05-30,43
51704171,1.4658108459318433e+18,nan,19.407601484336155,1.0,2025-12-24,10
687477229,1.5466516538783145e+18,nan,19.38646,1.0,2025-12-22,1
56515326,1.4659247862249772e+18,nan,19.45079,2.0,2026-06-14,9
88603284,1.4628448124034583e+18,nan,19.45914,2.0,2026-03-21,15
227689802,1.4632272051737705e+18,nan,19.4206,2.0,2020-07-25,0
105070007,1.467262905561417e+18,nan,19.36114,1.0,2024-09-16,0
458248115,1.470063379803413e+18,nan,19.3809507,1.0,2026-05-10,11
147341052,1.4629777837142492e+18,nan,19.38552,3.0,2026-06-15,22
706409374,1.4710688974309898e+18,nan,19.38846,1.0,2026-05-31,37
706409374,1.4710688974309898e+18,nan,19.39025,1.0,2026-06-08,11
192344889,1.67128990496042e+18,nan,19.43368717690029,1.0,2026-06-15,26
596823371,1.4706285557748065e+18,nan,19.4479818,1.0,2026-04-24,1
55157241,1.4659041961512366e+18,nan,19.44712,1.0,2026-05-24,11
431645813,1.4699543228280978e+18,nan,19.34902,2.0,2026-06-13,41
87174743,1.467048567805084e+18,nan,19.4085113,1.0,2026-05-31,87
573744120,1.46388598567468e+18,nan,19.406979257744112,4.0,nan,0
87174743,1.467048567805084e+18,nan,19.40894,1.0,2026-06-02,67
185822587,1.4689611885854098e+18,nan,19.34106,4.0,2026-05-04,10
594433422,1.470623027661888e+18,nan,19.41038642465433,5.0,2026-05-05,12
61991655,1.4667627467571922e+18,nan,19.3654881,3.0,nan,0
445119784,1.4700062277134188e+18,nan,19.4320205,1.0,2026-05-31,12
164898812,1.468602086496344e+18,nan,19.437651638877465,2.0,2026-05-24,6
376900102,1.4635617413576366e+18,nan,19.43137,5.0,nan,0
401143520,1.4698408612372534e+18,nan,19.35812,4.0,2026-03-05,4
122297119,1.4629226094278638e+18,nan,19.29663,2.0,2026-05-30,11
159787885,1.4685548015645048e+18,nan,19.3002537,1.0,nan,0
1669278541852690842,1.669278634108048e+18,nan,19.30798,1.0,nan,0
110805631,1.46733969175231e+18,nan,19.36133,1.0,2024-11-25,0
59226973,1.6757527022678477e+18,nan,19.2996689182823,5.0,nan,0
35042188,1.4655172938094664e+18,nan,19.29447,2.0,2025-07-04,1
543049715,1.6047346954781128e+18,nan,19.30488538797472,3.0,nan,0
142610404,1.4684076725389711e+18,nan,19.3011601,2.0,2021-11-01,0
30439208,1.6406555447206085e+18,nan,19.3059608,2.0,nan,0
64616078,1.4667989796840466e+18,nan,19.30188,1.0,2026-06-05,12
320391324,1.4696068812217108e+18,nan,19.3043,15.0,2026-02-28,1
239413092,1.4692735121231421e+18,nan,19.307832717895508,1.0,2022-11-05,0
207181572,1.469080882340107e+18,nan,19.29975,1.0,2025-05-31,0
5755202,1.4625421823285827e+18,nan,19.41717,3.0,2026-02-15,4
64363285,1.4627662810591785e+18,nan,19.33735,3.0,2025-08-17,1
48717020,1.4657391133531343e+18,nan,19.29977,1.0,2024-09-14,0
1101160,1.462536975026653e+18,nan,19.34422361888885,1.0,2026-06-15,33
73566856,1.4628107887378877e+18,nan,19.35702,3.0,2026-02-23,11
187877272,1.468973149875552e+18,nan,19.3908,4.0,2025-02-24,0
104960131,1.4672614216491786e+18,nan,19.4157,6.0,2026-03-01,4
309565930,1.4695767464390769e+18,nan,19.4334532,1.0,2026-05-29,11
176655506,1.4687115931379013e+18,nan,19.34907,6.0,2025-12-03,3
492632094,1.5929859023375836e+18,nan,19.41797,1.0,2026-06-14,1
234244580,1.4692475097907648e+18,nan,19.3404,4.0,2025-11-05,3
243326419,1.4692914988330624e+18,nan,19.3391858,2.0,2026-06-01,14
119604483,1.4682188839815816e+18,nan,19.41183,3.0,2026-05-30,19
361986239,1.4697267977912988e+18,nan,19.43918,1.0,2026-05-30,48
103902982,1.4628798806101007e+18,nan,19.41115,1.0,2026-05-24,7
385855627,1.5350115818390356e+18,nan,19.4075627,2.0,2026-05-08,20
296122136,1.4695260525967647e+18,nan,19.41696,3.0,2024-08-25,0
295017171,1.4695224333094769e+18,nan,19.40780858057979,1.0,2026-05-29,11
177739479,1.4687198723133768e+18,nan,19.44512,1.0,2026-05-31,14
401143520,1.4698408612372534e+18,nan,19.340318432464745,5.0,2026-05-29,4
163621127,1.4685921559075423e+18,nan,19.36150660333489,3.0,2026-03-07,12
36932822,1.4626735968341704e+18,nan,19.425644126330823,1.0,2026-04-01,6
51187314,1.4627189516873797e+18,nan,19.43507,1.0,2026-06-02,141
434403021,1.4699656878383493e+18,nan,19.37281186639485,5.0,2026-05-11,14
235572516,1.4692539785245583e+18,nan,19.38988876342773,2.0,2026-04-16,8
27640175,1.4654081428947036e+18,nan,19.3613132250084,30.0,nan,0
24376629,1.4652873985200092e+18,nan,19.39328,3.0,2026-06-12,25
150172688,1.4684775447368284e+18,nan,19.416353656078535,3.0,2026-05-11,1
663218672,1.470728531370662e+18,nan,19.43850939888014,1.0,2026-05-31,107
157362908,1.4630006263737677e+18,nan,19.4171012,2.0,2026-03-07,5
120948572,1.468229564566941e+18,nan,19.38848,30.0,2026-03-16,1
359069122,1.4697194841170355e+18,nan,19.444852811855625,3.0,2025-04-05,0
19927450,1.4630948261038316e+18,nan,19.35317,2.0,2026-05-25,14
1677902069052024833,1.6779122678333501e+18,nan,19.38215,1.0,nan,0
104036670,1.4672489604943729e+18,nan,19.374059635441213,2.0,2025-04-04,0
15219834,1.4629571393135368e+18,nan,19.4309039,1.0,2026-04-15,3
467838160,1.4701092966629793e+18,nan,19.4298076,1.0,2026-06-12,9
59256830,1.4627422330807805e+18,nan,19.3048617,2.0,2026-04-12,3
118905414,1.4682135075309814e+18,nan,19.4223,2.0,2025-12-24,3
228124541,1.5212429075741645e+18,nan,19.4253159,2.0,2026-05-30,17
127227030,1.462933149278666e+18,nan,19.44095143491465,2.0,2026-06-10,27
42436205,1.4656309244042913e+18,nan,19.3963902,1.0,2026-05-11,8
692891139,1.47072703526122e+18,nan,19.3963902,1.0,2026-01-18,6
480331107,1.4701634231183286e+18,nan,19.44571,2.0,2026-04-22,16
200416849,1.469045810158265e+18,nan,19.42023849803817,1.0,nan,0
101677181,1.4672199333950825e+18,nan,19.42241,2.0,2023-11-20,0
31256530,1.462654432974061e+18,nan,19.40246,2.0,2026-02-22,5
570240467,1.469719329165225e+18,nan,19.3998,2.0,2026-05-29,6
564046521,1.4705149926408264e+18,nan,19.423137350222035,1.0,nan,0
427999226,1.6818905583420544e+18,nan,19.452676832802425,1.0,nan,0
550887233,1.6301841821976394e+18,nan,19.453491111152022,1.0,2026-05-31,4
192656053,1.4690019648729828e+18,nan,19.45447,2.0,2026-06-11,44
157733191,1.4630015455591053e+18,nan,19.4586,1.0,2018-11-15,0
3919211,1.462532572654125e+18,nan,19.35869,2.0,2026-05-01,38
207240505,1.463155906889771e+18,nan,19.46114,1.0,2026-05-10,2
505454467,1.5331021335850074e+18,nan,19.458604270249374,1.0,2026-06-15,1
476155350,1.4701463758014559e+18,nan,19.456671992812005,1.0,2026-05-23,4
238117327,1.4692670580293376e+18,nan,19.44168366458709,1.0,2026-06-14,46
127917683,1.462934747075186e+18,nan,19.448970153993347,1.0,2026-06-13,41
373403655,1.6534261819269164e+18,nan,19.44851,2.0,2026-06-07,9
105068974,1.462882979250849e+18,nan,19.33519,2.0,2026-06-01,21
402645901,1.4698458793819208e+18,nan,19.3387227,1.0,2026-06-15,12
510559550,1.5096336284630715e+18,nan,19.3819341,1.0,2026-05-31,12
663139744,1.470664348001683e+18,nan,19.347656,1.0,2026-06-01,21
21734925,1.4631626825310382e+18,nan,19.3833035,1.0,2026-05-30,15
541272314,1.470425545096367e+18,nan,19.425449247534075,1.0,2026-05-30,11
9651335,1.462819716286762e+18,nan,19.34076,1.0,2026-06-02,80
274103561,1.4633595624413783e+18,nan,19.3837047,1.0,2026-06-15,34
14802955,1.4629472536508234e+18,nan,19.381637412859,2.0,2026-06-14,33
227930351,1.469214016948448e+18,nan,19.38031005859375,1.0,2026-06-05,103
276377520,1.469457340290503e+18,nan,19.42555,1.0,2026-06-01,25
34171966,1.4655006692000573e+18,nan,19.34691,1.0,2026-06-10,25
151960705,1.7010907995070141e+18,nan,19.38566,1.0,nan,0
23944392,1.4652808870916536e+18,nan,19.34064,2.0,2024-05-05,0
143419720,1.4684137981918804e+18,nan,19.38070157839704,1.0,2026-06-05,26
2925853,1.4625270719270067e+18,nan,19.35196,2.0,2026-06-07,35
42961535,1.465637934023155e+18,nan,19.370103570608205,1.0,2026-05-31,56
756861824,1.6639082809741212e+18,nan,19.3805396,1.0,2026-06-14,10
514014891,1.4703119978225119e+18,nan,19.3543216,1.0,2026-06-06,92
476578507,1.4637931176414897e+18,nan,19.39739,1.0,2026-06-03,61
217634117,1.4632005033251973e+18,nan,19.30394,2.0,2022-12-11,0
221486877,1.4677610930986107e+18,nan,19.35798,1.0,2026-03-30,7
180369452,1.4687413110322668e+18,nan,19.3976426,2.0,2026-05-31,25
734477037,1.5779148802150605e+18,nan,19.3930659,1.0,2026-06-14,8
217940287,1.469146452336322e+18,nan,19.4245128,1.0,2026-06-14,77
389985876,1.4698062943322294e+18,nan,19.42606,1.0,nan,0
103258353,1.4672398632052838e+18,nan,19.40093,1.0,2026-05-10,17
4458570,1.4625356928465536e+18,nan,19.42196112920528,1.0,2026-06-15,77
110880637,1.467340535210666e+18,nan,19.38178987339572,1.0,2026-05-10,13
122695820,1.4629234471337964e+18,nan,19.426045529115616,2.0,2026-05-28,3
139929791,1.4683857176181622e+18,nan,19.420392327616607,1.0,2026-05-30,13
22164738,1.463173107837264e+18,nan,19.38601317395579,2.0,nan,0
66522047,1.466821967464911e+18,nan,19.39736,1.0,2026-06-12,39
34217241,1.4655015018156477e+18,nan,19.36272,1.0,2026-05-10,11
468916737,1.4701142888442714e+18,nan,19.392602336290185,1.0,2026-05-31,91
535062567,1.470401063582363e+18,nan,19.35341,1.0,2026-05-31,42
362215255,1.4635296016761664e+18,nan,19.4242,1.0,2026-05-03,25
102154294,1.467225983266899e+18,nan,19.3706432,2.0,2026-05-18,22
29940140,1.4654411610980173e+18,nan,19.34219,2.0,2026-03-15,4
14802955,1.4629472536508234e+18,nan,19.38149975401842,2.0,2026-06-13,26
121577157,1.5595615399592087e+18,nan,19.391425820106317,2.0,2026-06-07,27
166892807,1.4686169149372252e+18,nan,19.38327,2.0,2026-05-20,19
285297238,1.4633819704623373e+18,nan,19.3802949,2.0,2026-01-31,2
28628593,1.4654225323476288e+18,nan,19.4261448,1.0,2026-05-24,35
19806027,1.463091413164352e+18,nan,19.344244727067974,2.0,2026-04-30,8
67109868,1.4668292847474378e+18,nan,19.4017462,1.0,nan,0
211773688,1.4691056155052623e+18,nan,19.3695,1.0,2026-05-03,30
163626571,1.4685921837487068e+18,nan,19.38042,1.0,2022-05-20,0
121046636,1.4682303305775222e+18,nan,19.441809826282174,1.0,2026-06-13,24
496992250,1.4638400361220088e+18,nan,19.443094900990697,2.0,2026-06-01,1
13283508,1.7045171353667185e+18,nan,19.44270593489248,1.0,nan,0
250743738,1.4693291111275666e+18,nan,19.3722301,1.0,2026-05-09,4
114517503,1.4681797273755167e+18,nan,19.3928,2.0,2026-05-11,22
332024069,1.4696397014871255e+18,nan,19.37381,2.0,2025-10-04,4
27640175,1.4654081428947036e+18,nan,19.35881,1.0,nan,0
27640175,1.4654081428947036e+18,nan,19.35738,1.0,2025-11-22,2
425028857,1.4699275064094546e+18,nan,19.44708,1.0,2026-06-02,26
1937076,1.462582209265972e+18,nan,19.4416785,2.0,2026-05-25,14
510485637,1.4702952752217667e+18,nan,19.4435541,1.0,2026-06-06,14
170416107,1.468646349944795e+18,nan,19.4437274,1.0,2026-05-31,19
218500343,1.4691498260461637e+18,nan,19.35852,1.0,2026-04-15,12
212991892,1.46318973064239e+18,nan,19.38045,1.0,2026-01-17,10
723213780,1.5284600397067052e+18,nan,19.35675,1.0,2026-05-30,6
524366815,1.4703589563665457e+18,nan,19.38437449623091,1.0,2025-02-23,0
417987295,1.469899595354005e+18,nan,19.35292336442133,1.0,2026-05-07,39
31669510,1.6371929095167823e+18,nan,19.374321525583035,1.0,2026-03-26,1
143402387,1.4684136779511427e+18,nan,19.4553324,1.0,2026-05-29,24
731035753,1.5625144926003082e+18,nan,19.355156447629174,1.0,nan,0
94681679,1.4671418990311506e+18,nan,19.44034,2.0,2026-05-31,35
24188530,1.465284383359511e+18,nan,19.38502,2.0,2025-06-21,1
573744120,1.46388598567468e+18,nan,19.3940944,2.0,nan,0
257360517,1.6457171562167265e+18,nan,19.441175708490626,1.0,nan,0
40378638,1.4626843917836756e+18,nan,19.4423077,2.0,2026-06-11,39
12000159,1.462877952935702e+18,nan,19.4431633,2.0,2026-05-03,7
161467253,1.4630109224164111e+18,nan,19.44167,1.0,2026-06-12,72
119643957,1.4682191791529969e+18,nan,19.381808627046187,2.0,2026-05-09,6
298152914,1.6452623752403994e+18,nan,19.35912,1.0,2026-04-17,1
133609729,1.468334404212098e+18,nan,19.37216,1.0,2025-08-25,1
103353276,1.4672409748078118e+18,nan,19.39422,1.0,2025-09-25,6
79648096,1.4669727330276854e+18,nan,19.371203815499605,1.0,2026-05-21,41
9941537,1.4625719364202493e+18,nan,19.38321,3.0,2026-05-30,6
78845670,1.4669648067264182e+18,nan,19.37593,4.0,2026-04-21,5
274280273,1.469447107232925e+18,nan,19.39498,1.0,nan,0
17927167,1.4630321902730524e+18,nan,19.381880052489592,2.0,2026-05-31,11
77407057,1.4669480201361613e+18,nan,19.4192877,2.0,2026-06-09,20
435751537,1.469970974103157e+18,nan,19.4195924,1.0,2026-01-18,9
66952805,1.4668270070622764e+18,nan,19.45094,1.0,2025-12-07,5
72880526,1.4668993733155812e+18,nan,19.38182,3.0,2026-02-10,15
227930351,1.469214016948448e+18,nan,19.3802866038001,1.0,2026-06-08,110
285297238,1.4633819704623373e+18,nan,19.36742,3.0,2026-05-30,2
92498535,1.4628535821686124e+18,nan,19.371732040340035,1.0,2026-04-28,14
46190388,1.46270261506356e+18,nan,19.37862,7.0,2026-04-02,17
18242899,1.4630395318518085e+18,nan,19.3774,4.0,2026-03-31,1
750572585,1.6380906673856712e+18,nan,19.37268,3.0,nan,0
31038748,1.4654568189076972e+18,nan,19.36287,1.0,2025-05-31,0
14085413,1.462588941612415e+18,nan,19.38322,1.0,2025-12-23,4
342784262,1.4696747413472837e+18,nan,19.3839,1.0,2023-12-09,0
89952672,1.467089131060898e+18,nan,19.4553847,2.0,2026-05-19,11
452784285,1.4700377628310671e+18,nan,19.3872378,2.0,2026-06-12,29
30658583,1.4626523439412096e+18,nan,19.36149,2.0,2025-03-26,0
398202528,1.4698316028150879e+18,nan,19.39107,1.0,2026-05-17,14
78358896,1.4669597106751834e+18,nan,19.36864,2.0,2026-05-03,12
423833593,1.4699226845442877e+18,nan,19.38926357454334,1.0,2026-06-07,31
501280853,1.4702541933143813e+18,nan,19.35518,1.0,2026-05-24,17
501280853,1.4702541933143813e+18,nan,19.35535926881179,1.0,2026-02-15,11
54012934,1.4658775085250253e+18,nan,19.44102,1.0,2026-06-08,3
78107089,1.4669569121984845e+18,nan,19.35607,1.0,nan,0
142875486,1.4684097132537871e+18,nan,19.45627,2.0,2026-05-03,1
50082313,1.4657654753455455e+18,nan,19.3883,1.0,2026-05-27,36
433985762,1.4699640426246016e+18,nan,19.44544,2.0,2023-07-25,0
1703112935765740610,1.7031171497354831e+18,nan,19.4462,2.0,nan,0
28042436,1.4654142453888118e+18,nan,19.34683761978576,1.0,2024-07-27,0
94011901,1.4628569852452774e+18,nan,19.3636441,1.0,2026-03-27,9
302431514,1.4695500943910239e+18,nan,19.42601,3.0,2026-06-01,42
423833593,1.4699226845442877e+18,nan,19.384638420474285,1.0,2026-05-24,3
119639286,1.4682191495421937e+18,nan,19.44679,1.0,2017-08-14,0
252368074,1.4693370252960136e+18,nan,19.38576,1.0,2026-06-14,45
31583631,1.4626555588646868e+18,nan,19.44619,2.0,2022-05-21,0
542639341,1.5880010195486943e+18,nan,19.44228,1.0,2026-05-31,8
58873114,1.4667071158111951e+18,nan,19.44053778588484,1.0,2026-05-31,5
571653984,1.4705493270134042e+18,nan,19.4428681,1.0,2026-05-25,32
53645758,1.4627265877185252e+18,nan,19.36454,1.0,2026-06-08,21
368955150,1.469745254695226e+18,nan,19.3891404,2.0,2026-06-08,14
510358440,1.470294714766828e+18,nan,19.3855836,2.0,2026-06-04,23
590025493,1.4638930371819272e+18,nan,19.38749,1.0,2026-06-15,19
159212679,1.6415997934993085e+18,nan,19.38899,2.0,2026-06-01,5
302431514,1.4695500943910239e+18,nan,19.36441,2.0,2026-05-31,21
276724908,1.469458994295565e+18,nan,19.44049,1.0,2026-05-16,10
64989011,1.466803680642009e+18,nan,19.36133514660123,3.0,2025-12-05,4
94011901,1.4628569852452774e+18,nan,19.3636441,1.0,2026-02-01,2
306492383,1.4634261490037765e+18,nan,19.36445,1.0,nan,0
379476485,1.463566643187346e+18,nan,19.3653902,1.0,2025-11-07,1
34007981,1.4654969428291973e+18,nan,19.38973362216454,1.0,2026-06-11,36
201690687,1.4631441477987766e+18,nan,19.44475,2.0,2026-06-01,16
681157484,1.470702839020727e+18,nan,19.4464009,1.0,nan,0
356554689,1.4635183923615127e+18,nan,19.3740532,3.0,2026-05-31,11
254318836,1.463309519304168e+18,nan,19.376681641330112,1.0,2026-05-09,12
4408351,1.4626567010078328e+18,nan,19.35242,3.0,2026-06-08,14
94011901,1.4628569852452774e+18,nan,19.3636441,1.0,2023-09-03,0
176279839,1.4630654326901235e+18,nan,19.36066,6.0,2026-06-16,15
486926564,1.4638177136539515e+18,nan,19.38959874913881,2.0,2026-02-17,12
423833593,1.4699226845442877e+18,nan,19.38426542065987,1.0,2025-01-26,0
423285263,1.4699205206712973e+18,nan,19.4255,4.0,2026-05-31,8
422312073,1.4699165430605827e+18,nan,19.3701498,3.0,2026-04-21,19
453796439,1.4700417705721802e+18,nan,19.44349,1.0,2026-05-07,1
695534166,1.6639722092816888e+18,nan,19.36444,4.0,nan,0
424204469,1.4699242186008087e+18,nan,19.4432,1.0,2026-02-19,3
227689802,1.4632272051737705e+18,nan,19.42135,3.0,2020-08-26,0
305499207,1.4695639653206648e+18,nan,19.38806,1.0,2022-11-17,0
655637258,1.4639053605219067e+18,nan,19.364701932427096,5.0,2026-05-16,5
161190941,1.4685684390401646e+18,nan,19.33544542840885,3.0,2026-03-07,3
27640175,1.4654081428947036e+18,nan,19.35885,30.0,2022-08-27,0
103902982,1.4628798806101007e+18,nan,19.42248,2.0,2026-05-12,3
99947037,1.4672009771200527e+18,nan,19.3512098,1.0,2026-05-19,11
412282079,1.4698793323119626e+18,nan,19.35805,5.0,2022-08-28,0
102635407,1.4672315222340867e+18,nan,19.35118,3.0,2026-06-01,29
105632935,1.4628844222657367e+18,nan,19.3600289,4.0,2026-05-29,15
93809776,1.4628565294707912e+18,nan,19.38252,30.0,nan,0
100707033,1.46287201963208e+18,nan,19.4586,1.0,2026-06-01,25
129347264,1.4629380068112922e+18,nan,19.4217198,4.0,2026-02-18,3
179848125,1.4913782237317023e+18,nan,19.3786042,30.0,nan,0
218354800,1.4691488485056315e+18,nan,19.39122,3.0,2026-05-17,26
344375655,1.4696798592980608e+18,nan,19.44259262084961,1.0,2026-05-19,29
1698699391503142242,1.698701110818483e+18,nan,19.42284,1.0,2026-06-14,1
11736749,1.4628718714177354e+18,nan,19.446566,7.0,2026-02-06,2
443690984,1.4700009579799155e+18,nan,19.442251205444336,4.0,2026-05-12,21
443690984,1.4700009579799155e+18,nan,19.444934844970703,4.0,2026-05-18,20
575443118,1.470571871927353e+18,nan,19.42422,2.0,2026-06-02,15
3777702,1.4625318166387103e+18,nan,19.44262,1.0,2025-09-13,2
575443118,1.470571871927353e+18,nan,19.424249942912148,2.0,2026-06-03,6
44386141,1.465659428501867e+18,nan,19.38751,1.0,nan,0
5126969,1.4625390607403942e+18,nan,19.44177126821279,1.0,2026-04-25,18
24017549,1.4626276144213888e+18,nan,19.34733,1.0,2021-04-01,0
35255741,1.4626680906639173e+18,nan,19.4354943,2.0,2026-05-30,29
442230844,1.469995429751101e+18,nan,19.4369,2.0,2026-06-09,42
88367177,1.4628441940144366e+18,nan,19.43623,2.0,2026-05-24,13
278194828,1.4694657704373036e+18,nan,19.4354943,1.0,2026-05-10,18
695415640,1.4707324565624732e+18,nan,19.4348466172084,1.0,2026-06-12,67
278194828,1.4694657704373036e+18,nan,19.43616,1.0,2026-05-31,11
199582238,1.4690403571897267e+18,nan,19.4284479,1.0,2026-05-12,15
172515000,1.4686745739680046e+18,nan,19.39488,2.0,2026-03-24,4
442710571,1.4699972167036954e+18,nan,19.39316,1.0,2024-11-06,0
168752458,1.4686321824824673e+18,nan,19.39145,2.0,2026-01-03,13
230401874,1.4692284582673457e+18,nan,19.4077474,1.0,2026-05-20,35
411503675,1.5213209858888543e+18,nan,19.41371,2.0,2026-06-12,12
19536217,1.4630807058039101e+18,nan,19.34806,2.0,2026-05-31,57
756048967,1.6596849846828946e+18,nan,19.39042,1.0,nan,0
470800231,1.470123384967586e+18,nan,19.433686085163576,1.0,2026-02-17,2
34697685,1.4655115266449124e+18,nan,19.38784379412112,2.0,2026-05-16,24
192591850,1.4690015400392847e+18,nan,19.34617,1.0,2026-04-24,31
396663177,1.4698269888038733e+18,nan,19.34737488174913,1.0,2026-05-31,34
305180693,1.6886873793247816e+18,nan,19.39855,1.0,2026-06-15,5
578880060,1.4705822771148997e+18,nan,19.4092667,1.0,2025-10-29,3
314492551,1.4634401897479224e+18,nan,19.34865,1.0,2026-05-24,27
1680496209310508695,1.6804965274919918e+18,nan,19.4035523,2.0,2026-05-21,2
36166922,1.4655371610591962e+18,nan,19.392489,2.0,2026-06-12,26
751304989,1.6409620372650232e+18,nan,19.3545594,1.0,2026-06-12,34
96134275,1.4628617691048212e+18,nan,19.40161,1.0,2026-05-20,17
27449159,1.4654051480429292e+18,nan,19.3949898,1.0,2026-06-14,42
245618000,1.469303049838667e+18,nan,19.397542,1.0,2026-04-21,18
597854536,1.5293368692966106e+18,nan,19.3452,2.0,2026-05-26,23
552790671,1.4704704235385134e+18,nan,19.4024549,2.0,2026-05-31,13
50305161,1.4627159574618993e+18,nan,19.4107,2.0,2026-05-10,11
33460525,1.6699106347099382e+18,nan,19.407223034707105,1.0,2026-06-12,2
715370938,1.4951466445387802e+18,nan,19.40563,1.0,2026-05-31,44
173716514,1.468685575330956e+18,nan,19.404686538780727,1.0,2026-05-17,11
1665480876197178125,1.665649399501038e+18,nan,19.4326242,1.0,2026-06-01,33
34007981,1.4654969428291973e+18,nan,19.391483004547432,1.0,2026-05-27,10
58493133,1.462740215596954e+18,nan,19.39317,2.0,2026-05-03,12
9130753,1.4627956582386678e+18,nan,19.430721,1.0,2025-04-20,0
140457316,1.4683897324009518e+18,nan,19.392278825666352,1.0,2026-05-30,24
118417818,1.4629138678802058e+18,nan,19.350434,2.0,2026-05-24,17
455358042,1.4700489285299343e+18,nan,19.3974977,1.0,2026-06-14,8
87358071,1.5769512346403172e+18,nan,19.35131,2.0,2026-06-12,12
688981826,1.470718769217834e+18,nan,19.354875,1.0,2026-06-15,147
671219730,1.4706822884031578e+18,nan,19.39491,1.0,2026-05-03,23
31556288,1.4654638098678154e+18,nan,19.35287,2.0,2026-05-31,20
403856807,1.4698500778444014e+18,nan,19.39346,1.0,2026-06-07,79
131846656,1.4629437365408225e+18,nan,19.35202,1.0,2026-06-12,5
465624508,1.4700986787838646e+18,nan,19.43057,1.0,nan,0
4328315,1.4625349394057108e+18,nan,19.45311,1.0,2026-05-29,30
201662698,1.4631440988087672e+18,nan,19.43468,2.0,2026-05-28,36
355750680,1.4697104056881247e+18,nan,19.3978574,1.0,2026-04-21,16
104795403,1.4672594014688297e+18,nan,19.4019,1.0,2024-07-28,0
5942437,1.4625430904667604e+18,nan,19.404448514367303,1.0,2026-02-22,7
723213780,1.5284600397067052e+18,nan,19.356,1.0,2026-03-12,11
454951290,1.47004677836868e+18,nan,19.35262,1.0,2026-05-28,30
254656781,1.4633104552297815e+18,nan,19.396052678135,2.0,2026-06-14,5
247273693,1.4693116746935933e+18,nan,19.44196,2.0,2024-05-01,0
1687915703206569569,1.687915966627934e+18,nan,19.39236828363999,1.0,2026-06-16,1
9651335,1.462819716286762e+18,nan,19.34243,1.0,2026-05-31,90
97821087,1.4628657327588442e+18,nan,19.34543303300929,2.0,2025-05-12,0
55932548,1.4659165036420224e+18,nan,19.38694,1.0,2026-06-07,29
159355723,1.468551253311442e+18,nan,19.4044149,2.0,2026-06-02,1
662021783,1.4706618781502336e+18,nan,19.39711326038635,1.0,2026-05-30,62
21723831,1.4631624642478684e+18,nan,19.39841,1.0,2026-05-29,34
458439210,1.470064184338687e+18,nan,19.403010451025864,1.0,2026-06-07,31
37516717,1.4655617830152402e+18,nan,19.39684,1.0,2026-06-08,54
1682982261072385016,1.6832008527559506e+18,nan,19.34674587445459,1.0,nan,0
1665480876197178125,1.665649399501038e+18,nan,19.4325694,1.0,2026-06-08,41
1192996,1.462516490007482e+18,nan,19.34367,1.0,2025-11-09,1
790208,1.4625142401895526e+18,nan,19.40663,2.0,2026-04-05,4
496286958,1.4702332827223877e+18,nan,19.3429358,2.0,2026-06-14,35
161922383,1.468575845878287e+18,nan,19.41227,2.0,2026-04-13,7
333035396,1.4696421700786975e+18,nan,19.38612056390484,1.0,2026-06-11,59
65992012,1.4668158553372897e+18,nan,19.39607090388113,2.0,2026-06-07,21
23383553,1.4626250358895593e+18,nan,19.40318,2.0,nan,0
684994243,1.4707104949558106e+18,nan,19.4357574,1.0,2026-05-25,72
12741835,1.46289454174381e+18,nan,19.44355,1.0,2026-05-27,20
519801348,1.4703389026188086e+18,nan,19.4380722,1.0,2026-05-02,29
15219834,1.4629571393135368e+18,nan,19.43629,2.0,2026-05-29,13
52774410,1.680124129788568e+18,nan,19.4400753,1.0,nan,0
596055957,1.4706268640589983e+18,nan,19.43561,1.0,2026-04-25,16
1439513,1.4625458550206167e+18,nan,19.43087660587249,3.0,2026-05-01,14
54364774,1.462728654160864e+18,nan,19.342361011395475,3.0,2026-02-23,5
117471572,1.684472549869113e+18,nan,19.38998136400148,1.0,nan,0
526944374,1.470369537498564e+18,nan,19.438107,1.0,2026-06-09,56
79687062,1.466973121598552e+18,nan,19.43243427628669,3.0,nan,0
1707940,1.4625763074465564e+18,nan,19.41063,4.0,2026-04-04,4
456311378,1.470053626129722e+18,nan,19.35534,3.0,2026-04-26,16
386513936,1.469795447129406e+18,nan,19.43677,1.0,2024-11-24,0
516590014,1.4703239611815872e+18,nan,19.43377,1.0,2026-06-11,18
22758914,1.4626225255590436e+18,nan,19.43800513022957,1.0,2026-04-19,1
65916475,1.462770426114317e+18,nan,19.39054,7.0,2025-11-06,1
17527001,1.46260274163046e+18,nan,19.35265,5.0,2026-05-31,6
521339988,1.4638653340939213e+18,nan,19.3455,4.0,2026-06-13,25
309418028,1.469576160440929e+18,nan,19.38919,5.0,2025-12-18,1
4079778,1.4626468511880586e+18,nan,19.34394,4.0,2023-07-31,0
230954291,1.4632371674509396e+18,nan,19.349197831411605,4.0,2026-05-31,21
102246531,1.4672270767233098e+18,nan,19.34431,5.0,2024-07-01,0
216137112,1.5683298182876447e+18,nan,19.3931221,1.0,2026-03-15,1
69886882,1.466865020959731e+18,nan,19.34741,5.0,nan,0
95162585,1.4628595398598781e+18,nan,19.35531,4.0,2026-04-27,3
27640175,1.4654081428947036e+18,nan,19.38515,1.0,2026-05-16,1
91265490,1.4628507952918508e+18,nan,19.4338,1.0,2026-06-03,74
210167723,1.46909659460937e+18,nan,19.4491295,1.0,2026-03-31,23
168562394,1.4630375568117286e+18,nan,19.34653,1.0,2025-08-31,1
683325678,1.4707069687144e+18,nan,19.44125977566924,1.0,2026-06-03,93
235299724,1.4692526954022612e+18,nan,19.40175219053555,2.0,2026-02-15,9
505809225,1.4702738200703022e+18,nan,19.43399,1.0,2026-05-31,64
439419001,1.4637051347147958e+18,nan,19.39673,1.0,nan,0
448084877,1.5684016460712538e+18,nan,19.40504,1.0,2026-04-20,15
48147848,1.46270890087008e+18,nan,19.44458,2.0,2026-06-07,11
540088138,1.4638718536977472e+18,nan,19.44063,1.0,2026-02-23,5
159355723,1.468551253311442e+18,nan,19.4044149,2.0,2025-10-27,1
159262906,1.536013605863014e+18,nan,19.43768293568785,1.0,2026-05-15,24
398202528,1.4698316028150879e+18,nan,19.392075,1.0,2026-02-15,2
212695504,1.469111134507683e+18,nan,19.40491,1.0,2026-05-11,2
14025860,1.462928762586952e+18,nan,19.39923,2.0,2025-11-25,7
45914314,1.465685765852897e+18,nan,19.450688164474112,1.0,2026-06-11,24
302431514,1.4695500943910239e+18,nan,19.4337438,1.0,2026-05-23,20
742795926,1.6079715101585009e+18,nan,19.45259,2.0,2026-05-25,9
171848036,1.609010457469143e+18,nan,19.45406393624025,2.0,2026-05-31,4
96060539,1.4628615936712172e+18,nan,19.351,2.0,2025-10-27,3
161301984,1.4630102932570342e+18,nan,19.4416133,2.0,2026-05-31,39
710985165,1.478406906576412e+18,nan,19.43724,1.0,2026-06-14,18
4328315,1.4625349394057108e+18,nan,19.45289,1.0,2026-05-12,9
449573191,1.4700246384902705e+18,nan,19.4416133,2.0,2026-05-27,5
66952805,1.4668270070622764e+18,nan,19.45154,2.0,2026-05-03,5
666236827,1.4706717133181074e+18,nan,19.39359831457036,2.0,2026-06-06,14
681157484,1.470702839020727e+18,nan,19.4464009,1.0,nan,0
50864454,1.4657842743788785e+18,nan,19.3928117,1.0,2026-02-01,12
480716713,1.470165086912868e+18,nan,19.4532294,1.0,2026-06-08,3
333035396,1.4696421700786975e+18,nan,19.43832,1.0,2024-11-01,0
571653984,1.4705493270134042e+18,nan,19.441,1.0,2026-06-12,8
248463045,1.4693173691924813e+18,nan,19.39528292705316,1.0,nan,0
470800231,1.470123384967586e+18,nan,19.43363,1.0,2026-05-03,4
276308401,1.4633650861298424e+18,nan,19.441,1.0,2026-06-09,70
725499900,1.5385134073887498e+18,nan,19.44456,2.0,2026-05-31,23
232272315,1.469238145776909e+18,nan,19.43969,1.0,2026-04-30,23
314311018,1.469591996053272e+18,nan,19.44568650454849,1.0,2026-05-29,22
223807517,1.4691872431445066e+18,nan,19.3852655,4.0,2023-03-01,0
24267765,1.4652854821169482e+18,nan,19.3914738,2.0,2026-05-09,11
58493133,1.462740215596954e+18,nan,19.39301,2.0,2026-05-10,21
575443118,1.470571871927353e+18,nan,19.40374,2.0,2026-06-13,12
498701635,1.47024317220322e+18,nan,19.4364499,4.0,2026-03-21,5
261682964,1.4693833681687895e+18,nan,19.349243188482184,2.0,nan,0
79752628,1.4669737093415724e+18,nan,19.386991234967457,3.0,2026-05-30,24
726435565,1.5775511683589443e+18,nan,19.39594,3.0,2025-12-24,1
482204517,1.4701714890229732e+18,nan,19.3866506,1.0,2026-04-23,48
73026196,1.4628095238087299e+18,nan,19.39293,5.0,2026-04-27,5
137741085,1.46836868926987e+18,nan,19.3890726,2.0,2026-05-25,33
95755203,1.46715358624902e+18,nan,19.390125143338054,6.0,2026-05-02,5
376735663,1.4635613236344835e+18,nan,19.3906112,2.0,2026-04-25,1
674773187,1.4706896367527012e+18,nan,19.43118,3.0,2025-09-01,1
52831233,1.4658560703761667e+18,nan,19.3857,7.0,2024-11-25,0
93844466,1.6429606384232827e+18,nan,19.3914512,3.0,nan,0
51771304,1.4658130353837225e+18,nan,19.34441020511831,3.0,2024-11-04,0
495916137,1.4702318902255268e+18,nan,19.4376516,3.0,2026-04-30,7
480716713,1.470165086912868e+18,nan,19.4532294,1.0,2026-03-31,19
212653923,1.4691109090475594e+18,nan,19.38569,1.0,2026-05-16,10
232272315,1.469238145776909e+18,nan,19.4408434,2.0,2026-04-25,1
192477907,1.4631026976081114e+18,nan,19.44252,2.0,2026-06-11,7
113825849,1.4629038889882043e+18,nan,19.442047998275548,3.0,2026-05-23,13
10501977,1.4625745178562778e+18,nan,19.44032385873924,2.0,2026-03-22,11
441787659,1.4699937071702287e+18,nan,19.445795352292148,3.0,2026-05-10,10
6478292,1.4627074401366684e+18,nan,19.4362,3.0,2026-05-26,10
487873827,1.4701955998603054e+18,nan,19.39072,7.0,2026-05-27,25
150172688,1.4684775447368284e+18,nan,19.44077,20.0,nan,0
249127381,1.4879566072407306e+18,nan,19.39121,2.0,2026-05-29,34
286161576,1.4633836484088102e+18,nan,19.3862702,3.0,2026-04-06,2
231665520,1.463239188213773e+18,nan,19.39622,1.0,2025-12-01,13
430208623,1.4699485911750016e+18,nan,19.40557,1.0,2026-06-07,37
259466637,1.4693707855118262e+18,nan,19.395326,2.0,2024-10-28,0
519801348,1.4703389026188086e+18,nan,19.4380722,1.0,2025-11-01,1
461245500,1.470077387221754e+18,nan,19.4416932,1.0,2026-06-02,17
355750680,1.4697104056881247e+18,nan,19.414761,2.0,2026-06-01,1
333035396,1.4696421700786975e+18,nan,19.41745,1.0,2026-06-13,52
38177706,1.4655713428983944e+18,nan,19.437198,3.0,nan,0
452306427,1.4700359009587354e+18,nan,19.4115198,3.0,nan,0
14791549,1.462946967012848e+18,nan,19.36772,365.0,2025-09-20,2
12581631,1.4628910159234235e+18,nan,19.3937,15.0,2025-12-31,2
40798433,1.4656074369723492e+18,nan,19.36952,2.0,2023-12-30,0
32178978,1.4626576770966518e+18,nan,19.42988,2.0,2020-10-28,0
14944735,1.4625922292929324e+18,nan,19.3582,2.0,2023-06-01,0
52578062,1.4658514768752945e+18,nan,19.41806,1.0,2026-06-03,3
48278754,1.4657296306734656e+18,nan,19.396,2.0,2022-11-21,0
12656283,1.4625833423050765e+18,nan,19.40003,1.0,2024-09-07,0
52952556,1.4658577899508856e+18,nan,19.40259,7.0,2025-01-12,0
51937840,1.462721389755817e+18,nan,19.44341,2.0,2023-09-30,0
102872214,1.4672343959582991e+18,nan,19.40478,1.0,2026-06-20,33
61030249,1.4667512998774354e+18,nan,19.434763,1.0,2025-07-27,2
128169929,1.4629353253869133e+18,nan,19.41428,30.0,2023-11-02,0
113302248,1.4681713717228882e+18,nan,19.42162,2.0,2026-06-25,16
142318709,1.4629668199880364e+18,nan,19.41142,2.0,2024-04-01,0
88365870,1.46706119868966e+18,nan,19.42372,1.0,2026-01-14,13
266761758,1.4694105896439913e+18,nan,19.422088623046875,28.0,2025-03-01,0
19698928,1.4630890456991355e+18,nan,19.4221,10.0,2019-10-19,0
297745739,1.469531731487891e+18,nan,19.3576,5.0,2023-11-20,0
31915089,1.4626567658886282e+18,nan,19.43266,3.0,2025-11-10,3
163222259,1.468588368065555e+18,nan,19.35532,2.0,2024-01-06,0
2323816,1.4625235305466557e+18,nan,19.41559,1.0,2025-06-15,0
41638487,1.4656191790968648e+18,nan,19.44457,2.0,2017-06-29,0
137375512,1.4683656866554557e+18,nan,19.29062,3.0,2024-07-09,0
3049870,1.4626163750196495e+18,nan,19.40813,33.0,nan,0
231720086,1.4692354499380582e+18,nan,19.31794,1.0,2026-04-12,6
67744437,1.4627752084195218e+18,nan,19.43493,4.0,2021-11-10,0
62859175,1.46275163552477e+18,nan,19.33791,1.0,2025-11-24,1
154066450,1.4685084682855406e+18,nan,19.4022,365.0,nan,0
2883178,1.462611455927032e+18,nan,19.41757380223379,14.0,nan,0
548707418,1.4638754579980188e+18,nan,19.38691,1.0,2025-09-09,4
678134293,1.4706965198927606e+18,nan,19.40479123652059,1.0,2025-12-21,6
148057643,1.4684507530763543e+18,nan,19.43623,3.0,2024-06-06,0
23468816,1.4626253933020677e+18,nan,19.4240378,1.0,2026-05-21,43
18944029,1.462607719964361e+18,nan,19.39593,1.0,2023-02-27,0
180412274,1.4630745502723592e+18,nan,19.43951666225228,1.0,2024-12-31,0
188950456,1.4689793544337646e+18,nan,19.442864938234067,1.0,2026-05-17,51
208335921,1.469086785576424e+18,nan,19.3919974,2.0,nan,0
150261264,1.4684782270846845e+18,nan,19.42917,2.0,2023-12-03,0
570465888,1.470534772961176e+18,nan,19.41371798594216,2.0,2025-06-02,0
19534579,1.4630806872722788e+18,nan,19.37645,90.0,2025-11-05,4
387423536,1.4697983548428186e+18,nan,19.420378,3.0,2026-05-25,16
739402891,1.5960682271808084e+18,nan,19.41137320144466,1.0,2026-05-28,14
18679005,1.4630589649232975e+18,nan,19.3622451,2.0,2026-04-27,3
